[1790055259.810869] [local:3420 :0]     ucp_context.c:2659 UCX  INFO  Version 1.21.0 (loaded from /usr/local/lib/python3.12/dist-packages/nixl_ep_cu13/../nixl_cu13.libs/libucp-bcc5ee2e.so.0.0.0)
[1790055265.231589] [local:3420 :0]   +--------------------------+-------------------------------------------------------------+
[1790055265.231593] [local:3420 :0]   | ucp_context_0 self cfg#0 | remote memory write by ucp_put* from host memory to host    |
[1790055265.231593] [local:3420 :0]   +--------------------------+--------------------------------------------+----------------+
[1790055265.231594] [local:3420 :0]   |            0..4294967295 | short                                      | cuda_copy/cuda |
[1790055265.231595] [local:3420 :0]   +--------------------------+--------------------------------------------+----------------+
[1790055265.231625] [local:3420 :0]   +--------------------------+------------------------------------------------------------------------------+
[1790055265.231625] [local:3420 :0]   | ucp_context_0 self cfg#0 | remote memory write by ucp_put*(fast-completion) from host memory to host    |
[1790055265.231626] [local:3420 :0]   +--------------------------+-------------------------------------------------------------+----------------+
[1790055265.231627] [local:3420 :0]   |            0..4294967295 | short                                                       | cuda_copy/cuda |
[1790055265.231627] [local:3420 :0]   +--------------------------+-------------------------------------------------------------+----------------+
[1790055265.231654] [local:3420 :0]   +--------------------------+--------------------------------------------------------------------+
[1790055265.231655] [local:3420 :0]   | ucp_context_0 self cfg#0 | remote memory write by ucp_put*(multi) from host memory to host    |
[1790055265.231655] [local:3420 :0]   +--------------------------+---------------------------------------------------+----------------+
[1790055265.231656] [local:3420 :0]   |            0..4294967295 | short                                             | cuda_copy/cuda |
[1790055265.231657] [local:3420 :0]   +--------------------------+---------------------------------------------------+----------------+
[1790055265.231698] [local:3420 :0]   +--------------------------+----------------------------------------------------+
[1790055265.231699] [local:3420 :0]   | ucp_context_0 self cfg#0 | active message by ucp_am_send* from host memory    |
[1790055265.231699] [local:3420 :0]   +--------------------------+-------------------------------------------------+--+
[1790055265.231700] [local:3420 :0]   +--------------------------+-------------------------------------------------+--+
[1790055265.231712] [local:3420 :0]   +--------------------------+--------------------------------------------------------------------+
[1790055265.231713] [local:3420 :0]   | ucp_context_0 self cfg#0 | active message by ucp_am_send* with reply flag from host memory    |
[1790055265.231713] [local:3420 :0]   +--------------------------+-----------------------------------------------------------------+--+
[1790055265.231714] [local:3420 :0]   +--------------------------+-----------------------------------------------------------------+--+
[1790055265.231855] [local:3420 :0]          parser.c:2364 UCX  INFO  UCX_* env variables: UCX_PROTO_INFO=y UCX_LOG_LEVEL=info UCX_LOG_FILE=/results/default-a/ucx-decode.%p.log UCX_RCACHE_MAX_UNRELEASED=1024
[1790055265.631165] [local:3420 :0]   +--------------------------+-------------------------------------------------------------+
[1790055265.631169] [local:3420 :0]   | ucp_context_0 self cfg#0 | remote memory write by ucp_put* from host memory to host    |
[1790055265.631170] [local:3420 :0]   +--------------------------+--------------------------------------------+----------------+
[1790055265.631171] [local:3420 :0]   |            0..4294967295 | short                                      | cuda_copy/cuda |
[1790055265.631172] [local:3420 :0]   +--------------------------+--------------------------------------------+----------------+
[1790055265.631221] [local:3420 :0]   +--------------------------+------------------------------------------------------------------------------+
[1790055265.631222] [local:3420 :0]   | ucp_context_0 self cfg#0 | remote memory write by ucp_put*(fast-completion) from host memory to host    |
[1790055265.631223] [local:3420 :0]   +--------------------------+-------------------------------------------------------------+----------------+
[1790055265.631223] [local:3420 :0]   |            0..4294967295 | short                                                       | cuda_copy/cuda |
[1790055265.631224] [local:3420 :0]   +--------------------------+-------------------------------------------------------------+----------------+
[1790055265.631251] [local:3420 :0]   +--------------------------+--------------------------------------------------------------------+
[1790055265.631252] [local:3420 :0]   | ucp_context_0 self cfg#0 | remote memory write by ucp_put*(multi) from host memory to host    |
[1790055265.631253] [local:3420 :0]   +--------------------------+---------------------------------------------------+----------------+
[1790055265.631253] [local:3420 :0]   |            0..4294967295 | short                                             | cuda_copy/cuda |
[1790055265.631254] [local:3420 :0]   +--------------------------+---------------------------------------------------+----------------+
[1790055265.631307] [local:3420 :0]   +--------------------------+----------------------------------------------------+
[1790055265.631307] [local:3420 :0]   | ucp_context_0 self cfg#0 | active message by ucp_am_send* from host memory    |
[1790055265.631308] [local:3420 :0]   +--------------------------+-------------------------------------------------+--+
[1790055265.631309] [local:3420 :0]   +--------------------------+-------------------------------------------------+--+
[1790055265.631320] [local:3420 :0]   +--------------------------+--------------------------------------------------------------------+
[1790055265.631321] [local:3420 :0]   | ucp_context_0 self cfg#0 | active message by ucp_am_send* with reply flag from host memory    |
[1790055265.631321] [local:3420 :0]   +--------------------------+-----------------------------------------------------------------+--+
[1790055265.631322] [local:3420 :0]   +--------------------------+-----------------------------------------------------------------+--+
[1790055265.985144] [local:3420 :0]   +--------------------------+-------------------------------------------------------------+
[1790055265.985147] [local:3420 :0]   | ucp_context_0 self cfg#0 | remote memory write by ucp_put* from host memory to host    |
[1790055265.985148] [local:3420 :0]   +--------------------------+--------------------------------------------+----------------+
[1790055265.985149] [local:3420 :0]   |            0..4294967295 | short                                      | cuda_copy/cuda |
[1790055265.985149] [local:3420 :0]   +--------------------------+--------------------------------------------+----------------+
[1790055265.985174] [local:3420 :0]   +--------------------------+------------------------------------------------------------------------------+
[1790055265.985174] [local:3420 :0]   | ucp_context_0 self cfg#0 | remote memory write by ucp_put*(fast-completion) from host memory to host    |
[1790055265.985175] [local:3420 :0]   +--------------------------+-------------------------------------------------------------+----------------+
[1790055265.985176] [local:3420 :0]   |            0..4294967295 | short                                                       | cuda_copy/cuda |
[1790055265.985176] [local:3420 :0]   +--------------------------+-------------------------------------------------------------+----------------+
[1790055265.985199] [local:3420 :0]   +--------------------------+--------------------------------------------------------------------+
[1790055265.985200] [local:3420 :0]   | ucp_context_0 self cfg#0 | remote memory write by ucp_put*(multi) from host memory to host    |
[1790055265.985216] [local:3420 :0]   +--------------------------+---------------------------------------------------+----------------+
[1790055265.985216] [local:3420 :0]   |            0..4294967295 | short                                             | cuda_copy/cuda |
[1790055265.985217] [local:3420 :0]   +--------------------------+---------------------------------------------------+----------------+
[1790055265.985252] [local:3420 :0]   +--------------------------+----------------------------------------------------+
[1790055265.985253] [local:3420 :0]   | ucp_context_0 self cfg#0 | active message by ucp_am_send* from host memory    |
[1790055265.985253] [local:3420 :0]   +--------------------------+-------------------------------------------------+--+
[1790055265.985254] [local:3420 :0]   +--------------------------+-------------------------------------------------+--+
[1790055265.985263] [local:3420 :0]   +--------------------------+--------------------------------------------------------------------+
[1790055265.985264] [local:3420 :0]   | ucp_context_0 self cfg#0 | active message by ucp_am_send* with reply flag from host memory    |
[1790055265.985264] [local:3420 :0]   +--------------------------+-----------------------------------------------------------------+--+
[1790055265.985265] [local:3420 :0]   +--------------------------+-----------------------------------------------------------------+--+
[1790055266.372230] [local:3420 :0]   +--------------------------+-------------------------------------------------------------+
[1790055266.372234] [local:3420 :0]   | ucp_context_0 self cfg#0 | remote memory write by ucp_put* from host memory to host    |
[1790055266.372235] [local:3420 :0]   +--------------------------+--------------------------------------------+----------------+
[1790055266.372236] [local:3420 :0]   |            0..4294967295 | short                                      | cuda_copy/cuda |
[1790055266.372237] [local:3420 :0]   +--------------------------+--------------------------------------------+----------------+
[1790055266.372279] [local:3420 :0]   +--------------------------+------------------------------------------------------------------------------+
[1790055266.372280] [local:3420 :0]   | ucp_context_0 self cfg#0 | remote memory write by ucp_put*(fast-completion) from host memory to host    |
[1790055266.372281] [local:3420 :0]   +--------------------------+-------------------------------------------------------------+----------------+
[1790055266.372282] [local:3420 :0]   |            0..4294967295 | short                                                       | cuda_copy/cuda |
[1790055266.372283] [local:3420 :0]   +--------------------------+-------------------------------------------------------------+----------------+
[1790055266.372314] [local:3420 :0]   +--------------------------+--------------------------------------------------------------------+
[1790055266.372314] [local:3420 :0]   | ucp_context_0 self cfg#0 | remote memory write by ucp_put*(multi) from host memory to host    |
[1790055266.372315] [local:3420 :0]   +--------------------------+---------------------------------------------------+----------------+
[1790055266.372316] [local:3420 :0]   |            0..4294967295 | short                                             | cuda_copy/cuda |
[1790055266.372316] [local:3420 :0]   +--------------------------+---------------------------------------------------+----------------+
[1790055266.372359] [local:3420 :0]   +--------------------------+----------------------------------------------------+
[1790055266.372360] [local:3420 :0]   | ucp_context_0 self cfg#0 | active message by ucp_am_send* from host memory    |
[1790055266.372360] [local:3420 :0]   +--------------------------+-------------------------------------------------+--+
[1790055266.372361] [local:3420 :0]   +--------------------------+-------------------------------------------------+--+
[1790055266.372373] [local:3420 :0]   +--------------------------+--------------------------------------------------------------------+
[1790055266.372387] [local:3420 :0]   | ucp_context_0 self cfg#0 | active message by ucp_am_send* with reply flag from host memory    |
[1790055266.372387] [local:3420 :0]   +--------------------------+-----------------------------------------------------------------+--+
[1790055266.372388] [local:3420 :0]   +--------------------------+-----------------------------------------------------------------+--+
[1790055266.731136] [local:3420 :0]   +--------------------------+-------------------------------------------------------------+
[1790055266.731140] [local:3420 :0]   | ucp_context_0 self cfg#0 | remote memory write by ucp_put* from host memory to host    |
[1790055266.731141] [local:3420 :0]   +--------------------------+--------------------------------------------+----------------+
[1790055266.731142] [local:3420 :0]   |            0..4294967295 | short                                      | cuda_copy/cuda |
[1790055266.731142] [local:3420 :0]   +--------------------------+--------------------------------------------+----------------+
[1790055266.731173] [local:3420 :0]   +--------------------------+------------------------------------------------------------------------------+
[1790055266.731174] [local:3420 :0]   | ucp_context_0 self cfg#0 | remote memory write by ucp_put*(fast-completion) from host memory to host    |
[1790055266.731175] [local:3420 :0]   +--------------------------+-------------------------------------------------------------+----------------+
[1790055266.731176] [local:3420 :0]   |            0..4294967295 | short                                                       | cuda_copy/cuda |
[1790055266.731176] [local:3420 :0]   +--------------------------+-------------------------------------------------------------+----------------+
[1790055266.731205] [local:3420 :0]   +--------------------------+--------------------------------------------------------------------+
[1790055266.731206] [local:3420 :0]   | ucp_context_0 self cfg#0 | remote memory write by ucp_put*(multi) from host memory to host    |
[1790055266.731207] [local:3420 :0]   +--------------------------+---------------------------------------------------+----------------+
[1790055266.731207] [local:3420 :0]   |            0..4294967295 | short                                             | cuda_copy/cuda |
[1790055266.731208] [local:3420 :0]   +--------------------------+---------------------------------------------------+----------------+
[1790055266.731249] [local:3420 :0]   +--------------------------+----------------------------------------------------+
[1790055266.731250] [local:3420 :0]   | ucp_context_0 self cfg#0 | active message by ucp_am_send* from host memory    |
[1790055266.731250] [local:3420 :0]   +--------------------------+-------------------------------------------------+--+
[1790055266.731251] [local:3420 :0]   +--------------------------+-------------------------------------------------+--+
[1790055266.731262] [local:3420 :0]   +--------------------------+--------------------------------------------------------------------+
[1790055266.731263] [local:3420 :0]   | ucp_context_0 self cfg#0 | active message by ucp_am_send* with reply flag from host memory    |
[1790055266.731264] [local:3420 :0]   +--------------------------+-----------------------------------------------------------------+--+
[1790055266.731264] [local:3420 :0]   +--------------------------+-----------------------------------------------------------------+--+
[1790055266.733425] [local:3420 :0]      ucp_worker.c:1984 UCX  INFO    ucp_context_0 self cfg#1 rma(rc_mlx5/mlx5_1:1)  amo(rc_mlx5/mlx5_1:1)  device(cuda_ipc/cuda rc_gda/cuda1-mlx5_1:1 rc_gda/cuda1-mlx5_1:1)  am(rc_mlx5/mlx5_1:1 rc_mlx5/mlx5_1:1 cuda_ipc/cuda)  ka(ud_mlx5/mlx5_1:1)
[1790055266.742473] [local:3420 :0]   +--------------------------+-------------------------------------------------------------+
[1790055266.742477] [local:3420 :0]   | ucp_context_0 self cfg#1 | remote memory write by ucp_put* from host memory to host    |
[1790055266.742478] [local:3420 :0]   +--------------------------+------------+------------------------------------------------+
[1790055266.742495] [local:3420 :0]   |                   0..220 | short      | rc_mlx5/mlx5_1:1/path0                         |
[1790055266.742496] [local:3420 :0]   |                221..1193 | copy-in    | rc_mlx5/mlx5_1:1/path0                         |
[1790055266.742496] [local:3420 :0]   |                1194..inf | zero-copy  | rc_mlx5/mlx5_1:1 50% on path0 and 50% on path1 |
[1790055266.742497] [local:3420 :0]   +--------------------------+------------+------------------------------------------------+
[1790055266.742620] [local:3420 :0]   +--------------------------+------------------------------------------------------------------------------+
[1790055266.742621] [local:3420 :0]   | ucp_context_0 self cfg#1 | remote memory write by ucp_put*(fast-completion) from host memory to host    |
[1790055266.742622] [local:3420 :0]   +--------------------------+-----------------------------+------------------------------------------------+
[1790055266.742622] [local:3420 :0]   |                   0..220 | short                       | rc_mlx5/mlx5_1:1/path0                         |
[1790055266.742623] [local:3420 :0]   |                221..9292 | copy-in                     | rc_mlx5/mlx5_1:1/path0                         |
[1790055266.742623] [local:3420 :0]   |                9293..inf | zero-copy                   | rc_mlx5/mlx5_1:1 50% on path0 and 50% on path1 |
[1790055266.742624] [local:3420 :0]   +--------------------------+-----------------------------+------------------------------------------------+
[1790055266.742727] [local:3420 :0]   +--------------------------+--------------------------------------------------------------------+
[1790055266.742727] [local:3420 :0]   | ucp_context_0 self cfg#1 | remote memory write by ucp_put*(multi) from host memory to host    |
[1790055266.742728] [local:3420 :0]   +--------------------------+-------------------+------------------------------------------------+
[1790055266.742728] [local:3420 :0]   |                   0..220 | short             | rc_mlx5/mlx5_1:1/path0                         |
[1790055266.742729] [local:3420 :0]   |                221..1285 | copy-in           | rc_mlx5/mlx5_1:1/path0                         |
[1790055266.742730] [local:3420 :0]   |                1286..inf | zero-copy         | rc_mlx5/mlx5_1:1 50% on path0 and 50% on path1 |
[1790055266.742730] [local:3420 :0]   +--------------------------+-------------------+------------------------------------------------+
[1790055266.749111] [local:3420 :0]   +--------------------------+--------------------------------------------------------------------+
[1790055266.749115] [local:3420 :0]   | ucp_context_0 self cfg#1 | remote memory write by ucp_put* from host memory to cuda/dev[1]    |
[1790055266.749115] [local:3420 :0]   +--------------------------+-------------------+------------------------------------------------+
[1790055266.749116] [local:3420 :0]   |                   0..220 | short             | rc_mlx5/mlx5_1:1/path0                         |
[1790055266.749117] [local:3420 :0]   |                221..1193 | copy-in           | rc_mlx5/mlx5_1:1/path0                         |
[1790055266.749117] [local:3420 :0]   |                1194..inf | zero-copy         | rc_mlx5/mlx5_1:1 50% on path0 and 50% on path1 |
[1790055266.749118] [local:3420 :0]   +--------------------------+-------------------+------------------------------------------------+
[1790055266.749205] [local:3420 :0]   +--------------------------+-------------------------------------------------------------------------------------+
[1790055266.749206] [local:3420 :0]   | ucp_context_0 self cfg#1 | remote memory write by ucp_put*(fast-completion) from host memory to cuda/dev[1]    |
[1790055266.749207] [local:3420 :0]   +--------------------------+------------------------------------+------------------------------------------------+
[1790055266.749207] [local:3420 :0]   |                   0..220 | short                              | rc_mlx5/mlx5_1:1/path0                         |
[1790055266.749221] [local:3420 :0]   |                221..9292 | copy-in                            | rc_mlx5/mlx5_1:1/path0                         |
[1790055266.749222] [local:3420 :0]   |                9293..inf | zero-copy                          | rc_mlx5/mlx5_1:1 50% on path0 and 50% on path1 |
[1790055266.749222] [local:3420 :0]   +--------------------------+------------------------------------+------------------------------------------------+
[1790055266.749330] [local:3420 :0]   +--------------------------+---------------------------------------------------------------------------+
[1790055266.749331] [local:3420 :0]   | ucp_context_0 self cfg#1 | remote memory write by ucp_put*(multi) from host memory to cuda/dev[1]    |
[1790055266.749332] [local:3420 :0]   +--------------------------+--------------------------+------------------------------------------------+
[1790055266.749332] [local:3420 :0]   |                   0..220 | short                    | rc_mlx5/mlx5_1:1/path0                         |
[1790055266.749333] [local:3420 :0]   |                221..1285 | copy-in                  | rc_mlx5/mlx5_1:1/path0                         |
[1790055266.749333] [local:3420 :0]   |                1286..inf | zero-copy                | rc_mlx5/mlx5_1:1 50% on path0 and 50% on path1 |
[1790055266.749334] [local:3420 :0]   +--------------------------+--------------------------+------------------------------------------------+
[1790055266.749617] [local:3420 :0]   +--------------------------+----------------------------------------------------+
[1790055266.749618] [local:3420 :0]   | ucp_context_0 self cfg#1 | active message by ucp_am_send* from host memory    |
[1790055266.749619] [local:3420 :0]   +--------------------------+---------------------------+------------------------+
[1790055266.749619] [local:3420 :0]   |                   0..226 | short                     | rc_mlx5/mlx5_1:1/path0 |
[1790055266.749620] [local:3420 :0]   |                 227..404 | copy-in                   | rc_mlx5/mlx5_1:1/path0 |
[1790055266.749620] [local:3420 :0]   |                405..8246 | zero-copy                 | rc_mlx5/mlx5_1:1/path0 |
[1790055266.749621] [local:3420 :0]   |                8247..inf | multi-frag zero-copy      | rc_mlx5/mlx5_1:1/path0 |
[1790055266.749621] [local:3420 :0]   +--------------------------+---------------------------+------------------------+
[1790055266.749820] [local:3420 :0]   +--------------------------+---------------------------------------------------------------------+
[1790055266.749821] [local:3420 :0]   | ucp_context_0 self cfg#1 | active message by ucp_am_send*(fast-completion) from host memory    |
[1790055266.749822] [local:3420 :0]   +--------------------------+--------------------------------------------+------------------------+
[1790055266.749822] [local:3420 :0]   |                   0..226 | short                                      | rc_mlx5/mlx5_1:1/path0 |
[1790055266.749823] [local:3420 :0]   |                227..8246 | copy-in                                    | rc_mlx5/mlx5_1:1/path0 |
[1790055266.749823] [local:3420 :0]   |               8247..9187 | multi-frag copy-in                         | rc_mlx5/mlx5_1:1/path0 |
[1790055266.749824] [local:3420 :0]   |                9188..inf | multi-frag zero-copy                       | rc_mlx5/mlx5_1:1/path0 |
[1790055266.749824] [local:3420 :0]   +--------------------------+--------------------------------------------+------------------------+
[1790055266.750400] [local:3420 :0]   +--------------------------+-----------------------------------------------------------+
[1790055266.750401] [local:3420 :0]   | ucp_context_0 self cfg#1 | active message by ucp_am_send*(multi) from host memory    |
[1790055266.750401] [local:3420 :0]   +--------------------------+----------------------------------+------------------------+
[1790055266.750402] [local:3420 :0]   |                   0..226 | short                            | rc_mlx5/mlx5_1:1/path0 |
[1790055266.750402] [local:3420 :0]   |                 227..440 | copy-in                          | rc_mlx5/mlx5_1:1/path0 |
[1790055266.750407] [local:3420 :0]   |                441..8246 | zero-copy                        | rc_mlx5/mlx5_1:1/path0 |
[1790055266.750408] [local:3420 :0]   |                8247..inf | multi-frag zero-copy             | rc_mlx5/mlx5_1:1/path0 |
[1790055266.750408] [local:3420 :0]   +--------------------------+----------------------------------+------------------------+
[1790055266.750591] [local:3420 :0]   +--------------------------+--------------------------------------------------------------------+
[1790055266.750592] [local:3420 :0]   | ucp_context_0 self cfg#1 | active message by ucp_am_send* with reply flag from host memory    |
[1790055266.750592] [local:3420 :0]   +--------------------------+-------------------------------------------+------------------------+
[1790055266.750593] [local:3420 :0]   |                   0..218 | short                                     | rc_mlx5/mlx5_1:1/path0 |
[1790055266.750593] [local:3420 :0]   |                 219..404 | copy-in                                   | rc_mlx5/mlx5_1:1/path0 |
[1790055266.750594] [local:3420 :0]   |                405..8238 | zero-copy                                 | rc_mlx5/mlx5_1:1/path0 |
[1790055266.750594] [local:3420 :0]   |                8239..inf | multi-frag zero-copy                      | rc_mlx5/mlx5_1:1/path0 |
[1790055266.750595] [local:3420 :0]   +--------------------------+-------------------------------------------+------------------------+
[1790055266.750763] [local:3420 :0]   +--------------------------+-------------------------------------------------------------------------------------+
[1790055266.750764] [local:3420 :0]   | ucp_context_0 self cfg#1 | active message by ucp_am_send* with reply flag(fast-completion) from host memory    |
[1790055266.750765] [local:3420 :0]   +--------------------------+------------------------------------------------------------+------------------------+
[1790055266.750765] [local:3420 :0]   |                   0..218 | short                                                      | rc_mlx5/mlx5_1:1/path0 |
[1790055266.750766] [local:3420 :0]   |                219..8238 | copy-in                                                    | rc_mlx5/mlx5_1:1/path0 |
[1790055266.750766] [local:3420 :0]   |               8239..9187 | multi-frag copy-in                                         | rc_mlx5/mlx5_1:1/path0 |
[1790055266.750767] [local:3420 :0]   |                9188..inf | multi-frag zero-copy                                       | rc_mlx5/mlx5_1:1/path0 |
[1790055266.750767] [local:3420 :0]   +--------------------------+------------------------------------------------------------+------------------------+
[1790055266.750948] [local:3420 :0]   +--------------------------+---------------------------------------------------------------------------+
[1790055266.750948] [local:3420 :0]   | ucp_context_0 self cfg#1 | active message by ucp_am_send* with reply flag(multi) from host memory    |
[1790055266.750949] [local:3420 :0]   +--------------------------+--------------------------------------------------+------------------------+
[1790055266.750949] [local:3420 :0]   |                   0..218 | short                                            | rc_mlx5/mlx5_1:1/path0 |
[1790055266.750950] [local:3420 :0]   |                 219..440 | copy-in                                          | rc_mlx5/mlx5_1:1/path0 |
[1790055266.750951] [local:3420 :0]   |                441..8238 | zero-copy                                        | rc_mlx5/mlx5_1:1/path0 |
[1790055266.750951] [local:3420 :0]   |                8239..inf | multi-frag zero-copy                             | rc_mlx5/mlx5_1:1/path0 |
[1790055266.750952] [local:3420 :0]   +--------------------------+--------------------------------------------------+------------------------+
[1790055266.822341] [local:3420 :0]      ucp_worker.c:1984 UCX  INFO    ucp_context_0 intra-node cfg#1 rma(rc_mlx5/mlx5_1:1)  amo(rc_mlx5/mlx5_1:1)  device(cuda_ipc/cuda rc_gda/cuda1-mlx5_1:1 rc_gda/cuda1-mlx5_1:1)  am(rc_mlx5/mlx5_1:1 rc_mlx5/mlx5_1:1 cuda_ipc/cuda)  ka(ud_mlx5/mlx5_1:1)
[1790055266.833626] [local:3420 :0]   +--------------------------------+-------------------------------------------------------------+
[1790055266.833629] [local:3420 :0]   | ucp_context_0 intra-node cfg#1 | remote memory write by ucp_put* from host memory to host    |
[1790055266.833630] [local:3420 :0]   +--------------------------------+------------+------------------------------------------------+
[1790055266.833631] [local:3420 :0]   |                         0..220 | short      | rc_mlx5/mlx5_1:1/path0                         |
[1790055266.833631] [local:3420 :0]   |                      221..1193 | copy-in    | rc_mlx5/mlx5_1:1/path0                         |
[1790055266.833632] [local:3420 :0]   |                      1194..inf | zero-copy  | rc_mlx5/mlx5_1:1 50% on path0 and 50% on path1 |
[1790055266.833632] [local:3420 :0]   +--------------------------------+------------+------------------------------------------------+
[1790055266.833730] [local:3420 :0]   +--------------------------------+------------------------------------------------------------------------------+
[1790055266.833731] [local:3420 :0]   | ucp_context_0 intra-node cfg#1 | remote memory write by ucp_put*(fast-completion) from host memory to host    |
[1790055266.833731] [local:3420 :0]   +--------------------------------+-----------------------------+------------------------------------------------+
[1790055266.833732] [local:3420 :0]   |                         0..220 | short                       | rc_mlx5/mlx5_1:1/path0                         |
[1790055266.833733] [local:3420 :0]   |                      221..9292 | copy-in                     | rc_mlx5/mlx5_1:1/path0                         |
[1790055266.833733] [local:3420 :0]   |                      9293..inf | zero-copy                   | rc_mlx5/mlx5_1:1 50% on path0 and 50% on path1 |
[1790055266.833734] [local:3420 :0]   +--------------------------------+-----------------------------+------------------------------------------------+
[1790055266.833805] [local:3420 :0]   +--------------------------------+--------------------------------------------------------------------+
[1790055266.833806] [local:3420 :0]   | ucp_context_0 intra-node cfg#1 | remote memory write by ucp_put*(multi) from host memory to host    |
[1790055266.833807] [local:3420 :0]   +--------------------------------+-------------------+------------------------------------------------+
[1790055266.833807] [local:3420 :0]   |                         0..220 | short             | rc_mlx5/mlx5_1:1/path0                         |
[1790055266.833808] [local:3420 :0]   |                      221..1285 | copy-in           | rc_mlx5/mlx5_1:1/path0                         |
[1790055266.833808] [local:3420 :0]   |                      1286..inf | zero-copy         | rc_mlx5/mlx5_1:1 50% on path0 and 50% on path1 |
[1790055266.833809] [local:3420 :0]   +--------------------------------+-------------------+------------------------------------------------+
[1790055266.834078] [local:3420 :0]   +--------------------------------+--------------------------------------------------------------------+
[1790055266.834079] [local:3420 :0]   | ucp_context_0 intra-node cfg#1 | remote memory write by ucp_put* from host memory to cuda/dev[1]    |
[1790055266.834079] [local:3420 :0]   +--------------------------------+-------------------+------------------------------------------------+
[1790055266.834080] [local:3420 :0]   |                         0..220 | short             | rc_mlx5/mlx5_1:1/path0                         |
[1790055266.834080] [local:3420 :0]   |                      221..1193 | copy-in           | rc_mlx5/mlx5_1:1/path0                         |
[1790055266.834081] [local:3420 :0]   |                      1194..inf | zero-copy         | rc_mlx5/mlx5_1:1 50% on path0 and 50% on path1 |
[1790055266.834081] [local:3420 :0]   +--------------------------------+-------------------+------------------------------------------------+
[1790055266.834161] [local:3420 :0]   +--------------------------------+-------------------------------------------------------------------------------------+
[1790055266.834162] [local:3420 :0]   | ucp_context_0 intra-node cfg#1 | remote memory write by ucp_put*(fast-completion) from host memory to cuda/dev[1]    |
[1790055266.834162] [local:3420 :0]   +--------------------------------+------------------------------------+------------------------------------------------+
[1790055266.834163] [local:3420 :0]   |                         0..220 | short                              | rc_mlx5/mlx5_1:1/path0                         |
[1790055266.834163] [local:3420 :0]   |                      221..9292 | copy-in                            | rc_mlx5/mlx5_1:1/path0                         |
[1790055266.834164] [local:3420 :0]   |                      9293..inf | zero-copy                          | rc_mlx5/mlx5_1:1 50% on path0 and 50% on path1 |
[1790055266.834164] [local:3420 :0]   +--------------------------------+------------------------------------+------------------------------------------------+
[1790055266.834242] [local:3420 :0]   +--------------------------------+---------------------------------------------------------------------------+
[1790055266.834243] [local:3420 :0]   | ucp_context_0 intra-node cfg#1 | remote memory write by ucp_put*(multi) from host memory to cuda/dev[1]    |
[1790055266.834243] [local:3420 :0]   +--------------------------------+--------------------------+------------------------------------------------+
[1790055266.834244] [local:3420 :0]   |                         0..220 | short                    | rc_mlx5/mlx5_1:1/path0                         |
[1790055266.834244] [local:3420 :0]   |                      221..1285 | copy-in                  | rc_mlx5/mlx5_1:1/path0                         |
[1790055266.834245] [local:3420 :0]   |                      1286..inf | zero-copy                | rc_mlx5/mlx5_1:1 50% on path0 and 50% on path1 |
[1790055266.834245] [local:3420 :0]   +--------------------------------+--------------------------+------------------------------------------------+
[1790055266.834496] [local:3420 :0]   +--------------------------------+----------------------------------------------------+
[1790055266.834497] [local:3420 :0]   | ucp_context_0 intra-node cfg#1 | active message by ucp_am_send* from host memory    |
[1790055266.834498] [local:3420 :0]   +--------------------------------+---------------------------+------------------------+
[1790055266.834499] [local:3420 :0]   |                         0..226 | short                     | rc_mlx5/mlx5_1:1/path0 |
[1790055266.834499] [local:3420 :0]   |                       227..404 | copy-in                   | rc_mlx5/mlx5_1:1/path0 |
[1790055266.834500] [local:3420 :0]   |                      405..8246 | zero-copy                 | rc_mlx5/mlx5_1:1/path0 |
[1790055266.834500] [local:3420 :0]   |                      8247..inf | multi-frag zero-copy      | rc_mlx5/mlx5_1:1/path0 |
[1790055266.834501] [local:3420 :0]   +--------------------------------+---------------------------+------------------------+
[1790055266.834657] [local:3420 :0]   +--------------------------------+---------------------------------------------------------------------+
[1790055266.834657] [local:3420 :0]   | ucp_context_0 intra-node cfg#1 | active message by ucp_am_send*(fast-completion) from host memory    |
[1790055266.834658] [local:3420 :0]   +--------------------------------+--------------------------------------------+------------------------+
[1790055266.834658] [local:3420 :0]   |                         0..226 | short                                      | rc_mlx5/mlx5_1:1/path0 |
[1790055266.834659] [local:3420 :0]   |                      227..8246 | copy-in                                    | rc_mlx5/mlx5_1:1/path0 |
[1790055266.834659] [local:3420 :0]   |                     8247..9187 | multi-frag copy-in                         | rc_mlx5/mlx5_1:1/path0 |
[1790055266.834660] [local:3420 :0]   |                      9188..inf | multi-frag zero-copy                       | rc_mlx5/mlx5_1:1/path0 |
[1790055266.834665] [local:3420 :0]   +--------------------------------+--------------------------------------------+------------------------+
[1790055266.835163] [local:3420 :0]   +--------------------------------+-----------------------------------------------------------+
[1790055266.835164] [local:3420 :0]   | ucp_context_0 intra-node cfg#1 | active message by ucp_am_send*(multi) from host memory    |
[1790055266.835165] [local:3420 :0]   +--------------------------------+----------------------------------+------------------------+
[1790055266.835165] [local:3420 :0]   |                         0..226 | short                            | rc_mlx5/mlx5_1:1/path0 |
[1790055266.835166] [local:3420 :0]   |                       227..440 | copy-in                          | rc_mlx5/mlx5_1:1/path0 |
[1790055266.835166] [local:3420 :0]   |                      441..8246 | zero-copy                        | rc_mlx5/mlx5_1:1/path0 |
[1790055266.835167] [local:3420 :0]   |                      8247..inf | multi-frag zero-copy             | rc_mlx5/mlx5_1:1/path0 |
[1790055266.835167] [local:3420 :0]   +--------------------------------+----------------------------------+------------------------+
[1790055266.835320] [local:3420 :0]   +--------------------------------+--------------------------------------------------------------------+
[1790055266.835321] [local:3420 :0]   | ucp_context_0 intra-node cfg#1 | active message by ucp_am_send* with reply flag from host memory    |
[1790055266.835321] [local:3420 :0]   +--------------------------------+-------------------------------------------+------------------------+
[1790055266.835322] [local:3420 :0]   |                         0..218 | short                                     | rc_mlx5/mlx5_1:1/path0 |
[1790055266.835322] [local:3420 :0]   |                       219..404 | copy-in                                   | rc_mlx5/mlx5_1:1/path0 |
[1790055266.835323] [local:3420 :0]   |                      405..8238 | zero-copy                                 | rc_mlx5/mlx5_1:1/path0 |
[1790055266.835324] [local:3420 :0]   |                      8239..inf | multi-frag zero-copy                      | rc_mlx5/mlx5_1:1/path0 |
[1790055266.835324] [local:3420 :0]   +--------------------------------+-------------------------------------------+------------------------+
[1790055266.835475] [local:3420 :0]   +--------------------------------+-------------------------------------------------------------------------------------+
[1790055266.835476] [local:3420 :0]   | ucp_context_0 intra-node cfg#1 | active message by ucp_am_send* with reply flag(fast-completion) from host memory    |
[1790055266.835477] [local:3420 :0]   +--------------------------------+------------------------------------------------------------+------------------------+
[1790055266.835477] [local:3420 :0]   |                         0..218 | short                                                      | rc_mlx5/mlx5_1:1/path0 |
[1790055266.835478] [local:3420 :0]   |                      219..8238 | copy-in                                                    | rc_mlx5/mlx5_1:1/path0 |
[1790055266.835478] [local:3420 :0]   |                     8239..9187 | multi-frag copy-in                                         | rc_mlx5/mlx5_1:1/path0 |
[1790055266.835479] [local:3420 :0]   |                      9188..inf | multi-frag zero-copy                                       | rc_mlx5/mlx5_1:1/path0 |
[1790055266.835479] [local:3420 :0]   +--------------------------------+------------------------------------------------------------+------------------------+
[1790055266.835660] [local:3420 :0]   +--------------------------------+---------------------------------------------------------------------------+
[1790055266.835661] [local:3420 :0]   | ucp_context_0 intra-node cfg#1 | active message by ucp_am_send* with reply flag(multi) from host memory    |
[1790055266.835662] [local:3420 :0]   +--------------------------------+--------------------------------------------------+------------------------+
[1790055266.835667] [local:3420 :0]   |                         0..218 | short                                            | rc_mlx5/mlx5_1:1/path0 |
[1790055266.835667] [local:3420 :0]   |                       219..440 | copy-in                                          | rc_mlx5/mlx5_1:1/path0 |
[1790055266.835668] [local:3420 :0]   |                      441..8238 | zero-copy                                        | rc_mlx5/mlx5_1:1/path0 |
[1790055266.835668] [local:3420 :0]   |                      8239..inf | multi-frag zero-copy                             | rc_mlx5/mlx5_1:1/path0 |
[1790055266.835669] [local:3420 :0]   +--------------------------------+--------------------------------------------------+------------------------+
[1790055266.905677] [local:3420 :0]      ucp_worker.c:1984 UCX  INFO    ucp_context_0 intra-node cfg#1 rma(rc_mlx5/mlx5_1:1)  amo(rc_mlx5/mlx5_1:1)  device(cuda_ipc/cuda rc_gda/cuda1-mlx5_1:1 rc_gda/cuda1-mlx5_1:1)  am(rc_mlx5/mlx5_1:1 rc_mlx5/mlx5_1:1 cuda_ipc/cuda)  ka(ud_mlx5/mlx5_1:1)
[1790055266.915773] [local:3420 :0]   +--------------------------------+-------------------------------------------------------------+
[1790055266.915777] [local:3420 :0]   | ucp_context_0 intra-node cfg#1 | remote memory write by ucp_put* from host memory to host    |
[1790055266.915777] [local:3420 :0]   +--------------------------------+------------+------------------------------------------------+
[1790055266.915778] [local:3420 :0]   |                         0..220 | short      | rc_mlx5/mlx5_1:1/path0                         |
[1790055266.915778] [local:3420 :0]   |                      221..1193 | copy-in    | rc_mlx5/mlx5_1:1/path0                         |
[1790055266.915779] [local:3420 :0]   |                      1194..inf | zero-copy  | rc_mlx5/mlx5_1:1 50% on path0 and 50% on path1 |
[1790055266.915780] [local:3420 :0]   +--------------------------------+------------+------------------------------------------------+
[1790055266.915862] [local:3420 :0]   +--------------------------------+------------------------------------------------------------------------------+
[1790055266.915863] [local:3420 :0]   | ucp_context_0 intra-node cfg#1 | remote memory write by ucp_put*(fast-completion) from host memory to host    |
[1790055266.915864] [local:3420 :0]   +--------------------------------+-----------------------------+------------------------------------------------+
[1790055266.915865] [local:3420 :0]   |                         0..220 | short                       | rc_mlx5/mlx5_1:1/path0                         |
[1790055266.915865] [local:3420 :0]   |                      221..9292 | copy-in                     | rc_mlx5/mlx5_1:1/path0                         |
[1790055266.915866] [local:3420 :0]   |                      9293..inf | zero-copy                   | rc_mlx5/mlx5_1:1 50% on path0 and 50% on path1 |
[1790055266.915866] [local:3420 :0]   +--------------------------------+-----------------------------+------------------------------------------------+
[1790055266.915932] [local:3420 :0]   +--------------------------------+--------------------------------------------------------------------+
[1790055266.915933] [local:3420 :0]   | ucp_context_0 intra-node cfg#1 | remote memory write by ucp_put*(multi) from host memory to host    |
[1790055266.915934] [local:3420 :0]   +--------------------------------+-------------------+------------------------------------------------+
[1790055266.915934] [local:3420 :0]   |                         0..220 | short             | rc_mlx5/mlx5_1:1/path0                         |
[1790055266.915935] [local:3420 :0]   |                      221..1285 | copy-in           | rc_mlx5/mlx5_1:1/path0                         |
[1790055266.915935] [local:3420 :0]   |                      1286..inf | zero-copy         | rc_mlx5/mlx5_1:1 50% on path0 and 50% on path1 |
[1790055266.915936] [local:3420 :0]   +--------------------------------+-------------------+------------------------------------------------+
[1790055266.916209] [local:3420 :0]   +--------------------------------+--------------------------------------------------------------------+
[1790055266.916210] [local:3420 :0]   | ucp_context_0 intra-node cfg#1 | remote memory write by ucp_put* from host memory to cuda/dev[1]    |
[1790055266.916211] [local:3420 :0]   +--------------------------------+-------------------+------------------------------------------------+
[1790055266.916211] [local:3420 :0]   |                         0..220 | short             | rc_mlx5/mlx5_1:1/path0                         |
[1790055266.916212] [local:3420 :0]   |                      221..1193 | copy-in           | rc_mlx5/mlx5_1:1/path0                         |
[1790055266.916212] [local:3420 :0]   |                      1194..inf | zero-copy         | rc_mlx5/mlx5_1:1 50% on path0 and 50% on path1 |
[1790055266.916213] [local:3420 :0]   +--------------------------------+-------------------+------------------------------------------------+
[1790055266.916284] [local:3420 :0]   +--------------------------------+-------------------------------------------------------------------------------------+
[1790055266.916285] [local:3420 :0]   | ucp_context_0 intra-node cfg#1 | remote memory write by ucp_put*(fast-completion) from host memory to cuda/dev[1]    |
[1790055266.916286] [local:3420 :0]   +--------------------------------+------------------------------------+------------------------------------------------+
[1790055266.916286] [local:3420 :0]   |                         0..220 | short                              | rc_mlx5/mlx5_1:1/path0                         |
[1790055266.916287] [local:3420 :0]   |                      221..9292 | copy-in                            | rc_mlx5/mlx5_1:1/path0                         |
[1790055266.916288] [local:3420 :0]   |                      9293..inf | zero-copy                          | rc_mlx5/mlx5_1:1 50% on path0 and 50% on path1 |
[1790055266.916288] [local:3420 :0]   +--------------------------------+------------------------------------+------------------------------------------------+
[1790055266.916357] [local:3420 :0]   +--------------------------------+---------------------------------------------------------------------------+
[1790055266.916358] [local:3420 :0]   | ucp_context_0 intra-node cfg#1 | remote memory write by ucp_put*(multi) from host memory to cuda/dev[1]    |
[1790055266.916359] [local:3420 :0]   +--------------------------------+--------------------------+------------------------------------------------+
[1790055266.916359] [local:3420 :0]   |                         0..220 | short                    | rc_mlx5/mlx5_1:1/path0                         |
[1790055266.916360] [local:3420 :0]   |                      221..1285 | copy-in                  | rc_mlx5/mlx5_1:1/path0                         |
[1790055266.916360] [local:3420 :0]   |                      1286..inf | zero-copy                | rc_mlx5/mlx5_1:1 50% on path0 and 50% on path1 |
[1790055266.916361] [local:3420 :0]   +--------------------------------+--------------------------+------------------------------------------------+
[1790055266.916579] [local:3420 :0]   +--------------------------------+----------------------------------------------------+
[1790055266.916579] [local:3420 :0]   | ucp_context_0 intra-node cfg#1 | active message by ucp_am_send* from host memory    |
[1790055266.916580] [local:3420 :0]   +--------------------------------+---------------------------+------------------------+
[1790055266.916581] [local:3420 :0]   |                         0..226 | short                     | rc_mlx5/mlx5_1:1/path0 |
[1790055266.916581] [local:3420 :0]   |                       227..404 | copy-in                   | rc_mlx5/mlx5_1:1/path0 |
[1790055266.916582] [local:3420 :0]   |                      405..8246 | zero-copy                 | rc_mlx5/mlx5_1:1/path0 |
[1790055266.916582] [local:3420 :0]   |                      8247..inf | multi-frag zero-copy      | rc_mlx5/mlx5_1:1/path0 |
[1790055266.916583] [local:3420 :0]   +--------------------------------+---------------------------+------------------------+
[1790055266.916727] [local:3420 :0]   +--------------------------------+---------------------------------------------------------------------+
[1790055266.916727] [local:3420 :0]   | ucp_context_0 intra-node cfg#1 | active message by ucp_am_send*(fast-completion) from host memory    |
[1790055266.916728] [local:3420 :0]   +--------------------------------+--------------------------------------------+------------------------+
[1790055266.916728] [local:3420 :0]   |                         0..226 | short                                      | rc_mlx5/mlx5_1:1/path0 |
[1790055266.916729] [local:3420 :0]   |                      227..8246 | copy-in                                    | rc_mlx5/mlx5_1:1/path0 |
[1790055266.916730] [local:3420 :0]   |                     8247..9187 | multi-frag copy-in                         | rc_mlx5/mlx5_1:1/path0 |
[1790055266.916730] [local:3420 :0]   |                      9188..inf | multi-frag zero-copy                       | rc_mlx5/mlx5_1:1/path0 |
[1790055266.916731] [local:3420 :0]   +--------------------------------+--------------------------------------------+------------------------+
[1790055266.917191] [local:3420 :0]   +--------------------------------+-----------------------------------------------------------+
[1790055266.917192] [local:3420 :0]   | ucp_context_0 intra-node cfg#1 | active message by ucp_am_send*(multi) from host memory    |
[1790055266.917192] [local:3420 :0]   +--------------------------------+----------------------------------+------------------------+
[1790055266.917193] [local:3420 :0]   |                         0..226 | short                            | rc_mlx5/mlx5_1:1/path0 |
[1790055266.917193] [local:3420 :0]   |                       227..440 | copy-in                          | rc_mlx5/mlx5_1:1/path0 |
[1790055266.917194] [local:3420 :0]   |                      441..8246 | zero-copy                        | rc_mlx5/mlx5_1:1/path0 |
[1790055266.917194] [local:3420 :0]   |                      8247..inf | multi-frag zero-copy             | rc_mlx5/mlx5_1:1/path0 |
[1790055266.917195] [local:3420 :0]   +--------------------------------+----------------------------------+------------------------+
[1790055266.917342] [local:3420 :0]   +--------------------------------+--------------------------------------------------------------------+
[1790055266.917342] [local:3420 :0]   | ucp_context_0 intra-node cfg#1 | active message by ucp_am_send* with reply flag from host memory    |
[1790055266.917343] [local:3420 :0]   +--------------------------------+-------------------------------------------+------------------------+
[1790055266.917344] [local:3420 :0]   |                         0..218 | short                                     | rc_mlx5/mlx5_1:1/path0 |
[1790055266.917344] [local:3420 :0]   |                       219..404 | copy-in                                   | rc_mlx5/mlx5_1:1/path0 |
[1790055266.917345] [local:3420 :0]   |                      405..8238 | zero-copy                                 | rc_mlx5/mlx5_1:1/path0 |
[1790055266.917345] [local:3420 :0]   |                      8239..inf | multi-frag zero-copy                      | rc_mlx5/mlx5_1:1/path0 |
[1790055266.917346] [local:3420 :0]   +--------------------------------+-------------------------------------------+------------------------+
[1790055266.917479] [local:3420 :0]   +--------------------------------+-------------------------------------------------------------------------------------+
[1790055266.917479] [local:3420 :0]   | ucp_context_0 intra-node cfg#1 | active message by ucp_am_send* with reply flag(fast-completion) from host memory    |
[1790055266.917480] [local:3420 :0]   +--------------------------------+------------------------------------------------------------+------------------------+
[1790055266.917480] [local:3420 :0]   |                         0..218 | short                                                      | rc_mlx5/mlx5_1:1/path0 |
[1790055266.917481] [local:3420 :0]   |                      219..8238 | copy-in                                                    | rc_mlx5/mlx5_1:1/path0 |
[1790055266.917485] [local:3420 :0]   |                     8239..9187 | multi-frag copy-in                                         | rc_mlx5/mlx5_1:1/path0 |
[1790055266.917485] [local:3420 :0]   |                      9188..inf | multi-frag zero-copy                                       | rc_mlx5/mlx5_1:1/path0 |
[1790055266.917486] [local:3420 :0]   +--------------------------------+------------------------------------------------------------+------------------------+
[1790055266.917640] [local:3420 :0]   +--------------------------------+---------------------------------------------------------------------------+
[1790055266.917640] [local:3420 :0]   | ucp_context_0 intra-node cfg#1 | active message by ucp_am_send* with reply flag(multi) from host memory    |
[1790055266.917641] [local:3420 :0]   +--------------------------------+--------------------------------------------------+------------------------+
[1790055266.917642] [local:3420 :0]   |                         0..218 | short                                            | rc_mlx5/mlx5_1:1/path0 |
[1790055266.917642] [local:3420 :0]   |                       219..440 | copy-in                                          | rc_mlx5/mlx5_1:1/path0 |
[1790055266.917643] [local:3420 :0]   |                      441..8238 | zero-copy                                        | rc_mlx5/mlx5_1:1/path0 |
[1790055266.917643] [local:3420 :0]   |                      8239..inf | multi-frag zero-copy                             | rc_mlx5/mlx5_1:1/path0 |
[1790055266.917644] [local:3420 :0]   +--------------------------------+--------------------------------------------------+------------------------+
[1790055266.988070] [local:3420 :0]      ucp_worker.c:1984 UCX  INFO    ucp_context_0 intra-node cfg#1 rma(rc_mlx5/mlx5_1:1)  amo(rc_mlx5/mlx5_1:1)  device(cuda_ipc/cuda rc_gda/cuda1-mlx5_1:1 rc_gda/cuda1-mlx5_1:1)  am(rc_mlx5/mlx5_1:1 rc_mlx5/mlx5_1:1 cuda_ipc/cuda)  ka(ud_mlx5/mlx5_1:1)
[1790055266.999748] [local:3420 :0]   +--------------------------------+-------------------------------------------------------------+
[1790055266.999751] [local:3420 :0]   | ucp_context_0 intra-node cfg#1 | remote memory write by ucp_put* from host memory to host    |
[1790055266.999752] [local:3420 :0]   +--------------------------------+------------+------------------------------------------------+
[1790055266.999753] [local:3420 :0]   |                         0..220 | short      | rc_mlx5/mlx5_1:1/path0                         |
[1790055266.999753] [local:3420 :0]   |                      221..1193 | copy-in    | rc_mlx5/mlx5_1:1/path0                         |
[1790055266.999754] [local:3420 :0]   |                      1194..inf | zero-copy  | rc_mlx5/mlx5_1:1 50% on path0 and 50% on path1 |
[1790055266.999755] [local:3420 :0]   +--------------------------------+------------+------------------------------------------------+
[1790055266.999847] [local:3420 :0]   +--------------------------------+------------------------------------------------------------------------------+
[1790055266.999848] [local:3420 :0]   | ucp_context_0 intra-node cfg#1 | remote memory write by ucp_put*(fast-completion) from host memory to host    |
[1790055266.999848] [local:3420 :0]   +--------------------------------+-----------------------------+------------------------------------------------+
[1790055266.999849] [local:3420 :0]   |                         0..220 | short                       | rc_mlx5/mlx5_1:1/path0                         |
[1790055266.999849] [local:3420 :0]   |                      221..9292 | copy-in                     | rc_mlx5/mlx5_1:1/path0                         |
[1790055266.999850] [local:3420 :0]   |                      9293..inf | zero-copy                   | rc_mlx5/mlx5_1:1 50% on path0 and 50% on path1 |
[1790055266.999850] [local:3420 :0]   +--------------------------------+-----------------------------+------------------------------------------------+
[1790055266.999923] [local:3420 :0]   +--------------------------------+--------------------------------------------------------------------+
[1790055266.999937] [local:3420 :0]   | ucp_context_0 intra-node cfg#1 | remote memory write by ucp_put*(multi) from host memory to host    |
[1790055266.999937] [local:3420 :0]   +--------------------------------+-------------------+------------------------------------------------+
[1790055266.999938] [local:3420 :0]   |                         0..220 | short             | rc_mlx5/mlx5_1:1/path0                         |
[1790055266.999938] [local:3420 :0]   |                      221..1285 | copy-in           | rc_mlx5/mlx5_1:1/path0                         |
[1790055266.999939] [local:3420 :0]   |                      1286..inf | zero-copy         | rc_mlx5/mlx5_1:1 50% on path0 and 50% on path1 |
[1790055266.999940] [local:3420 :0]   +--------------------------------+-------------------+------------------------------------------------+
[1790055267.000218] [local:3420 :0]   +--------------------------------+--------------------------------------------------------------------+
[1790055267.000219] [local:3420 :0]   | ucp_context_0 intra-node cfg#1 | remote memory write by ucp_put* from host memory to cuda/dev[1]    |
[1790055267.000220] [local:3420 :0]   +--------------------------------+-------------------+------------------------------------------------+
[1790055267.000220] [local:3420 :0]   |                         0..220 | short             | rc_mlx5/mlx5_1:1/path0                         |
[1790055267.000221] [local:3420 :0]   |                      221..1193 | copy-in           | rc_mlx5/mlx5_1:1/path0                         |
[1790055267.000221] [local:3420 :0]   |                      1194..inf | zero-copy         | rc_mlx5/mlx5_1:1 50% on path0 and 50% on path1 |
[1790055267.000222] [local:3420 :0]   +--------------------------------+-------------------+------------------------------------------------+
[1790055267.000301] [local:3420 :0]   +--------------------------------+-------------------------------------------------------------------------------------+
[1790055267.000302] [local:3420 :0]   | ucp_context_0 intra-node cfg#1 | remote memory write by ucp_put*(fast-completion) from host memory to cuda/dev[1]    |
[1790055267.000302] [local:3420 :0]   +--------------------------------+------------------------------------+------------------------------------------------+
[1790055267.000303] [local:3420 :0]   |                         0..220 | short                              | rc_mlx5/mlx5_1:1/path0                         |
[1790055267.000303] [local:3420 :0]   |                      221..9292 | copy-in                            | rc_mlx5/mlx5_1:1/path0                         |
[1790055267.000304] [local:3420 :0]   |                      9293..inf | zero-copy                          | rc_mlx5/mlx5_1:1 50% on path0 and 50% on path1 |
[1790055267.000304] [local:3420 :0]   +--------------------------------+------------------------------------+------------------------------------------------+
[1790055267.000382] [local:3420 :0]   +--------------------------------+---------------------------------------------------------------------------+
[1790055267.000383] [local:3420 :0]   | ucp_context_0 intra-node cfg#1 | remote memory write by ucp_put*(multi) from host memory to cuda/dev[1]    |
[1790055267.000383] [local:3420 :0]   +--------------------------------+--------------------------+------------------------------------------------+
[1790055267.000384] [local:3420 :0]   |                         0..220 | short                    | rc_mlx5/mlx5_1:1/path0                         |
[1790055267.000384] [local:3420 :0]   |                      221..1285 | copy-in                  | rc_mlx5/mlx5_1:1/path0                         |
[1790055267.000385] [local:3420 :0]   |                      1286..inf | zero-copy                | rc_mlx5/mlx5_1:1 50% on path0 and 50% on path1 |
[1790055267.000385] [local:3420 :0]   +--------------------------------+--------------------------+------------------------------------------------+
[1790055267.000615] [local:3420 :0]   +--------------------------------+----------------------------------------------------+
[1790055267.000616] [local:3420 :0]   | ucp_context_0 intra-node cfg#1 | active message by ucp_am_send* from host memory    |
[1790055267.000616] [local:3420 :0]   +--------------------------------+---------------------------+------------------------+
[1790055267.000617] [local:3420 :0]   |                         0..226 | short                     | rc_mlx5/mlx5_1:1/path0 |
[1790055267.000617] [local:3420 :0]   |                       227..404 | copy-in                   | rc_mlx5/mlx5_1:1/path0 |
[1790055267.000618] [local:3420 :0]   |                      405..8246 | zero-copy                 | rc_mlx5/mlx5_1:1/path0 |
[1790055267.000619] [local:3420 :0]   |                      8247..inf | multi-frag zero-copy      | rc_mlx5/mlx5_1:1/path0 |
[1790055267.000619] [local:3420 :0]   +--------------------------------+---------------------------+------------------------+
[1790055267.000769] [local:3420 :0]   +--------------------------------+---------------------------------------------------------------------+
[1790055267.000770] [local:3420 :0]   | ucp_context_0 intra-node cfg#1 | active message by ucp_am_send*(fast-completion) from host memory    |
[1790055267.000770] [local:3420 :0]   +--------------------------------+--------------------------------------------+------------------------+
[1790055267.000771] [local:3420 :0]   |                         0..226 | short                                      | rc_mlx5/mlx5_1:1/path0 |
[1790055267.000771] [local:3420 :0]   |                      227..8246 | copy-in                                    | rc_mlx5/mlx5_1:1/path0 |
[1790055267.000772] [local:3420 :0]   |                     8247..9187 | multi-frag copy-in                         | rc_mlx5/mlx5_1:1/path0 |
[1790055267.000772] [local:3420 :0]   |                      9188..inf | multi-frag zero-copy                       | rc_mlx5/mlx5_1:1/path0 |
[1790055267.000773] [local:3420 :0]   +--------------------------------+--------------------------------------------+------------------------+
[1790055267.001265] [local:3420 :0]   +--------------------------------+-----------------------------------------------------------+
[1790055267.001275] [local:3420 :0]   | ucp_context_0 intra-node cfg#1 | active message by ucp_am_send*(multi) from host memory    |
[1790055267.001276] [local:3420 :0]   +--------------------------------+----------------------------------+------------------------+
[1790055267.001276] [local:3420 :0]   |                         0..226 | short                            | rc_mlx5/mlx5_1:1/path0 |
[1790055267.001277] [local:3420 :0]   |                       227..440 | copy-in                          | rc_mlx5/mlx5_1:1/path0 |
[1790055267.001278] [local:3420 :0]   |                      441..8246 | zero-copy                        | rc_mlx5/mlx5_1:1/path0 |
[1790055267.001278] [local:3420 :0]   |                      8247..inf | multi-frag zero-copy             | rc_mlx5/mlx5_1:1/path0 |
[1790055267.001279] [local:3420 :0]   +--------------------------------+----------------------------------+------------------------+
[1790055267.001427] [local:3420 :0]   +--------------------------------+--------------------------------------------------------------------+
[1790055267.001427] [local:3420 :0]   | ucp_context_0 intra-node cfg#1 | active message by ucp_am_send* with reply flag from host memory    |
[1790055267.001428] [local:3420 :0]   +--------------------------------+-------------------------------------------+------------------------+
[1790055267.001428] [local:3420 :0]   |                         0..218 | short                                     | rc_mlx5/mlx5_1:1/path0 |
[1790055267.001429] [local:3420 :0]   |                       219..404 | copy-in                                   | rc_mlx5/mlx5_1:1/path0 |
[1790055267.001429] [local:3420 :0]   |                      405..8238 | zero-copy                                 | rc_mlx5/mlx5_1:1/path0 |
[1790055267.001433] [local:3420 :0]   |                      8239..inf | multi-frag zero-copy                      | rc_mlx5/mlx5_1:1/path0 |
[1790055267.001434] [local:3420 :0]   +--------------------------------+-------------------------------------------+------------------------+
[1790055267.001570] [local:3420 :0]   +--------------------------------+-------------------------------------------------------------------------------------+
[1790055267.001571] [local:3420 :0]   | ucp_context_0 intra-node cfg#1 | active message by ucp_am_send* with reply flag(fast-completion) from host memory    |
[1790055267.001571] [local:3420 :0]   +--------------------------------+------------------------------------------------------------+------------------------+
[1790055267.001572] [local:3420 :0]   |                         0..218 | short                                                      | rc_mlx5/mlx5_1:1/path0 |
[1790055267.001572] [local:3420 :0]   |                      219..8238 | copy-in                                                    | rc_mlx5/mlx5_1:1/path0 |
[1790055267.001573] [local:3420 :0]   |                     8239..9187 | multi-frag copy-in                                         | rc_mlx5/mlx5_1:1/path0 |
[1790055267.001574] [local:3420 :0]   |                      9188..inf | multi-frag zero-copy                                       | rc_mlx5/mlx5_1:1/path0 |
[1790055267.001574] [local:3420 :0]   +--------------------------------+------------------------------------------------------------+------------------------+
[1790055267.001727] [local:3420 :0]   +--------------------------------+---------------------------------------------------------------------------+
[1790055267.001728] [local:3420 :0]   | ucp_context_0 intra-node cfg#1 | active message by ucp_am_send* with reply flag(multi) from host memory    |
[1790055267.001729] [local:3420 :0]   +--------------------------------+--------------------------------------------------+------------------------+
[1790055267.001729] [local:3420 :0]   |                         0..218 | short                                            | rc_mlx5/mlx5_1:1/path0 |
[1790055267.001730] [local:3420 :0]   |                       219..440 | copy-in                                          | rc_mlx5/mlx5_1:1/path0 |
[1790055267.001730] [local:3420 :0]   |                      441..8238 | zero-copy                                        | rc_mlx5/mlx5_1:1/path0 |
[1790055267.001731] [local:3420 :0]   |                      8239..inf | multi-frag zero-copy                             | rc_mlx5/mlx5_1:1/path0 |
[1790055267.001731] [local:3420 :0]   +--------------------------------+--------------------------------------------------+------------------------+
[1790055267.072961] [local:3420 :0]      ucp_worker.c:1984 UCX  INFO    ucp_context_0 intra-node cfg#1 rma(rc_mlx5/mlx5_1:1)  amo(rc_mlx5/mlx5_1:1)  device(cuda_ipc/cuda rc_gda/cuda1-mlx5_1:1 rc_gda/cuda1-mlx5_1:1)  am(rc_mlx5/mlx5_1:1 rc_mlx5/mlx5_1:1 cuda_ipc/cuda)  ka(ud_mlx5/mlx5_1:1)
[1790055267.083148] [local:3420 :0]   +--------------------------------+-------------------------------------------------------------+
[1790055267.083151] [local:3420 :0]   | ucp_context_0 intra-node cfg#1 | remote memory write by ucp_put* from host memory to host    |
[1790055267.083152] [local:3420 :0]   +--------------------------------+------------+------------------------------------------------+
[1790055267.083152] [local:3420 :0]   |                         0..220 | short      | rc_mlx5/mlx5_1:1/path0                         |
[1790055267.083153] [local:3420 :0]   |                      221..1193 | copy-in    | rc_mlx5/mlx5_1:1/path0                         |
[1790055267.083153] [local:3420 :0]   |                      1194..inf | zero-copy  | rc_mlx5/mlx5_1:1 50% on path0 and 50% on path1 |
[1790055267.083154] [local:3420 :0]   +--------------------------------+------------+------------------------------------------------+
[1790055267.083240] [local:3420 :0]   +--------------------------------+------------------------------------------------------------------------------+
[1790055267.083254] [local:3420 :0]   | ucp_context_0 intra-node cfg#1 | remote memory write by ucp_put*(fast-completion) from host memory to host    |
[1790055267.083254] [local:3420 :0]   +--------------------------------+-----------------------------+------------------------------------------------+
[1790055267.083255] [local:3420 :0]   |                         0..220 | short                       | rc_mlx5/mlx5_1:1/path0                         |
[1790055267.083256] [local:3420 :0]   |                      221..9292 | copy-in                     | rc_mlx5/mlx5_1:1/path0                         |
[1790055267.083256] [local:3420 :0]   |                      9293..inf | zero-copy                   | rc_mlx5/mlx5_1:1 50% on path0 and 50% on path1 |
[1790055267.083257] [local:3420 :0]   +--------------------------------+-----------------------------+------------------------------------------------+
[1790055267.083338] [local:3420 :0]   +--------------------------------+--------------------------------------------------------------------+
[1790055267.083338] [local:3420 :0]   | ucp_context_0 intra-node cfg#1 | remote memory write by ucp_put*(multi) from host memory to host    |
[1790055267.083339] [local:3420 :0]   +--------------------------------+-------------------+------------------------------------------------+
[1790055267.083339] [local:3420 :0]   |                         0..220 | short             | rc_mlx5/mlx5_1:1/path0                         |
[1790055267.083340] [local:3420 :0]   |                      221..1285 | copy-in           | rc_mlx5/mlx5_1:1/path0                         |
[1790055267.083340] [local:3420 :0]   |                      1286..inf | zero-copy         | rc_mlx5/mlx5_1:1 50% on path0 and 50% on path1 |
[1790055267.083341] [local:3420 :0]   +--------------------------------+-------------------+------------------------------------------------+
[1790055267.083611] [local:3420 :0]   +--------------------------------+--------------------------------------------------------------------+
[1790055267.083612] [local:3420 :0]   | ucp_context_0 intra-node cfg#1 | remote memory write by ucp_put* from host memory to cuda/dev[1]    |
[1790055267.083612] [local:3420 :0]   +--------------------------------+-------------------+------------------------------------------------+
[1790055267.083613] [local:3420 :0]   |                         0..220 | short             | rc_mlx5/mlx5_1:1/path0                         |
[1790055267.083613] [local:3420 :0]   |                      221..1193 | copy-in           | rc_mlx5/mlx5_1:1/path0                         |
[1790055267.083614] [local:3420 :0]   |                      1194..inf | zero-copy         | rc_mlx5/mlx5_1:1 50% on path0 and 50% on path1 |
[1790055267.083614] [local:3420 :0]   +--------------------------------+-------------------+------------------------------------------------+
[1790055267.083675] [local:3420 :0]   +--------------------------------+-------------------------------------------------------------------------------------+
[1790055267.083675] [local:3420 :0]   | ucp_context_0 intra-node cfg#1 | remote memory write by ucp_put*(fast-completion) from host memory to cuda/dev[1]    |
[1790055267.083676] [local:3420 :0]   +--------------------------------+------------------------------------+------------------------------------------------+
[1790055267.083676] [local:3420 :0]   |                         0..220 | short                              | rc_mlx5/mlx5_1:1/path0                         |
[1790055267.083677] [local:3420 :0]   |                      221..9292 | copy-in                            | rc_mlx5/mlx5_1:1/path0                         |
[1790055267.083677] [local:3420 :0]   |                      9293..inf | zero-copy                          | rc_mlx5/mlx5_1:1 50% on path0 and 50% on path1 |
[1790055267.083678] [local:3420 :0]   +--------------------------------+------------------------------------+------------------------------------------------+
[1790055267.083747] [local:3420 :0]   +--------------------------------+---------------------------------------------------------------------------+
[1790055267.083754] [local:3420 :0]   | ucp_context_0 intra-node cfg#1 | remote memory write by ucp_put*(multi) from host memory to cuda/dev[1]    |
[1790055267.083755] [local:3420 :0]   +--------------------------------+--------------------------+------------------------------------------------+
[1790055267.083755] [local:3420 :0]   |                         0..220 | short                    | rc_mlx5/mlx5_1:1/path0                         |
[1790055267.083756] [local:3420 :0]   |                      221..1285 | copy-in                  | rc_mlx5/mlx5_1:1/path0                         |
[1790055267.083756] [local:3420 :0]   |                      1286..inf | zero-copy                | rc_mlx5/mlx5_1:1 50% on path0 and 50% on path1 |
[1790055267.083757] [local:3420 :0]   +--------------------------------+--------------------------+------------------------------------------------+
[1790055267.083967] [local:3420 :0]   +--------------------------------+----------------------------------------------------+
[1790055267.083968] [local:3420 :0]   | ucp_context_0 intra-node cfg#1 | active message by ucp_am_send* from host memory    |
[1790055267.083969] [local:3420 :0]   +--------------------------------+---------------------------+------------------------+
[1790055267.083969] [local:3420 :0]   |                         0..226 | short                     | rc_mlx5/mlx5_1:1/path0 |
[1790055267.083970] [local:3420 :0]   |                       227..404 | copy-in                   | rc_mlx5/mlx5_1:1/path0 |
[1790055267.083970] [local:3420 :0]   |                      405..8246 | zero-copy                 | rc_mlx5/mlx5_1:1/path0 |
[1790055267.083971] [local:3420 :0]   |                      8247..inf | multi-frag zero-copy      | rc_mlx5/mlx5_1:1/path0 |
[1790055267.083971] [local:3420 :0]   +--------------------------------+---------------------------+------------------------+
[1790055267.084111] [local:3420 :0]   +--------------------------------+---------------------------------------------------------------------+
[1790055267.084112] [local:3420 :0]   | ucp_context_0 intra-node cfg#1 | active message by ucp_am_send*(fast-completion) from host memory    |
[1790055267.084113] [local:3420 :0]   +--------------------------------+--------------------------------------------+------------------------+
[1790055267.084113] [local:3420 :0]   |                         0..226 | short                                      | rc_mlx5/mlx5_1:1/path0 |
[1790055267.084114] [local:3420 :0]   |                      227..8246 | copy-in                                    | rc_mlx5/mlx5_1:1/path0 |
[1790055267.084114] [local:3420 :0]   |                     8247..9187 | multi-frag copy-in                         | rc_mlx5/mlx5_1:1/path0 |
[1790055267.084115] [local:3420 :0]   |                      9188..inf | multi-frag zero-copy                       | rc_mlx5/mlx5_1:1/path0 |
[1790055267.084115] [local:3420 :0]   +--------------------------------+--------------------------------------------+------------------------+
[1790055267.084582] [local:3420 :0]   +--------------------------------+-----------------------------------------------------------+
[1790055267.084583] [local:3420 :0]   | ucp_context_0 intra-node cfg#1 | active message by ucp_am_send*(multi) from host memory    |
[1790055267.084584] [local:3420 :0]   +--------------------------------+----------------------------------+------------------------+
[1790055267.084584] [local:3420 :0]   |                         0..226 | short                            | rc_mlx5/mlx5_1:1/path0 |
[1790055267.084585] [local:3420 :0]   |                       227..440 | copy-in                          | rc_mlx5/mlx5_1:1/path0 |
[1790055267.084585] [local:3420 :0]   |                      441..8246 | zero-copy                        | rc_mlx5/mlx5_1:1/path0 |
[1790055267.084586] [local:3420 :0]   |                      8247..inf | multi-frag zero-copy             | rc_mlx5/mlx5_1:1/path0 |
[1790055267.084586] [local:3420 :0]   +--------------------------------+----------------------------------+------------------------+
[1790055267.084732] [local:3420 :0]   +--------------------------------+--------------------------------------------------------------------+
[1790055267.084733] [local:3420 :0]   | ucp_context_0 intra-node cfg#1 | active message by ucp_am_send* with reply flag from host memory    |
[1790055267.084733] [local:3420 :0]   +--------------------------------+-------------------------------------------+------------------------+
[1790055267.084734] [local:3420 :0]   |                         0..218 | short                                     | rc_mlx5/mlx5_1:1/path0 |
[1790055267.084734] [local:3420 :0]   |                       219..404 | copy-in                                   | rc_mlx5/mlx5_1:1/path0 |
[1790055267.084735] [local:3420 :0]   |                      405..8238 | zero-copy                                 | rc_mlx5/mlx5_1:1/path0 |
[1790055267.084735] [local:3420 :0]   |                      8239..inf | multi-frag zero-copy                      | rc_mlx5/mlx5_1:1/path0 |
[1790055267.084736] [local:3420 :0]   +--------------------------------+-------------------------------------------+------------------------+
[1790055267.084875] [local:3420 :0]   +--------------------------------+-------------------------------------------------------------------------------------+
[1790055267.084875] [local:3420 :0]   | ucp_context_0 intra-node cfg#1 | active message by ucp_am_send* with reply flag(fast-completion) from host memory    |
[1790055267.084876] [local:3420 :0]   +--------------------------------+------------------------------------------------------------+------------------------+
[1790055267.084876] [local:3420 :0]   |                         0..218 | short                                                      | rc_mlx5/mlx5_1:1/path0 |
[1790055267.084877] [local:3420 :0]   |                      219..8238 | copy-in                                                    | rc_mlx5/mlx5_1:1/path0 |
[1790055267.084878] [local:3420 :0]   |                     8239..9187 | multi-frag copy-in                                         | rc_mlx5/mlx5_1:1/path0 |
[1790055267.084878] [local:3420 :0]   |                      9188..inf | multi-frag zero-copy                                       | rc_mlx5/mlx5_1:1/path0 |
[1790055267.084879] [local:3420 :0]   +--------------------------------+------------------------------------------------------------+------------------------+
[1790055267.085030] [local:3420 :0]   +--------------------------------+---------------------------------------------------------------------------+
[1790055267.085031] [local:3420 :0]   | ucp_context_0 intra-node cfg#1 | active message by ucp_am_send* with reply flag(multi) from host memory    |
[1790055267.085031] [local:3420 :0]   +--------------------------------+--------------------------------------------------+------------------------+
[1790055267.085032] [local:3420 :0]   |                         0..218 | short                                            | rc_mlx5/mlx5_1:1/path0 |
[1790055267.085032] [local:3420 :0]   |                       219..440 | copy-in                                          | rc_mlx5/mlx5_1:1/path0 |
[1790055267.085033] [local:3420 :0]   |                      441..8238 | zero-copy                                        | rc_mlx5/mlx5_1:1/path0 |
[1790055267.085033] [local:3420 :0]   |                      8239..inf | multi-frag zero-copy                             | rc_mlx5/mlx5_1:1/path0 |
[1790055267.085034] [local:3420 :0]   +--------------------------------+--------------------------------------------------+------------------------+
[1790055268.428920] [local:3420 :0]   +--------------------------+--------------------------------------------------------------------+
[1790055268.428926] [local:3420 :0]   | ucp_context_0 self cfg#1 | remote memory write by ucp_put* from host memory to cuda/dev[1]    |
[1790055268.428927] [local:3420 :0]   +--------------------------+-------------------+------------------------------------------------+
[1790055268.428948] [local:3420 :0]   |                   0..220 | short             | rc_mlx5/mlx5_1:1/path0                         |
[1790055268.428949] [local:3420 :0]   |                221..1193 | copy-in           | rc_mlx5/mlx5_1:1/path0                         |
[1790055268.428949] [local:3420 :0]   |                1194..inf | zero-copy         | rc_mlx5/mlx5_1:1 50% on path0 and 50% on path1 |
[1790055268.428950] [local:3420 :0]   +--------------------------+-------------------+------------------------------------------------+
[1790055268.429019] [local:3420 :0]   +--------------------------+-------------------------------------------------------------------------------------+
[1790055268.429020] [local:3420 :0]   | ucp_context_0 self cfg#1 | remote memory write by ucp_put*(fast-completion) from host memory to cuda/dev[1]    |
[1790055268.429020] [local:3420 :0]   +--------------------------+------------------------------------+------------------------------------------------+
[1790055268.429021] [local:3420 :0]   |                   0..220 | short                              | rc_mlx5/mlx5_1:1/path0                         |
[1790055268.429021] [local:3420 :0]   |                221..9292 | copy-in                            | rc_mlx5/mlx5_1:1/path0                         |
[1790055268.429022] [local:3420 :0]   |                9293..inf | zero-copy                          | rc_mlx5/mlx5_1:1 50% on path0 and 50% on path1 |
[1790055268.429022] [local:3420 :0]   +--------------------------+------------------------------------+------------------------------------------------+
[1790055268.429098] [local:3420 :0]   +--------------------------+---------------------------------------------------------------------------+
[1790055268.429099] [local:3420 :0]   | ucp_context_0 self cfg#1 | remote memory write by ucp_put*(multi) from host memory to cuda/dev[1]    |
[1790055268.429099] [local:3420 :0]   +--------------------------+--------------------------+------------------------------------------------+
[1790055268.429100] [local:3420 :0]   |                   0..220 | short                    | rc_mlx5/mlx5_1:1/path0                         |
[1790055268.429101] [local:3420 :0]   |                221..1285 | copy-in                  | rc_mlx5/mlx5_1:1/path0                         |
[1790055268.429101] [local:3420 :0]   |                1286..inf | zero-copy                | rc_mlx5/mlx5_1:1 50% on path0 and 50% on path1 |
[1790055268.429102] [local:3420 :0]   +--------------------------+--------------------------+------------------------------------------------+
[1790055287.315356] [local:3420 :1]      ucp_worker.c:1984 UCX  INFO    ucp_context_0 intra-node cfg#2 rma(rc_mlx5/mlx5_1:1)  amo(rc_mlx5/mlx5_1:1)  device(cuda_ipc/cuda rc_gda/cuda1-mlx5_1:1 rc_gda/cuda1-mlx5_1:1)  am(rc_mlx5/mlx5_1:1 rc_mlx5/mlx5_1:1 cuda_ipc/cuda)  ka(ud_mlx5/mlx5_1:1)
[1790055287.315548] [local:3420 :1]   +--------------------------------+-------------------------------------------------------------+
[1790055287.315550] [local:3420 :1]   | ucp_context_0 intra-node cfg#2 | remote memory write by ucp_put* from host memory to host    |
[1790055287.315550] [local:3420 :1]   +--------------------------------+------------+------------------------------------------------+
[1790055287.315551] [local:3420 :1]   |                         0..220 | short      | rc_mlx5/mlx5_1:1/path0                         |
[1790055287.315552] [local:3420 :1]   |                      221..1193 | copy-in    | rc_mlx5/mlx5_1:1/path0                         |
[1790055287.315553] [local:3420 :1]   |                      1194..inf | zero-copy  | rc_mlx5/mlx5_1:1 50% on path0 and 50% on path1 |
[1790055287.315553] [local:3420 :1]   +--------------------------------+------------+------------------------------------------------+
[1790055287.315627] [local:3420 :1]   +--------------------------------+------------------------------------------------------------------------------+
[1790055287.315628] [local:3420 :1]   | ucp_context_0 intra-node cfg#2 | remote memory write by ucp_put*(fast-completion) from host memory to host    |
[1790055287.315644] [local:3420 :1]   +--------------------------------+-----------------------------+------------------------------------------------+
[1790055287.315644] [local:3420 :1]   |                         0..220 | short                       | rc_mlx5/mlx5_1:1/path0                         |
[1790055287.315645] [local:3420 :1]   |                      221..9292 | copy-in                     | rc_mlx5/mlx5_1:1/path0                         |
[1790055287.315645] [local:3420 :1]   |                      9293..inf | zero-copy                   | rc_mlx5/mlx5_1:1 50% on path0 and 50% on path1 |
[1790055287.315646] [local:3420 :1]   +--------------------------------+-----------------------------+------------------------------------------------+
[1790055287.315720] [local:3420 :1]   +--------------------------------+--------------------------------------------------------------------+
[1790055287.315721] [local:3420 :1]   | ucp_context_0 intra-node cfg#2 | remote memory write by ucp_put*(multi) from host memory to host    |
[1790055287.315721] [local:3420 :1]   +--------------------------------+-------------------+------------------------------------------------+
[1790055287.315722] [local:3420 :1]   |                         0..220 | short             | rc_mlx5/mlx5_1:1/path0                         |
[1790055287.315723] [local:3420 :1]   |                      221..1285 | copy-in           | rc_mlx5/mlx5_1:1/path0                         |
[1790055287.315723] [local:3420 :1]   |                      1286..inf | zero-copy         | rc_mlx5/mlx5_1:1 50% on path0 and 50% on path1 |
[1790055287.315724] [local:3420 :1]   +--------------------------------+-------------------+------------------------------------------------+
[1790055287.316012] [local:3420 :1]   +--------------------------------+--------------------------------------------------------------------+
[1790055287.316013] [local:3420 :1]   | ucp_context_0 intra-node cfg#2 | remote memory write by ucp_put* from host memory to cuda/dev[1]    |
[1790055287.316013] [local:3420 :1]   +--------------------------------+-------------------+------------------------------------------------+
[1790055287.316014] [local:3420 :1]   |                         0..220 | short             | rc_mlx5/mlx5_1:1/path0                         |
[1790055287.316014] [local:3420 :1]   |                      221..1193 | copy-in           | rc_mlx5/mlx5_1:1/path0                         |
[1790055287.316015] [local:3420 :1]   |                      1194..inf | zero-copy         | rc_mlx5/mlx5_1:1 50% on path0 and 50% on path1 |
[1790055287.316016] [local:3420 :1]   +--------------------------------+-------------------+------------------------------------------------+
[1790055287.316084] [local:3420 :1]   +--------------------------------+-------------------------------------------------------------------------------------+
[1790055287.316085] [local:3420 :1]   | ucp_context_0 intra-node cfg#2 | remote memory write by ucp_put*(fast-completion) from host memory to cuda/dev[1]    |
[1790055287.316085] [local:3420 :1]   +--------------------------------+------------------------------------+------------------------------------------------+
[1790055287.316086] [local:3420 :1]   |                         0..220 | short                              | rc_mlx5/mlx5_1:1/path0                         |
[1790055287.316086] [local:3420 :1]   |                      221..9292 | copy-in                            | rc_mlx5/mlx5_1:1/path0                         |
[1790055287.316087] [local:3420 :1]   |                      9293..inf | zero-copy                          | rc_mlx5/mlx5_1:1 50% on path0 and 50% on path1 |
[1790055287.316087] [local:3420 :1]   +--------------------------------+------------------------------------+------------------------------------------------+
[1790055287.316162] [local:3420 :1]   +--------------------------------+---------------------------------------------------------------------------+
[1790055287.316165] [local:3420 :1]   | ucp_context_0 intra-node cfg#2 | remote memory write by ucp_put*(multi) from host memory to cuda/dev[1]    |
[1790055287.316165] [local:3420 :1]   +--------------------------------+--------------------------+------------------------------------------------+
[1790055287.316166] [local:3420 :1]   |                         0..220 | short                    | rc_mlx5/mlx5_1:1/path0                         |
[1790055287.316167] [local:3420 :1]   |                      221..1285 | copy-in                  | rc_mlx5/mlx5_1:1/path0                         |
[1790055287.316167] [local:3420 :1]   |                      1286..inf | zero-copy                | rc_mlx5/mlx5_1:1 50% on path0 and 50% on path1 |
[1790055287.316168] [local:3420 :1]   +--------------------------------+--------------------------+------------------------------------------------+
[1790055287.316420] [local:3420 :1]   +--------------------------------+----------------------------------------------------+
[1790055287.316421] [local:3420 :1]   | ucp_context_0 intra-node cfg#2 | active message by ucp_am_send* from host memory    |
[1790055287.316422] [local:3420 :1]   +--------------------------------+---------------------------+------------------------+
[1790055287.316422] [local:3420 :1]   |                         0..226 | short                     | rc_mlx5/mlx5_1:1/path0 |
[1790055287.316423] [local:3420 :1]   |                       227..404 | copy-in                   | rc_mlx5/mlx5_1:1/path0 |
[1790055287.316423] [local:3420 :1]   |                      405..8246 | zero-copy                 | rc_mlx5/mlx5_1:1/path0 |
[1790055287.316424] [local:3420 :1]   |                      8247..inf | multi-frag zero-copy      | rc_mlx5/mlx5_1:1/path0 |
[1790055287.316425] [local:3420 :1]   +--------------------------------+---------------------------+------------------------+
[1790055287.316589] [local:3420 :1]   +--------------------------------+---------------------------------------------------------------------+
[1790055287.316590] [local:3420 :1]   | ucp_context_0 intra-node cfg#2 | active message by ucp_am_send*(fast-completion) from host memory    |
[1790055287.316591] [local:3420 :1]   +--------------------------------+--------------------------------------------+------------------------+
[1790055287.316591] [local:3420 :1]   |                         0..226 | short                                      | rc_mlx5/mlx5_1:1/path0 |
[1790055287.316592] [local:3420 :1]   |                      227..8246 | copy-in                                    | rc_mlx5/mlx5_1:1/path0 |
[1790055287.316592] [local:3420 :1]   |                     8247..9187 | multi-frag copy-in                         | rc_mlx5/mlx5_1:1/path0 |
[1790055287.316593] [local:3420 :1]   |                      9188..inf | multi-frag zero-copy                       | rc_mlx5/mlx5_1:1/path0 |
[1790055287.316593] [local:3420 :1]   +--------------------------------+--------------------------------------------+------------------------+
[1790055287.317131] [local:3420 :1]   +--------------------------------+-----------------------------------------------------------+
[1790055287.317132] [local:3420 :1]   | ucp_context_0 intra-node cfg#2 | active message by ucp_am_send*(multi) from host memory    |
[1790055287.317132] [local:3420 :1]   +--------------------------------+----------------------------------+------------------------+
[1790055287.317133] [local:3420 :1]   |                         0..226 | short                            | rc_mlx5/mlx5_1:1/path0 |
[1790055287.317134] [local:3420 :1]   |                       227..440 | copy-in                          | rc_mlx5/mlx5_1:1/path0 |
[1790055287.317134] [local:3420 :1]   |                      441..8246 | zero-copy                        | rc_mlx5/mlx5_1:1/path0 |
[1790055287.317135] [local:3420 :1]   |                      8247..inf | multi-frag zero-copy             | rc_mlx5/mlx5_1:1/path0 |
[1790055287.317135] [local:3420 :1]   +--------------------------------+----------------------------------+------------------------+
[1790055287.317316] [local:3420 :1]   +--------------------------------+--------------------------------------------------------------------+
[1790055287.317316] [local:3420 :1]   | ucp_context_0 intra-node cfg#2 | active message by ucp_am_send* with reply flag from host memory    |
[1790055287.317317] [local:3420 :1]   +--------------------------------+-------------------------------------------+------------------------+
[1790055287.317318] [local:3420 :1]   |                         0..218 | short                                     | rc_mlx5/mlx5_1:1/path0 |
[1790055287.317318] [local:3420 :1]   |                       219..404 | copy-in                                   | rc_mlx5/mlx5_1:1/path0 |
[1790055287.317319] [local:3420 :1]   |                      405..8238 | zero-copy                                 | rc_mlx5/mlx5_1:1/path0 |
[1790055287.317319] [local:3420 :1]   |                      8239..inf | multi-frag zero-copy                      | rc_mlx5/mlx5_1:1/path0 |
[1790055287.317320] [local:3420 :1]   +--------------------------------+-------------------------------------------+------------------------+
[1790055287.317477] [local:3420 :1]   +--------------------------------+-------------------------------------------------------------------------------------+
[1790055287.317477] [local:3420 :1]   | ucp_context_0 intra-node cfg#2 | active message by ucp_am_send* with reply flag(fast-completion) from host memory    |
[1790055287.317478] [local:3420 :1]   +--------------------------------+------------------------------------------------------------+------------------------+
[1790055287.317479] [local:3420 :1]   |                         0..218 | short                                                      | rc_mlx5/mlx5_1:1/path0 |
[1790055287.317479] [local:3420 :1]   |                      219..8238 | copy-in                                                    | rc_mlx5/mlx5_1:1/path0 |
[1790055287.317480] [local:3420 :1]   |                     8239..9187 | multi-frag copy-in                                         | rc_mlx5/mlx5_1:1/path0 |
[1790055287.317480] [local:3420 :1]   |                      9188..inf | multi-frag zero-copy                                       | rc_mlx5/mlx5_1:1/path0 |
[1790055287.317481] [local:3420 :1]   +--------------------------------+------------------------------------------------------------+------------------------+
[1790055287.317655] [local:3420 :1]   +--------------------------------+---------------------------------------------------------------------------+
[1790055287.317656] [local:3420 :1]   | ucp_context_0 intra-node cfg#2 | active message by ucp_am_send* with reply flag(multi) from host memory    |
[1790055287.317657] [local:3420 :1]   +--------------------------------+--------------------------------------------------+------------------------+
[1790055287.317657] [local:3420 :1]   |                         0..218 | short                                            | rc_mlx5/mlx5_1:1/path0 |
[1790055287.317658] [local:3420 :1]   |                       219..440 | copy-in                                          | rc_mlx5/mlx5_1:1/path0 |
[1790055287.317658] [local:3420 :1]   |                      441..8238 | zero-copy                                        | rc_mlx5/mlx5_1:1/path0 |
[1790055287.317659] [local:3420 :1]   |                      8239..inf | multi-frag zero-copy                             | rc_mlx5/mlx5_1:1/path0 |
[1790055287.317659] [local:3420 :1]   +--------------------------------+--------------------------------------------------+------------------------+
[1790055287.323474] [local:3420 :1]      ucp_worker.c:1984 UCX  INFO    ucp_context_0 intra-node cfg#2 rma(rc_mlx5/mlx5_1:1)  amo(rc_mlx5/mlx5_1:1)  device(cuda_ipc/cuda rc_gda/cuda1-mlx5_1:1 rc_gda/cuda1-mlx5_1:1)  am(rc_mlx5/mlx5_1:1 rc_mlx5/mlx5_1:1 cuda_ipc/cuda)  ka(ud_mlx5/mlx5_1:1)
[1790055287.323625] [local:3420 :1]   +--------------------------------+-------------------------------------------------------------+
[1790055287.323626] [local:3420 :1]   | ucp_context_0 intra-node cfg#2 | remote memory write by ucp_put* from host memory to host    |
[1790055287.323640] [local:3420 :1]   +--------------------------------+------------+------------------------------------------------+
[1790055287.323640] [local:3420 :1]   |                         0..220 | short      | rc_mlx5/mlx5_1:1/path0                         |
[1790055287.323641] [local:3420 :1]   |                      221..1193 | copy-in    | rc_mlx5/mlx5_1:1/path0                         |
[1790055287.323641] [local:3420 :1]   |                      1194..inf | zero-copy  | rc_mlx5/mlx5_1:1 50% on path0 and 50% on path1 |
[1790055287.323642] [local:3420 :1]   +--------------------------------+------------+------------------------------------------------+
[1790055287.323712] [local:3420 :1]   +--------------------------------+------------------------------------------------------------------------------+
[1790055287.323712] [local:3420 :1]   | ucp_context_0 intra-node cfg#2 | remote memory write by ucp_put*(fast-completion) from host memory to host    |
[1790055287.323713] [local:3420 :1]   +--------------------------------+-----------------------------+------------------------------------------------+
[1790055287.323714] [local:3420 :1]   |                         0..220 | short                       | rc_mlx5/mlx5_1:1/path0                         |
[1790055287.323714] [local:3420 :1]   |                      221..9292 | copy-in                     | rc_mlx5/mlx5_1:1/path0                         |
[1790055287.323715] [local:3420 :1]   |                      9293..inf | zero-copy                   | rc_mlx5/mlx5_1:1 50% on path0 and 50% on path1 |
[1790055287.323715] [local:3420 :1]   +--------------------------------+-----------------------------+------------------------------------------------+
[1790055287.323784] [local:3420 :1]   +--------------------------------+--------------------------------------------------------------------+
[1790055287.323785] [local:3420 :1]   | ucp_context_0 intra-node cfg#2 | remote memory write by ucp_put*(multi) from host memory to host    |
[1790055287.323786] [local:3420 :1]   +--------------------------------+-------------------+------------------------------------------------+
[1790055287.323786] [local:3420 :1]   |                         0..220 | short             | rc_mlx5/mlx5_1:1/path0                         |
[1790055287.323787] [local:3420 :1]   |                      221..1285 | copy-in           | rc_mlx5/mlx5_1:1/path0                         |
[1790055287.323787] [local:3420 :1]   |                      1286..inf | zero-copy         | rc_mlx5/mlx5_1:1 50% on path0 and 50% on path1 |
[1790055287.323788] [local:3420 :1]   +--------------------------------+-------------------+------------------------------------------------+
[1790055287.324104] [local:3420 :1]   +--------------------------------+--------------------------------------------------------------------+
[1790055287.324105] [local:3420 :1]   | ucp_context_0 intra-node cfg#2 | remote memory write by ucp_put* from host memory to cuda/dev[1]    |
[1790055287.324105] [local:3420 :1]   +--------------------------------+-------------------+------------------------------------------------+
[1790055287.324106] [local:3420 :1]   |                         0..220 | short             | rc_mlx5/mlx5_1:1/path0                         |
[1790055287.324107] [local:3420 :1]   |                      221..1193 | copy-in           | rc_mlx5/mlx5_1:1/path0                         |
[1790055287.324107] [local:3420 :1]   |                      1194..inf | zero-copy         | rc_mlx5/mlx5_1:1 50% on path0 and 50% on path1 |
[1790055287.324108] [local:3420 :1]   +--------------------------------+-------------------+------------------------------------------------+
[1790055287.324175] [local:3420 :1]   +--------------------------------+-------------------------------------------------------------------------------------+
[1790055287.324176] [local:3420 :1]   | ucp_context_0 intra-node cfg#2 | remote memory write by ucp_put*(fast-completion) from host memory to cuda/dev[1]    |
[1790055287.324178] [local:3420 :1]   +--------------------------------+------------------------------------+------------------------------------------------+
[1790055287.324179] [local:3420 :1]   |                         0..220 | short                              | rc_mlx5/mlx5_1:1/path0                         |
[1790055287.324179] [local:3420 :1]   |                      221..9292 | copy-in                            | rc_mlx5/mlx5_1:1/path0                         |
[1790055287.324180] [local:3420 :1]   |                      9293..inf | zero-copy                          | rc_mlx5/mlx5_1:1 50% on path0 and 50% on path1 |
[1790055287.324180] [local:3420 :1]   +--------------------------------+------------------------------------+------------------------------------------------+
[1790055287.324254] [local:3420 :1]   +--------------------------------+---------------------------------------------------------------------------+
[1790055287.324255] [local:3420 :1]   | ucp_context_0 intra-node cfg#2 | remote memory write by ucp_put*(multi) from host memory to cuda/dev[1]    |
[1790055287.324255] [local:3420 :1]   +--------------------------------+--------------------------+------------------------------------------------+
[1790055287.324256] [local:3420 :1]   |                         0..220 | short                    | rc_mlx5/mlx5_1:1/path0                         |
[1790055287.324257] [local:3420 :1]   |                      221..1285 | copy-in                  | rc_mlx5/mlx5_1:1/path0                         |
[1790055287.324257] [local:3420 :1]   |                      1286..inf | zero-copy                | rc_mlx5/mlx5_1:1 50% on path0 and 50% on path1 |
[1790055287.324258] [local:3420 :1]   +--------------------------------+--------------------------+------------------------------------------------+
[1790055287.324496] [local:3420 :1]   +--------------------------------+----------------------------------------------------+
[1790055287.324497] [local:3420 :1]   | ucp_context_0 intra-node cfg#2 | active message by ucp_am_send* from host memory    |
[1790055287.324498] [local:3420 :1]   +--------------------------------+---------------------------+------------------------+
[1790055287.324498] [local:3420 :1]   |                         0..226 | short                     | rc_mlx5/mlx5_1:1/path0 |
[1790055287.324499] [local:3420 :1]   |                       227..404 | copy-in                   | rc_mlx5/mlx5_1:1/path0 |
[1790055287.324499] [local:3420 :1]   |                      405..8246 | zero-copy                 | rc_mlx5/mlx5_1:1/path0 |
[1790055287.324500] [local:3420 :1]   |                      8247..inf | multi-frag zero-copy      | rc_mlx5/mlx5_1:1/path0 |
[1790055287.324501] [local:3420 :1]   +--------------------------------+---------------------------+------------------------+
[1790055287.324660] [local:3420 :1]   +--------------------------------+---------------------------------------------------------------------+
[1790055287.324661] [local:3420 :1]   | ucp_context_0 intra-node cfg#2 | active message by ucp_am_send*(fast-completion) from host memory    |
[1790055287.324661] [local:3420 :1]   +--------------------------------+--------------------------------------------+------------------------+
[1790055287.324662] [local:3420 :1]   |                         0..226 | short                                      | rc_mlx5/mlx5_1:1/path0 |
[1790055287.324662] [local:3420 :1]   |                      227..8246 | copy-in                                    | rc_mlx5/mlx5_1:1/path0 |
[1790055287.324663] [local:3420 :1]   |                     8247..9187 | multi-frag copy-in                         | rc_mlx5/mlx5_1:1/path0 |
[1790055287.324663] [local:3420 :1]   |                      9188..inf | multi-frag zero-copy                       | rc_mlx5/mlx5_1:1/path0 |
[1790055287.324664] [local:3420 :1]   +--------------------------------+--------------------------------------------+------------------------+
[1790055287.325325] [local:3420 :1]   +--------------------------------+-----------------------------------------------------------+
[1790055287.325330] [local:3420 :1]   | ucp_context_0 intra-node cfg#2 | active message by ucp_am_send*(multi) from host memory    |
[1790055287.325331] [local:3420 :1]   +--------------------------------+----------------------------------+------------------------+
[1790055287.325331] [local:3420 :1]   |                         0..226 | short                            | rc_mlx5/mlx5_1:1/path0 |
[1790055287.325332] [local:3420 :1]   |                       227..440 | copy-in                          | rc_mlx5/mlx5_1:1/path0 |
[1790055287.325332] [local:3420 :1]   |                      441..8246 | zero-copy                        | rc_mlx5/mlx5_1:1/path0 |
[1790055287.325333] [local:3420 :1]   |                      8247..inf | multi-frag zero-copy             | rc_mlx5/mlx5_1:1/path0 |
[1790055287.325333] [local:3420 :1]   +--------------------------------+----------------------------------+------------------------+
[1790055287.325493] [local:3420 :1]   +--------------------------------+--------------------------------------------------------------------+
[1790055287.325494] [local:3420 :1]   | ucp_context_0 intra-node cfg#2 | active message by ucp_am_send* with reply flag from host memory    |
[1790055287.325494] [local:3420 :1]   +--------------------------------+-------------------------------------------+------------------------+
[1790055287.325495] [local:3420 :1]   |                         0..218 | short                                     | rc_mlx5/mlx5_1:1/path0 |
[1790055287.325495] [local:3420 :1]   |                       219..404 | copy-in                                   | rc_mlx5/mlx5_1:1/path0 |
[1790055287.325496] [local:3420 :1]   |                      405..8238 | zero-copy                                 | rc_mlx5/mlx5_1:1/path0 |
[1790055287.325496] [local:3420 :1]   |                      8239..inf | multi-frag zero-copy                      | rc_mlx5/mlx5_1:1/path0 |
[1790055287.325497] [local:3420 :1]   +--------------------------------+-------------------------------------------+------------------------+
[1790055287.325650] [local:3420 :1]   +--------------------------------+-------------------------------------------------------------------------------------+
[1790055287.325650] [local:3420 :1]   | ucp_context_0 intra-node cfg#2 | active message by ucp_am_send* with reply flag(fast-completion) from host memory    |
[1790055287.325651] [local:3420 :1]   +--------------------------------+------------------------------------------------------------+------------------------+
[1790055287.325651] [local:3420 :1]   |                         0..218 | short                                                      | rc_mlx5/mlx5_1:1/path0 |
[1790055287.325652] [local:3420 :1]   |                      219..8238 | copy-in                                                    | rc_mlx5/mlx5_1:1/path0 |
[1790055287.325653] [local:3420 :1]   |                     8239..9187 | multi-frag copy-in                                         | rc_mlx5/mlx5_1:1/path0 |
[1790055287.325653] [local:3420 :1]   |                      9188..inf | multi-frag zero-copy                                       | rc_mlx5/mlx5_1:1/path0 |
[1790055287.325654] [local:3420 :1]   +--------------------------------+------------------------------------------------------------+------------------------+
[1790055287.325825] [local:3420 :1]   +--------------------------------+---------------------------------------------------------------------------+
[1790055287.325826] [local:3420 :1]   | ucp_context_0 intra-node cfg#2 | active message by ucp_am_send* with reply flag(multi) from host memory    |
[1790055287.325826] [local:3420 :1]   +--------------------------------+--------------------------------------------------+------------------------+
[1790055287.325827] [local:3420 :1]   |                         0..218 | short                                            | rc_mlx5/mlx5_1:1/path0 |
[1790055287.325827] [local:3420 :1]   |                       219..440 | copy-in                                          | rc_mlx5/mlx5_1:1/path0 |
[1790055287.325829] [local:3420 :1]   |                      441..8238 | zero-copy                                        | rc_mlx5/mlx5_1:1/path0 |
[1790055287.325830] [local:3420 :1]   |                      8239..inf | multi-frag zero-copy                             | rc_mlx5/mlx5_1:1/path0 |
[1790055287.325830] [local:3420 :1]   +--------------------------------+--------------------------------------------------+------------------------+
[1790055287.328541] [local:3420 :1]      ucp_worker.c:1984 UCX  INFO    ucp_context_0 intra-node cfg#2 rma(rc_mlx5/mlx5_1:1)  amo(rc_mlx5/mlx5_1:1)  device(cuda_ipc/cuda rc_gda/cuda1-mlx5_1:1 rc_gda/cuda1-mlx5_1:1)  am(rc_mlx5/mlx5_1:1 rc_mlx5/mlx5_1:1 cuda_ipc/cuda)  ka(ud_mlx5/mlx5_1:1)
[1790055287.328699] [local:3420 :1]   +--------------------------------+-------------------------------------------------------------+
[1790055287.328701] [local:3420 :1]   | ucp_context_0 intra-node cfg#2 | remote memory write by ucp_put* from host memory to host    |
[1790055287.328701] [local:3420 :1]   +--------------------------------+------------+------------------------------------------------+
[1790055287.328702] [local:3420 :1]   |                         0..220 | short      | rc_mlx5/mlx5_1:1/path0                         |
[1790055287.328702] [local:3420 :1]   |                      221..1193 | copy-in    | rc_mlx5/mlx5_1:1/path0                         |
[1790055287.328703] [local:3420 :1]   |                      1194..inf | zero-copy  | rc_mlx5/mlx5_1:1 50% on path0 and 50% on path1 |
[1790055287.328704] [local:3420 :1]   +--------------------------------+------------+------------------------------------------------+
[1790055287.328778] [local:3420 :1]   +--------------------------------+------------------------------------------------------------------------------+
[1790055287.328779] [local:3420 :1]   | ucp_context_0 intra-node cfg#2 | remote memory write by ucp_put*(fast-completion) from host memory to host    |
[1790055287.328780] [local:3420 :1]   +--------------------------------+-----------------------------+------------------------------------------------+
[1790055287.328781] [local:3420 :1]   |                         0..220 | short                       | rc_mlx5/mlx5_1:1/path0                         |
[1790055287.328781] [local:3420 :1]   |                      221..9292 | copy-in                     | rc_mlx5/mlx5_1:1/path0                         |
[1790055287.328782] [local:3420 :1]   |                      9293..inf | zero-copy                   | rc_mlx5/mlx5_1:1 50% on path0 and 50% on path1 |
[1790055287.328782] [local:3420 :1]   +--------------------------------+-----------------------------+------------------------------------------------+
[1790055287.328859] [local:3420 :1]   +--------------------------------+--------------------------------------------------------------------+
[1790055287.328860] [local:3420 :1]   | ucp_context_0 intra-node cfg#2 | remote memory write by ucp_put*(multi) from host memory to host    |
[1790055287.328860] [local:3420 :1]   +--------------------------------+-------------------+------------------------------------------------+
[1790055287.328861] [local:3420 :1]   |                         0..220 | short             | rc_mlx5/mlx5_1:1/path0                         |
[1790055287.328861] [local:3420 :1]   |                      221..1285 | copy-in           | rc_mlx5/mlx5_1:1/path0                         |
[1790055287.328862] [local:3420 :1]   |                      1286..inf | zero-copy         | rc_mlx5/mlx5_1:1 50% on path0 and 50% on path1 |
[1790055287.328863] [local:3420 :1]   +--------------------------------+-------------------+------------------------------------------------+
[1790055287.329167] [local:3420 :1]   +--------------------------------+--------------------------------------------------------------------+
[1790055287.329168] [local:3420 :1]   | ucp_context_0 intra-node cfg#2 | remote memory write by ucp_put* from host memory to cuda/dev[1]    |
[1790055287.329168] [local:3420 :1]   +--------------------------------+-------------------+------------------------------------------------+
[1790055287.329178] [local:3420 :1]   |                         0..220 | short             | rc_mlx5/mlx5_1:1/path0                         |
[1790055287.329179] [local:3420 :1]   |                      221..1193 | copy-in           | rc_mlx5/mlx5_1:1/path0                         |
[1790055287.329180] [local:3420 :1]   |                      1194..inf | zero-copy         | rc_mlx5/mlx5_1:1 50% on path0 and 50% on path1 |
[1790055287.329180] [local:3420 :1]   +--------------------------------+-------------------+------------------------------------------------+
[1790055287.329250] [local:3420 :1]   +--------------------------------+-------------------------------------------------------------------------------------+
[1790055287.329250] [local:3420 :1]   | ucp_context_0 intra-node cfg#2 | remote memory write by ucp_put*(fast-completion) from host memory to cuda/dev[1]    |
[1790055287.329251] [local:3420 :1]   +--------------------------------+------------------------------------+------------------------------------------------+
[1790055287.329252] [local:3420 :1]   |                         0..220 | short                              | rc_mlx5/mlx5_1:1/path0                         |
[1790055287.329252] [local:3420 :1]   |                      221..9292 | copy-in                            | rc_mlx5/mlx5_1:1/path0                         |
[1790055287.329253] [local:3420 :1]   |                      9293..inf | zero-copy                          | rc_mlx5/mlx5_1:1 50% on path0 and 50% on path1 |
[1790055287.329253] [local:3420 :1]   +--------------------------------+------------------------------------+------------------------------------------------+
[1790055287.329341] [local:3420 :1]   +--------------------------------+---------------------------------------------------------------------------+
[1790055287.329341] [local:3420 :1]   | ucp_context_0 intra-node cfg#2 | remote memory write by ucp_put*(multi) from host memory to cuda/dev[1]    |
[1790055287.329342] [local:3420 :1]   +--------------------------------+--------------------------+------------------------------------------------+
[1790055287.329343] [local:3420 :1]   |                         0..220 | short                    | rc_mlx5/mlx5_1:1/path0                         |
[1790055287.329343] [local:3420 :1]   |                      221..1285 | copy-in                  | rc_mlx5/mlx5_1:1/path0                         |
[1790055287.329344] [local:3420 :1]   |                      1286..inf | zero-copy                | rc_mlx5/mlx5_1:1 50% on path0 and 50% on path1 |
[1790055287.329344] [local:3420 :1]   +--------------------------------+--------------------------+------------------------------------------------+
[1790055287.329586] [local:3420 :1]   +--------------------------------+----------------------------------------------------+
[1790055287.329587] [local:3420 :1]   | ucp_context_0 intra-node cfg#2 | active message by ucp_am_send* from host memory    |
[1790055287.329587] [local:3420 :1]   +--------------------------------+---------------------------+------------------------+
[1790055287.329588] [local:3420 :1]   |                         0..226 | short                     | rc_mlx5/mlx5_1:1/path0 |
[1790055287.329588] [local:3420 :1]   |                       227..404 | copy-in                   | rc_mlx5/mlx5_1:1/path0 |
[1790055287.329589] [local:3420 :1]   |                      405..8246 | zero-copy                 | rc_mlx5/mlx5_1:1/path0 |
[1790055287.329590] [local:3420 :1]   |                      8247..inf | multi-frag zero-copy      | rc_mlx5/mlx5_1:1/path0 |
[1790055287.329590] [local:3420 :1]   +--------------------------------+---------------------------+------------------------+
[1790055287.329756] [local:3420 :1]   +--------------------------------+---------------------------------------------------------------------+
[1790055287.329756] [local:3420 :1]   | ucp_context_0 intra-node cfg#2 | active message by ucp_am_send*(fast-completion) from host memory    |
[1790055287.329760] [local:3420 :1]   +--------------------------------+--------------------------------------------+------------------------+
[1790055287.329761] [local:3420 :1]   |                         0..226 | short                                      | rc_mlx5/mlx5_1:1/path0 |
[1790055287.329761] [local:3420 :1]   |                      227..8246 | copy-in                                    | rc_mlx5/mlx5_1:1/path0 |
[1790055287.329762] [local:3420 :1]   |                     8247..9187 | multi-frag copy-in                         | rc_mlx5/mlx5_1:1/path0 |
[1790055287.329763] [local:3420 :1]   |                      9188..inf | multi-frag zero-copy                       | rc_mlx5/mlx5_1:1/path0 |
[1790055287.329763] [local:3420 :1]   +--------------------------------+--------------------------------------------+------------------------+
[1790055287.330302] [local:3420 :1]   +--------------------------------+-----------------------------------------------------------+
[1790055287.330303] [local:3420 :1]   | ucp_context_0 intra-node cfg#2 | active message by ucp_am_send*(multi) from host memory    |
[1790055287.330303] [local:3420 :1]   +--------------------------------+----------------------------------+------------------------+
[1790055287.330304] [local:3420 :1]   |                         0..226 | short                            | rc_mlx5/mlx5_1:1/path0 |
[1790055287.330304] [local:3420 :1]   |                       227..440 | copy-in                          | rc_mlx5/mlx5_1:1/path0 |
[1790055287.330305] [local:3420 :1]   |                      441..8246 | zero-copy                        | rc_mlx5/mlx5_1:1/path0 |
[1790055287.330305] [local:3420 :1]   |                      8247..inf | multi-frag zero-copy             | rc_mlx5/mlx5_1:1/path0 |
[1790055287.330306] [local:3420 :1]   +--------------------------------+----------------------------------+------------------------+
[1790055287.330470] [local:3420 :1]   +--------------------------------+--------------------------------------------------------------------+
[1790055287.330471] [local:3420 :1]   | ucp_context_0 intra-node cfg#2 | active message by ucp_am_send* with reply flag from host memory    |
[1790055287.330472] [local:3420 :1]   +--------------------------------+-------------------------------------------+------------------------+
[1790055287.330472] [local:3420 :1]   |                         0..218 | short                                     | rc_mlx5/mlx5_1:1/path0 |
[1790055287.330473] [local:3420 :1]   |                       219..404 | copy-in                                   | rc_mlx5/mlx5_1:1/path0 |
[1790055287.330473] [local:3420 :1]   |                      405..8238 | zero-copy                                 | rc_mlx5/mlx5_1:1/path0 |
[1790055287.330474] [local:3420 :1]   |                      8239..inf | multi-frag zero-copy                      | rc_mlx5/mlx5_1:1/path0 |
[1790055287.330474] [local:3420 :1]   +--------------------------------+-------------------------------------------+------------------------+
[1790055287.330636] [local:3420 :1]   +--------------------------------+-------------------------------------------------------------------------------------+
[1790055287.330637] [local:3420 :1]   | ucp_context_0 intra-node cfg#2 | active message by ucp_am_send* with reply flag(fast-completion) from host memory    |
[1790055287.330637] [local:3420 :1]   +--------------------------------+------------------------------------------------------------+------------------------+
[1790055287.330638] [local:3420 :1]   |                         0..218 | short                                                      | rc_mlx5/mlx5_1:1/path0 |
[1790055287.330639] [local:3420 :1]   |                      219..8238 | copy-in                                                    | rc_mlx5/mlx5_1:1/path0 |
[1790055287.330639] [local:3420 :1]   |                     8239..9187 | multi-frag copy-in                                         | rc_mlx5/mlx5_1:1/path0 |
[1790055287.330640] [local:3420 :1]   |                      9188..inf | multi-frag zero-copy                                       | rc_mlx5/mlx5_1:1/path0 |
[1790055287.330643] [local:3420 :1]   +--------------------------------+------------------------------------------------------------+------------------------+
[1790055287.330822] [local:3420 :1]   +--------------------------------+---------------------------------------------------------------------------+
[1790055287.330823] [local:3420 :1]   | ucp_context_0 intra-node cfg#2 | active message by ucp_am_send* with reply flag(multi) from host memory    |
[1790055287.330824] [local:3420 :1]   +--------------------------------+--------------------------------------------------+------------------------+
[1790055287.330824] [local:3420 :1]   |                         0..218 | short                                            | rc_mlx5/mlx5_1:1/path0 |
[1790055287.330825] [local:3420 :1]   |                       219..440 | copy-in                                          | rc_mlx5/mlx5_1:1/path0 |
[1790055287.330825] [local:3420 :1]   |                      441..8238 | zero-copy                                        | rc_mlx5/mlx5_1:1/path0 |
[1790055287.330826] [local:3420 :1]   |                      8239..inf | multi-frag zero-copy                             | rc_mlx5/mlx5_1:1/path0 |
[1790055287.330826] [local:3420 :1]   +--------------------------------+--------------------------------------------------+------------------------+
[1790055287.333539] [local:3420 :1]      ucp_worker.c:1984 UCX  INFO    ucp_context_0 intra-node cfg#2 rma(rc_mlx5/mlx5_1:1)  amo(rc_mlx5/mlx5_1:1)  device(cuda_ipc/cuda rc_gda/cuda1-mlx5_1:1 rc_gda/cuda1-mlx5_1:1)  am(rc_mlx5/mlx5_1:1 rc_mlx5/mlx5_1:1 cuda_ipc/cuda)  ka(ud_mlx5/mlx5_1:1)
[1790055287.333689] [local:3420 :1]   +--------------------------------+-------------------------------------------------------------+
[1790055287.333691] [local:3420 :1]   | ucp_context_0 intra-node cfg#2 | remote memory write by ucp_put* from host memory to host    |
[1790055287.333691] [local:3420 :1]   +--------------------------------+------------+------------------------------------------------+
[1790055287.333692] [local:3420 :1]   |                         0..220 | short      | rc_mlx5/mlx5_1:1/path0                         |
[1790055287.333693] [local:3420 :1]   |                      221..1193 | copy-in    | rc_mlx5/mlx5_1:1/path0                         |
[1790055287.333693] [local:3420 :1]   |                      1194..inf | zero-copy  | rc_mlx5/mlx5_1:1 50% on path0 and 50% on path1 |
[1790055287.333694] [local:3420 :1]   +--------------------------------+------------+------------------------------------------------+
[1790055287.333764] [local:3420 :1]   +--------------------------------+------------------------------------------------------------------------------+
[1790055287.333764] [local:3420 :1]   | ucp_context_0 intra-node cfg#2 | remote memory write by ucp_put*(fast-completion) from host memory to host    |
[1790055287.333765] [local:3420 :1]   +--------------------------------+-----------------------------+------------------------------------------------+
[1790055287.333766] [local:3420 :1]   |                         0..220 | short                       | rc_mlx5/mlx5_1:1/path0                         |
[1790055287.333766] [local:3420 :1]   |                      221..9292 | copy-in                     | rc_mlx5/mlx5_1:1/path0                         |
[1790055287.333767] [local:3420 :1]   |                      9293..inf | zero-copy                   | rc_mlx5/mlx5_1:1 50% on path0 and 50% on path1 |
[1790055287.333767] [local:3420 :1]   +--------------------------------+-----------------------------+------------------------------------------------+
[1790055287.333841] [local:3420 :1]   +--------------------------------+--------------------------------------------------------------------+
[1790055287.333842] [local:3420 :1]   | ucp_context_0 intra-node cfg#2 | remote memory write by ucp_put*(multi) from host memory to host    |
[1790055287.333843] [local:3420 :1]   +--------------------------------+-------------------+------------------------------------------------+
[1790055287.333852] [local:3420 :1]   |                         0..220 | short             | rc_mlx5/mlx5_1:1/path0                         |
[1790055287.333852] [local:3420 :1]   |                      221..1285 | copy-in           | rc_mlx5/mlx5_1:1/path0                         |
[1790055287.333853] [local:3420 :1]   |                      1286..inf | zero-copy         | rc_mlx5/mlx5_1:1 50% on path0 and 50% on path1 |
[1790055287.333853] [local:3420 :1]   +--------------------------------+-------------------+------------------------------------------------+
[1790055287.334139] [local:3420 :1]   +--------------------------------+--------------------------------------------------------------------+
[1790055287.334139] [local:3420 :1]   | ucp_context_0 intra-node cfg#2 | remote memory write by ucp_put* from host memory to cuda/dev[1]    |
[1790055287.334140] [local:3420 :1]   +--------------------------------+-------------------+------------------------------------------------+
[1790055287.334141] [local:3420 :1]   |                         0..220 | short             | rc_mlx5/mlx5_1:1/path0                         |
[1790055287.334141] [local:3420 :1]   |                      221..1193 | copy-in           | rc_mlx5/mlx5_1:1/path0                         |
[1790055287.334142] [local:3420 :1]   |                      1194..inf | zero-copy         | rc_mlx5/mlx5_1:1 50% on path0 and 50% on path1 |
[1790055287.334142] [local:3420 :1]   +--------------------------------+-------------------+------------------------------------------------+
[1790055287.334210] [local:3420 :1]   +--------------------------------+-------------------------------------------------------------------------------------+
[1790055287.334211] [local:3420 :1]   | ucp_context_0 intra-node cfg#2 | remote memory write by ucp_put*(fast-completion) from host memory to cuda/dev[1]    |
[1790055287.334211] [local:3420 :1]   +--------------------------------+------------------------------------+------------------------------------------------+
[1790055287.334212] [local:3420 :1]   |                         0..220 | short                              | rc_mlx5/mlx5_1:1/path0                         |
[1790055287.334213] [local:3420 :1]   |                      221..9292 | copy-in                            | rc_mlx5/mlx5_1:1/path0                         |
[1790055287.334213] [local:3420 :1]   |                      9293..inf | zero-copy                          | rc_mlx5/mlx5_1:1 50% on path0 and 50% on path1 |
[1790055287.334214] [local:3420 :1]   +--------------------------------+------------------------------------+------------------------------------------------+
[1790055287.334296] [local:3420 :1]   +--------------------------------+---------------------------------------------------------------------------+
[1790055287.334297] [local:3420 :1]   | ucp_context_0 intra-node cfg#2 | remote memory write by ucp_put*(multi) from host memory to cuda/dev[1]    |
[1790055287.334298] [local:3420 :1]   +--------------------------------+--------------------------+------------------------------------------------+
[1790055287.334298] [local:3420 :1]   |                         0..220 | short                    | rc_mlx5/mlx5_1:1/path0                         |
[1790055287.334299] [local:3420 :1]   |                      221..1285 | copy-in                  | rc_mlx5/mlx5_1:1/path0                         |
[1790055287.334299] [local:3420 :1]   |                      1286..inf | zero-copy                | rc_mlx5/mlx5_1:1 50% on path0 and 50% on path1 |
[1790055287.334300] [local:3420 :1]   +--------------------------------+--------------------------+------------------------------------------------+
[1790055287.334537] [local:3420 :1]   +--------------------------------+----------------------------------------------------+
[1790055287.334538] [local:3420 :1]   | ucp_context_0 intra-node cfg#2 | active message by ucp_am_send* from host memory    |
[1790055287.334539] [local:3420 :1]   +--------------------------------+---------------------------+------------------------+
[1790055287.334543] [local:3420 :1]   |                         0..226 | short                     | rc_mlx5/mlx5_1:1/path0 |
[1790055287.334544] [local:3420 :1]   |                       227..404 | copy-in                   | rc_mlx5/mlx5_1:1/path0 |
[1790055287.334544] [local:3420 :1]   |                      405..8246 | zero-copy                 | rc_mlx5/mlx5_1:1/path0 |
[1790055287.334545] [local:3420 :1]   |                      8247..inf | multi-frag zero-copy      | rc_mlx5/mlx5_1:1/path0 |
[1790055287.334546] [local:3420 :1]   +--------------------------------+---------------------------+------------------------+
[1790055287.334709] [local:3420 :1]   +--------------------------------+---------------------------------------------------------------------+
[1790055287.334709] [local:3420 :1]   | ucp_context_0 intra-node cfg#2 | active message by ucp_am_send*(fast-completion) from host memory    |
[1790055287.334710] [local:3420 :1]   +--------------------------------+--------------------------------------------+------------------------+
[1790055287.334711] [local:3420 :1]   |                         0..226 | short                                      | rc_mlx5/mlx5_1:1/path0 |
[1790055287.334711] [local:3420 :1]   |                      227..8246 | copy-in                                    | rc_mlx5/mlx5_1:1/path0 |
[1790055287.334712] [local:3420 :1]   |                     8247..9187 | multi-frag copy-in                         | rc_mlx5/mlx5_1:1/path0 |
[1790055287.334712] [local:3420 :1]   |                      9188..inf | multi-frag zero-copy                       | rc_mlx5/mlx5_1:1/path0 |
[1790055287.334713] [local:3420 :1]   +--------------------------------+--------------------------------------------+------------------------+
[1790055287.337342] [local:3420 :1]   +--------------------------------+-----------------------------------------------------------+
[1790055287.337343] [local:3420 :1]   | ucp_context_0 intra-node cfg#2 | active message by ucp_am_send*(multi) from host memory    |
[1790055287.337344] [local:3420 :1]   +--------------------------------+----------------------------------+------------------------+
[1790055287.337344] [local:3420 :1]   |                         0..226 | short                            | rc_mlx5/mlx5_1:1/path0 |
[1790055287.337345] [local:3420 :1]   |                       227..440 | copy-in                          | rc_mlx5/mlx5_1:1/path0 |
[1790055287.337345] [local:3420 :1]   |                      441..8246 | zero-copy                        | rc_mlx5/mlx5_1:1/path0 |
[1790055287.337346] [local:3420 :1]   |                      8247..inf | multi-frag zero-copy             | rc_mlx5/mlx5_1:1/path0 |
[1790055287.337346] [local:3420 :1]   +--------------------------------+----------------------------------+------------------------+
[1790055287.337514] [local:3420 :1]   +--------------------------------+--------------------------------------------------------------------+
[1790055287.337515] [local:3420 :1]   | ucp_context_0 intra-node cfg#2 | active message by ucp_am_send* with reply flag from host memory    |
[1790055287.337516] [local:3420 :1]   +--------------------------------+-------------------------------------------+------------------------+
[1790055287.337516] [local:3420 :1]   |                         0..218 | short                                     | rc_mlx5/mlx5_1:1/path0 |
[1790055287.337517] [local:3420 :1]   |                       219..404 | copy-in                                   | rc_mlx5/mlx5_1:1/path0 |
[1790055287.337517] [local:3420 :1]   |                      405..8238 | zero-copy                                 | rc_mlx5/mlx5_1:1/path0 |
[1790055287.337518] [local:3420 :1]   |                      8239..inf | multi-frag zero-copy                      | rc_mlx5/mlx5_1:1/path0 |
[1790055287.337518] [local:3420 :1]   +--------------------------------+-------------------------------------------+------------------------+
[1790055287.337679] [local:3420 :1]   +--------------------------------+-------------------------------------------------------------------------------------+
[1790055287.337684] [local:3420 :1]   | ucp_context_0 intra-node cfg#2 | active message by ucp_am_send* with reply flag(fast-completion) from host memory    |
[1790055287.337684] [local:3420 :1]   +--------------------------------+------------------------------------------------------------+------------------------+
[1790055287.337685] [local:3420 :1]   |                         0..218 | short                                                      | rc_mlx5/mlx5_1:1/path0 |
[1790055287.337685] [local:3420 :1]   |                      219..8238 | copy-in                                                    | rc_mlx5/mlx5_1:1/path0 |
[1790055287.337686] [local:3420 :1]   |                     8239..9187 | multi-frag copy-in                                         | rc_mlx5/mlx5_1:1/path0 |
[1790055287.337687] [local:3420 :1]   |                      9188..inf | multi-frag zero-copy                                       | rc_mlx5/mlx5_1:1/path0 |
[1790055287.337687] [local:3420 :1]   +--------------------------------+------------------------------------------------------------+------------------------+
[1790055287.337863] [local:3420 :1]   +--------------------------------+---------------------------------------------------------------------------+
[1790055287.337864] [local:3420 :1]   | ucp_context_0 intra-node cfg#2 | active message by ucp_am_send* with reply flag(multi) from host memory    |
[1790055287.337865] [local:3420 :1]   +--------------------------------+--------------------------------------------------+------------------------+
[1790055287.337865] [local:3420 :1]   |                         0..218 | short                                            | rc_mlx5/mlx5_1:1/path0 |
[1790055287.337866] [local:3420 :1]   |                       219..440 | copy-in                                          | rc_mlx5/mlx5_1:1/path0 |
[1790055287.337866] [local:3420 :1]   |                      441..8238 | zero-copy                                        | rc_mlx5/mlx5_1:1/path0 |
[1790055287.337867] [local:3420 :1]   |                      8239..inf | multi-frag zero-copy                             | rc_mlx5/mlx5_1:1/path0 |
[1790055287.337867] [local:3420 :1]   +--------------------------------+--------------------------------------------------+------------------------+
[1790055287.340572] [local:3420 :1]      ucp_worker.c:1984 UCX  INFO    ucp_context_0 intra-node cfg#2 rma(rc_mlx5/mlx5_1:1)  amo(rc_mlx5/mlx5_1:1)  device(cuda_ipc/cuda rc_gda/cuda1-mlx5_1:1 rc_gda/cuda1-mlx5_1:1)  am(rc_mlx5/mlx5_1:1 rc_mlx5/mlx5_1:1 cuda_ipc/cuda)  ka(ud_mlx5/mlx5_1:1)
[1790055287.340718] [local:3420 :1]   +--------------------------------+-------------------------------------------------------------+
[1790055287.340720] [local:3420 :1]   | ucp_context_0 intra-node cfg#2 | remote memory write by ucp_put* from host memory to host    |
[1790055287.340720] [local:3420 :1]   +--------------------------------+------------+------------------------------------------------+
[1790055287.340721] [local:3420 :1]   |                         0..220 | short      | rc_mlx5/mlx5_1:1/path0                         |
[1790055287.340721] [local:3420 :1]   |                      221..1193 | copy-in    | rc_mlx5/mlx5_1:1/path0                         |
[1790055287.340722] [local:3420 :1]   |                      1194..inf | zero-copy  | rc_mlx5/mlx5_1:1 50% on path0 and 50% on path1 |
[1790055287.340722] [local:3420 :1]   +--------------------------------+------------+------------------------------------------------+
[1790055287.340791] [local:3420 :1]   +--------------------------------+------------------------------------------------------------------------------+
[1790055287.340792] [local:3420 :1]   | ucp_context_0 intra-node cfg#2 | remote memory write by ucp_put*(fast-completion) from host memory to host    |
[1790055287.340793] [local:3420 :1]   +--------------------------------+-----------------------------+------------------------------------------------+
[1790055287.340801] [local:3420 :1]   |                         0..220 | short                       | rc_mlx5/mlx5_1:1/path0                         |
[1790055287.340802] [local:3420 :1]   |                      221..9292 | copy-in                     | rc_mlx5/mlx5_1:1/path0                         |
[1790055287.340803] [local:3420 :1]   |                      9293..inf | zero-copy                   | rc_mlx5/mlx5_1:1 50% on path0 and 50% on path1 |
[1790055287.340803] [local:3420 :1]   +--------------------------------+-----------------------------+------------------------------------------------+
[1790055287.340878] [local:3420 :1]   +--------------------------------+--------------------------------------------------------------------+
[1790055287.340878] [local:3420 :1]   | ucp_context_0 intra-node cfg#2 | remote memory write by ucp_put*(multi) from host memory to host    |
[1790055287.340879] [local:3420 :1]   +--------------------------------+-------------------+------------------------------------------------+
[1790055287.340879] [local:3420 :1]   |                         0..220 | short             | rc_mlx5/mlx5_1:1/path0                         |
[1790055287.340880] [local:3420 :1]   |                      221..1285 | copy-in           | rc_mlx5/mlx5_1:1/path0                         |
[1790055287.340881] [local:3420 :1]   |                      1286..inf | zero-copy         | rc_mlx5/mlx5_1:1 50% on path0 and 50% on path1 |
[1790055287.340881] [local:3420 :1]   +--------------------------------+-------------------+------------------------------------------------+
[1790055287.341151] [local:3420 :1]   +--------------------------------+--------------------------------------------------------------------+
[1790055287.341152] [local:3420 :1]   | ucp_context_0 intra-node cfg#2 | remote memory write by ucp_put* from host memory to cuda/dev[1]    |
[1790055287.341153] [local:3420 :1]   +--------------------------------+-------------------+------------------------------------------------+
[1790055287.341153] [local:3420 :1]   |                         0..220 | short             | rc_mlx5/mlx5_1:1/path0                         |
[1790055287.341154] [local:3420 :1]   |                      221..1193 | copy-in           | rc_mlx5/mlx5_1:1/path0                         |
[1790055287.341154] [local:3420 :1]   |                      1194..inf | zero-copy         | rc_mlx5/mlx5_1:1 50% on path0 and 50% on path1 |
[1790055287.341155] [local:3420 :1]   +--------------------------------+-------------------+------------------------------------------------+
[1790055287.341223] [local:3420 :1]   +--------------------------------+-------------------------------------------------------------------------------------+
[1790055287.341224] [local:3420 :1]   | ucp_context_0 intra-node cfg#2 | remote memory write by ucp_put*(fast-completion) from host memory to cuda/dev[1]    |
[1790055287.341224] [local:3420 :1]   +--------------------------------+------------------------------------+------------------------------------------------+
[1790055287.341225] [local:3420 :1]   |                         0..220 | short                              | rc_mlx5/mlx5_1:1/path0                         |
[1790055287.341225] [local:3420 :1]   |                      221..9292 | copy-in                            | rc_mlx5/mlx5_1:1/path0                         |
[1790055287.341226] [local:3420 :1]   |                      9293..inf | zero-copy                          | rc_mlx5/mlx5_1:1 50% on path0 and 50% on path1 |
[1790055287.341227] [local:3420 :1]   +--------------------------------+------------------------------------+------------------------------------------------+
[1790055287.341325] [local:3420 :1]   +--------------------------------+---------------------------------------------------------------------------+
[1790055287.341325] [local:3420 :1]   | ucp_context_0 intra-node cfg#2 | remote memory write by ucp_put*(multi) from host memory to cuda/dev[1]    |
[1790055287.341326] [local:3420 :1]   +--------------------------------+--------------------------+------------------------------------------------+
[1790055287.341330] [local:3420 :1]   |                         0..220 | short                    | rc_mlx5/mlx5_1:1/path0                         |
[1790055287.341330] [local:3420 :1]   |                      221..1285 | copy-in                  | rc_mlx5/mlx5_1:1/path0                         |
[1790055287.341331] [local:3420 :1]   |                      1286..inf | zero-copy                | rc_mlx5/mlx5_1:1 50% on path0 and 50% on path1 |
[1790055287.341331] [local:3420 :1]   +--------------------------------+--------------------------+------------------------------------------------+
[1790055287.341567] [local:3420 :1]   +--------------------------------+----------------------------------------------------+
[1790055287.341567] [local:3420 :1]   | ucp_context_0 intra-node cfg#2 | active message by ucp_am_send* from host memory    |
[1790055287.341568] [local:3420 :1]   +--------------------------------+---------------------------+------------------------+
[1790055287.341569] [local:3420 :1]   |                         0..226 | short                     | rc_mlx5/mlx5_1:1/path0 |
[1790055287.341569] [local:3420 :1]   |                       227..404 | copy-in                   | rc_mlx5/mlx5_1:1/path0 |
[1790055287.341570] [local:3420 :1]   |                      405..8246 | zero-copy                 | rc_mlx5/mlx5_1:1/path0 |
[1790055287.341570] [local:3420 :1]   |                      8247..inf | multi-frag zero-copy      | rc_mlx5/mlx5_1:1/path0 |
[1790055287.341571] [local:3420 :1]   +--------------------------------+---------------------------+------------------------+
[1790055287.341734] [local:3420 :1]   +--------------------------------+---------------------------------------------------------------------+
[1790055287.341735] [local:3420 :1]   | ucp_context_0 intra-node cfg#2 | active message by ucp_am_send*(fast-completion) from host memory    |
[1790055287.341735] [local:3420 :1]   +--------------------------------+--------------------------------------------+------------------------+
[1790055287.341736] [local:3420 :1]   |                         0..226 | short                                      | rc_mlx5/mlx5_1:1/path0 |
[1790055287.341737] [local:3420 :1]   |                      227..8246 | copy-in                                    | rc_mlx5/mlx5_1:1/path0 |
[1790055287.341737] [local:3420 :1]   |                     8247..9187 | multi-frag copy-in                         | rc_mlx5/mlx5_1:1/path0 |
[1790055287.341738] [local:3420 :1]   |                      9188..inf | multi-frag zero-copy                       | rc_mlx5/mlx5_1:1/path0 |
[1790055287.341738] [local:3420 :1]   +--------------------------------+--------------------------------------------+------------------------+
[1790055287.342279] [local:3420 :1]   +--------------------------------+-----------------------------------------------------------+
[1790055287.342281] [local:3420 :1]   | ucp_context_0 intra-node cfg#2 | active message by ucp_am_send*(multi) from host memory    |
[1790055287.342281] [local:3420 :1]   +--------------------------------+----------------------------------+------------------------+
[1790055287.342282] [local:3420 :1]   |                         0..226 | short                            | rc_mlx5/mlx5_1:1/path0 |
[1790055287.342282] [local:3420 :1]   |                       227..440 | copy-in                          | rc_mlx5/mlx5_1:1/path0 |
[1790055287.342283] [local:3420 :1]   |                      441..8246 | zero-copy                        | rc_mlx5/mlx5_1:1/path0 |
[1790055287.342283] [local:3420 :1]   |                      8247..inf | multi-frag zero-copy             | rc_mlx5/mlx5_1:1/path0 |
[1790055287.342284] [local:3420 :1]   +--------------------------------+----------------------------------+------------------------+
[1790055287.342452] [local:3420 :1]   +--------------------------------+--------------------------------------------------------------------+
[1790055287.342452] [local:3420 :1]   | ucp_context_0 intra-node cfg#2 | active message by ucp_am_send* with reply flag from host memory    |
[1790055287.342457] [local:3420 :1]   +--------------------------------+-------------------------------------------+------------------------+
[1790055287.342457] [local:3420 :1]   |                         0..218 | short                                     | rc_mlx5/mlx5_1:1/path0 |
[1790055287.342458] [local:3420 :1]   |                       219..404 | copy-in                                   | rc_mlx5/mlx5_1:1/path0 |
[1790055287.342458] [local:3420 :1]   |                      405..8238 | zero-copy                                 | rc_mlx5/mlx5_1:1/path0 |
[1790055287.342459] [local:3420 :1]   |                      8239..inf | multi-frag zero-copy                      | rc_mlx5/mlx5_1:1/path0 |
[1790055287.342459] [local:3420 :1]   +--------------------------------+-------------------------------------------+------------------------+
[1790055287.342620] [local:3420 :1]   +--------------------------------+-------------------------------------------------------------------------------------+
[1790055287.342621] [local:3420 :1]   | ucp_context_0 intra-node cfg#2 | active message by ucp_am_send* with reply flag(fast-completion) from host memory    |
[1790055287.342622] [local:3420 :1]   +--------------------------------+------------------------------------------------------------+------------------------+
[1790055287.342622] [local:3420 :1]   |                         0..218 | short                                                      | rc_mlx5/mlx5_1:1/path0 |
[1790055287.342623] [local:3420 :1]   |                      219..8238 | copy-in                                                    | rc_mlx5/mlx5_1:1/path0 |
[1790055287.342623] [local:3420 :1]   |                     8239..9187 | multi-frag copy-in                                         | rc_mlx5/mlx5_1:1/path0 |
[1790055287.342624] [local:3420 :1]   |                      9188..inf | multi-frag zero-copy                                       | rc_mlx5/mlx5_1:1/path0 |
[1790055287.342624] [local:3420 :1]   +--------------------------------+------------------------------------------------------------+------------------------+
[1790055287.342808] [local:3420 :1]   +--------------------------------+---------------------------------------------------------------------------+
[1790055287.342808] [local:3420 :1]   | ucp_context_0 intra-node cfg#2 | active message by ucp_am_send* with reply flag(multi) from host memory    |
[1790055287.342809] [local:3420 :1]   +--------------------------------+--------------------------------------------------+------------------------+
[1790055287.342810] [local:3420 :1]   |                         0..218 | short                                            | rc_mlx5/mlx5_1:1/path0 |
[1790055287.342810] [local:3420 :1]   |                       219..440 | copy-in                                          | rc_mlx5/mlx5_1:1/path0 |
[1790055287.342811] [local:3420 :1]   |                      441..8238 | zero-copy                                        | rc_mlx5/mlx5_1:1/path0 |
[1790055287.342811] [local:3420 :1]   |                      8239..inf | multi-frag zero-copy                             | rc_mlx5/mlx5_1:1/path0 |
[1790055287.342812] [local:3420 :1]   +--------------------------------+--------------------------------------------------+------------------------+
[1790055287.555756] [local:3420 :2]   +--------------------------------+--------------------------------------------------------------------------+
[1790055287.555761] [local:3420 :2]   | ucp_context_0 intra-node cfg#2 | remote memory read by ucp_get*(multi) into cuda/GPU1 from cuda/dev[1]    |
[1790055287.555762] [local:3420 :2]   +--------------------------------+-------------------------------------------------+------------------------+
[1790055287.555763] [local:3420 :2]   |                              0 | copy-out                                        | rc_mlx5/mlx5_1:1/path0 |
[1790055287.555763] [local:3420 :2]   |                         1..inf | zero-copy                                       | cuda_ipc/cuda          |
[1790055287.555790] [local:3420 :2]   +--------------------------------+-------------------------------------------------+------------------------+
[1790055287.555910] [local:3420 :3]   +--------------------------------+--------------------------------------------------------------------------+
[1790055287.555914] [local:3420 :3]   | ucp_context_0 intra-node cfg#2 | remote memory read by ucp_get*(multi) into cuda/GPU1 from cuda/dev[1]    |
[1790055287.555915] [local:3420 :3]   +--------------------------------+-------------------------------------------------+------------------------+
[1790055287.555916] [local:3420 :3]   |                              0 | copy-out                                        | rc_mlx5/mlx5_1:1/path0 |
[1790055287.555917] [local:3420 :3]   |                         1..inf | zero-copy                                       | cuda_ipc/cuda          |
[1790055287.555917] [local:3420 :3]   +--------------------------------+-------------------------------------------------+------------------------+
[1790055287.555950] [local:3420 :4]   +--------------------------------+--------------------------------------------------------------------------+
[1790055287.555958] [local:3420 :4]   | ucp_context_0 intra-node cfg#2 | remote memory read by ucp_get*(multi) into cuda/GPU1 from cuda/dev[1]    |
[1790055287.555959] [local:3420 :4]   +--------------------------------+-------------------------------------------------+------------------------+
[1790055287.555959] [local:3420 :4]   |                              0 | copy-out                                        | rc_mlx5/mlx5_1:1/path0 |
[1790055287.555960] [local:3420 :4]   |                         1..inf | zero-copy                                       | cuda_ipc/cuda          |
[1790055287.555960] [local:3420 :4]   +--------------------------------+-------------------------------------------------+------------------------+
[1790055287.555951] [local:3420 :5]   +--------------------------------+--------------------------------------------------------------------------+
[1790055287.555967] [local:3420 :5]   | ucp_context_0 intra-node cfg#2 | remote memory read by ucp_get*(multi) into cuda/GPU1 from cuda/dev[1]    |
[1790055287.555968] [local:3420 :5]   +--------------------------------+-------------------------------------------------+------------------------+
[1790055287.555969] [local:3420 :5]   |                              0 | copy-out                                        | rc_mlx5/mlx5_1:1/path0 |
[1790055287.555969] [local:3420 :5]   |                         1..inf | zero-copy                                       | cuda_ipc/cuda          |
[1790055287.555970] [local:3420 :5]   +--------------------------------+-------------------------------------------------+------------------------+
[1790055287.596106] [local:3420 :6]      ucp_worker.c:1984 UCX  INFO    ucp_context_0 intra-node cfg#3 rma(rc_mlx5/mlx5_1:1)  amo(rc_mlx5/mlx5_1:1)  device(cuda_ipc/cuda rc_gda/cuda1-mlx5_1:1 rc_gda/cuda1-mlx5_1:1)  am(rc_mlx5/mlx5_1:1 rc_mlx5/mlx5_1:1 cuda_ipc/cuda)  ka(ud_mlx5/mlx5_1:1)
[1790055287.596294] [local:3420 :6]   +--------------------------------+-------------------------------------------------------------+
[1790055287.596295] [local:3420 :6]   | ucp_context_0 intra-node cfg#3 | remote memory write by ucp_put* from host memory to host    |
[1790055287.596296] [local:3420 :6]   +--------------------------------+------------+------------------------------------------------+
[1790055287.596297] [local:3420 :6]   |                         0..220 | short      | rc_mlx5/mlx5_1:1/path0                         |
[1790055287.596297] [local:3420 :6]   |                      221..1193 | copy-in    | rc_mlx5/mlx5_1:1/path0                         |
[1790055287.596298] [local:3420 :6]   |                      1194..inf | zero-copy  | rc_mlx5/mlx5_1:1 50% on path0 and 50% on path1 |
[1790055287.596298] [local:3420 :6]   +--------------------------------+------------+------------------------------------------------+
[1790055287.596385] [local:3420 :6]   +--------------------------------+------------------------------------------------------------------------------+
[1790055287.596386] [local:3420 :6]   | ucp_context_0 intra-node cfg#3 | remote memory write by ucp_put*(fast-completion) from host memory to host    |
[1790055287.596387] [local:3420 :6]   +--------------------------------+-----------------------------+------------------------------------------------+
[1790055287.596387] [local:3420 :6]   |                         0..220 | short                       | rc_mlx5/mlx5_1:1/path0                         |
[1790055287.596388] [local:3420 :6]   |                      221..9292 | copy-in                     | rc_mlx5/mlx5_1:1/path0                         |
[1790055287.596389] [local:3420 :6]   |                      9293..inf | zero-copy                   | rc_mlx5/mlx5_1:1 50% on path0 and 50% on path1 |
[1790055287.596389] [local:3420 :6]   +--------------------------------+-----------------------------+------------------------------------------------+
[1790055287.596458] [local:3420 :6]   +--------------------------------+--------------------------------------------------------------------+
[1790055287.596459] [local:3420 :6]   | ucp_context_0 intra-node cfg#3 | remote memory write by ucp_put*(multi) from host memory to host    |
[1790055287.596459] [local:3420 :6]   +--------------------------------+-------------------+------------------------------------------------+
[1790055287.596460] [local:3420 :6]   |                         0..220 | short             | rc_mlx5/mlx5_1:1/path0                         |
[1790055287.596460] [local:3420 :6]   |                      221..1285 | copy-in           | rc_mlx5/mlx5_1:1/path0                         |
[1790055287.596461] [local:3420 :6]   |                      1286..inf | zero-copy         | rc_mlx5/mlx5_1:1 50% on path0 and 50% on path1 |
[1790055287.596461] [local:3420 :6]   +--------------------------------+-------------------+------------------------------------------------+
[1790055287.596739] [local:3420 :6]   +--------------------------------+--------------------------------------------------------------------+
[1790055287.596740] [local:3420 :6]   | ucp_context_0 intra-node cfg#3 | remote memory write by ucp_put* from host memory to cuda/dev[1]    |
[1790055287.596741] [local:3420 :6]   +--------------------------------+-------------------+------------------------------------------------+
[1790055287.596741] [local:3420 :6]   |                         0..220 | short             | rc_mlx5/mlx5_1:1/path0                         |
[1790055287.596742] [local:3420 :6]   |                      221..1193 | copy-in           | rc_mlx5/mlx5_1:1/path0                         |
[1790055287.596742] [local:3420 :6]   |                      1194..inf | zero-copy         | rc_mlx5/mlx5_1:1 50% on path0 and 50% on path1 |
[1790055287.596743] [local:3420 :6]   +--------------------------------+-------------------+------------------------------------------------+
[1790055287.596810] [local:3420 :6]   +--------------------------------+-------------------------------------------------------------------------------------+
[1790055287.596811] [local:3420 :6]   | ucp_context_0 intra-node cfg#3 | remote memory write by ucp_put*(fast-completion) from host memory to cuda/dev[1]    |
[1790055287.596811] [local:3420 :6]   +--------------------------------+------------------------------------+------------------------------------------------+
[1790055287.596812] [local:3420 :6]   |                         0..220 | short                              | rc_mlx5/mlx5_1:1/path0                         |
[1790055287.596813] [local:3420 :6]   |                      221..9292 | copy-in                            | rc_mlx5/mlx5_1:1/path0                         |
[1790055287.596813] [local:3420 :6]   |                      9293..inf | zero-copy                          | rc_mlx5/mlx5_1:1 50% on path0 and 50% on path1 |
[1790055287.596814] [local:3420 :6]   +--------------------------------+------------------------------------+------------------------------------------------+
[1790055287.596889] [local:3420 :6]   +--------------------------------+---------------------------------------------------------------------------+
[1790055287.596890] [local:3420 :6]   | ucp_context_0 intra-node cfg#3 | remote memory write by ucp_put*(multi) from host memory to cuda/dev[1]    |
[1790055287.596891] [local:3420 :6]   +--------------------------------+--------------------------+------------------------------------------------+
[1790055287.596891] [local:3420 :6]   |                         0..220 | short                    | rc_mlx5/mlx5_1:1/path0                         |
[1790055287.596892] [local:3420 :6]   |                      221..1285 | copy-in                  | rc_mlx5/mlx5_1:1/path0                         |
[1790055287.596892] [local:3420 :6]   |                      1286..inf | zero-copy                | rc_mlx5/mlx5_1:1 50% on path0 and 50% on path1 |
[1790055287.596893] [local:3420 :6]   +--------------------------------+--------------------------+------------------------------------------------+
[1790055287.597132] [local:3420 :6]   +--------------------------------+----------------------------------------------------+
[1790055287.597133] [local:3420 :6]   | ucp_context_0 intra-node cfg#3 | active message by ucp_am_send* from host memory    |
[1790055287.597134] [local:3420 :6]   +--------------------------------+---------------------------+------------------------+
[1790055287.597134] [local:3420 :6]   |                         0..226 | short                     | rc_mlx5/mlx5_1:1/path0 |
[1790055287.597135] [local:3420 :6]   |                       227..404 | copy-in                   | rc_mlx5/mlx5_1:1/path0 |
[1790055287.597136] [local:3420 :6]   |                      405..8246 | zero-copy                 | rc_mlx5/mlx5_1:1/path0 |
[1790055287.597136] [local:3420 :6]   |                      8247..inf | multi-frag zero-copy      | rc_mlx5/mlx5_1:1/path0 |
[1790055287.597137] [local:3420 :6]   +--------------------------------+---------------------------+------------------------+
[1790055287.597303] [local:3420 :6]   +--------------------------------+---------------------------------------------------------------------+
[1790055287.597304] [local:3420 :6]   | ucp_context_0 intra-node cfg#3 | active message by ucp_am_send*(fast-completion) from host memory    |
[1790055287.597304] [local:3420 :6]   +--------------------------------+--------------------------------------------+------------------------+
[1790055287.597305] [local:3420 :6]   |                         0..226 | short                                      | rc_mlx5/mlx5_1:1/path0 |
[1790055287.597306] [local:3420 :6]   |                      227..8246 | copy-in                                    | rc_mlx5/mlx5_1:1/path0 |
[1790055287.597306] [local:3420 :6]   |                     8247..9187 | multi-frag copy-in                         | rc_mlx5/mlx5_1:1/path0 |
[1790055287.597307] [local:3420 :6]   |                      9188..inf | multi-frag zero-copy                       | rc_mlx5/mlx5_1:1/path0 |
[1790055287.597307] [local:3420 :6]   +--------------------------------+--------------------------------------------+------------------------+
[1790055287.597824] [local:3420 :6]   +--------------------------------+-----------------------------------------------------------+
[1790055287.597824] [local:3420 :6]   | ucp_context_0 intra-node cfg#3 | active message by ucp_am_send*(multi) from host memory    |
[1790055287.597825] [local:3420 :6]   +--------------------------------+----------------------------------+------------------------+
[1790055287.597826] [local:3420 :6]   |                         0..226 | short                            | rc_mlx5/mlx5_1:1/path0 |
[1790055287.597826] [local:3420 :6]   |                       227..440 | copy-in                          | rc_mlx5/mlx5_1:1/path0 |
[1790055287.597827] [local:3420 :6]   |                      441..8246 | zero-copy                        | rc_mlx5/mlx5_1:1/path0 |
[1790055287.597827] [local:3420 :6]   |                      8247..inf | multi-frag zero-copy             | rc_mlx5/mlx5_1:1/path0 |
[1790055287.597832] [local:3420 :6]   +--------------------------------+----------------------------------+------------------------+
[1790055287.597983] [local:3420 :6]   +--------------------------------+--------------------------------------------------------------------+
[1790055287.597984] [local:3420 :6]   | ucp_context_0 intra-node cfg#3 | active message by ucp_am_send* with reply flag from host memory    |
[1790055287.597985] [local:3420 :6]   +--------------------------------+-------------------------------------------+------------------------+
[1790055287.597985] [local:3420 :6]   |                         0..218 | short                                     | rc_mlx5/mlx5_1:1/path0 |
[1790055287.597986] [local:3420 :6]   |                       219..404 | copy-in                                   | rc_mlx5/mlx5_1:1/path0 |
[1790055287.597986] [local:3420 :6]   |                      405..8238 | zero-copy                                 | rc_mlx5/mlx5_1:1/path0 |
[1790055287.597987] [local:3420 :6]   |                      8239..inf | multi-frag zero-copy                      | rc_mlx5/mlx5_1:1/path0 |
[1790055287.597987] [local:3420 :6]   +--------------------------------+-------------------------------------------+------------------------+
[1790055287.598141] [local:3420 :6]   +--------------------------------+-------------------------------------------------------------------------------------+
[1790055287.598142] [local:3420 :6]   | ucp_context_0 intra-node cfg#3 | active message by ucp_am_send* with reply flag(fast-completion) from host memory    |
[1790055287.598143] [local:3420 :6]   +--------------------------------+------------------------------------------------------------+------------------------+
[1790055287.598143] [local:3420 :6]   |                         0..218 | short                                                      | rc_mlx5/mlx5_1:1/path0 |
[1790055287.598144] [local:3420 :6]   |                      219..8238 | copy-in                                                    | rc_mlx5/mlx5_1:1/path0 |
[1790055287.598144] [local:3420 :6]   |                     8239..9187 | multi-frag copy-in                                         | rc_mlx5/mlx5_1:1/path0 |
[1790055287.598145] [local:3420 :6]   |                      9188..inf | multi-frag zero-copy                                       | rc_mlx5/mlx5_1:1/path0 |
[1790055287.598145] [local:3420 :6]   +--------------------------------+------------------------------------------------------------+------------------------+
[1790055287.598323] [local:3420 :6]   +--------------------------------+---------------------------------------------------------------------------+
[1790055287.598323] [local:3420 :6]   | ucp_context_0 intra-node cfg#3 | active message by ucp_am_send* with reply flag(multi) from host memory    |
[1790055287.598324] [local:3420 :6]   +--------------------------------+--------------------------------------------------+------------------------+
[1790055287.598325] [local:3420 :6]   |                         0..218 | short                                            | rc_mlx5/mlx5_1:1/path0 |
[1790055287.598325] [local:3420 :6]   |                       219..440 | copy-in                                          | rc_mlx5/mlx5_1:1/path0 |
[1790055287.598326] [local:3420 :6]   |                      441..8238 | zero-copy                                        | rc_mlx5/mlx5_1:1/path0 |
[1790055287.598326] [local:3420 :6]   |                      8239..inf | multi-frag zero-copy                             | rc_mlx5/mlx5_1:1/path0 |
[1790055287.598327] [local:3420 :6]   +--------------------------------+--------------------------------------------------+------------------------+
[1790055287.633593] [local:3420 :0]   +--------------------------------+---------------------------------------------------------+
[1790055287.633597] [local:3420 :0]   | ucp_context_0 intra-node cfg#2 | active message by ucp_am_send*(egr) from host memory   