[1790055259.808735] [local:3422 :0]     ucp_context.c:2659 UCX  INFO  Version 1.21.0 (loaded from /usr/local/lib/python3.12/dist-packages/nixl_ep_cu13/../nixl_cu13.libs/libucp-bcc5ee2e.so.0.0.0)
[1790055265.231658] [local:3422 :0]   +--------------------------+-------------------------------------------------------------+
[1790055265.231662] [local:3422 :0]   | ucp_context_0 self cfg#0 | remote memory write by ucp_put* from host memory to host    |
[1790055265.231663] [local:3422 :0]   +--------------------------+--------------------------------------------+----------------+
[1790055265.231664] [local:3422 :0]   |            0..4294967295 | short                                      | cuda_copy/cuda |
[1790055265.231664] [local:3422 :0]   +--------------------------+--------------------------------------------+----------------+
[1790055265.231695] [local:3422 :0]   +--------------------------+------------------------------------------------------------------------------+
[1790055265.231696] [local:3422 :0]   | ucp_context_0 self cfg#0 | remote memory write by ucp_put*(fast-completion) from host memory to host    |
[1790055265.231696] [local:3422 :0]   +--------------------------+-------------------------------------------------------------+----------------+
[1790055265.231697] [local:3422 :0]   |            0..4294967295 | short                                                       | cuda_copy/cuda |
[1790055265.231698] [local:3422 :0]   +--------------------------+-------------------------------------------------------------+----------------+
[1790055265.231727] [local:3422 :0]   +--------------------------+--------------------------------------------------------------------+
[1790055265.231727] [local:3422 :0]   | ucp_context_0 self cfg#0 | remote memory write by ucp_put*(multi) from host memory to host    |
[1790055265.231728] [local:3422 :0]   +--------------------------+---------------------------------------------------+----------------+
[1790055265.231728] [local:3422 :0]   |            0..4294967295 | short                                             | cuda_copy/cuda |
[1790055265.231729] [local:3422 :0]   +--------------------------+---------------------------------------------------+----------------+
[1790055265.231771] [local:3422 :0]   +--------------------------+----------------------------------------------------+
[1790055265.231771] [local:3422 :0]   | ucp_context_0 self cfg#0 | active message by ucp_am_send* from host memory    |
[1790055265.231772] [local:3422 :0]   +--------------------------+-------------------------------------------------+--+
[1790055265.231772] [local:3422 :0]   +--------------------------+-------------------------------------------------+--+
[1790055265.231784] [local:3422 :0]   +--------------------------+--------------------------------------------------------------------+
[1790055265.231785] [local:3422 :0]   | ucp_context_0 self cfg#0 | active message by ucp_am_send* with reply flag from host memory    |
[1790055265.231786] [local:3422 :0]   +--------------------------+-----------------------------------------------------------------+--+
[1790055265.231786] [local:3422 :0]   +--------------------------+-----------------------------------------------------------------+--+
[1790055265.231925] [local:3422 :0]          parser.c:2364 UCX  INFO  UCX_* env variables: UCX_PROTO_INFO=y UCX_LOG_LEVEL=info UCX_LOG_FILE=/results/default-a/ucx-decode.%p.log UCX_RCACHE_MAX_UNRELEASED=1024
[1790055265.628846] [local:3422 :0]   +--------------------------+-------------------------------------------------------------+
[1790055265.628850] [local:3422 :0]   | ucp_context_0 self cfg#0 | remote memory write by ucp_put* from host memory to host    |
[1790055265.628851] [local:3422 :0]   +--------------------------+--------------------------------------------+----------------+
[1790055265.628852] [local:3422 :0]   |            0..4294967295 | short                                      | cuda_copy/cuda |
[1790055265.628853] [local:3422 :0]   +--------------------------+--------------------------------------------+----------------+
[1790055265.628900] [local:3422 :0]   +--------------------------+------------------------------------------------------------------------------+
[1790055265.628901] [local:3422 :0]   | ucp_context_0 self cfg#0 | remote memory write by ucp_put*(fast-completion) from host memory to host    |
[1790055265.628902] [local:3422 :0]   +--------------------------+-------------------------------------------------------------+----------------+
[1790055265.628902] [local:3422 :0]   |            0..4294967295 | short                                                       | cuda_copy/cuda |
[1790055265.628903] [local:3422 :0]   +--------------------------+-------------------------------------------------------------+----------------+
[1790055265.628928] [local:3422 :0]   +--------------------------+--------------------------------------------------------------------+
[1790055265.628928] [local:3422 :0]   | ucp_context_0 self cfg#0 | remote memory write by ucp_put*(multi) from host memory to host    |
[1790055265.628929] [local:3422 :0]   +--------------------------+---------------------------------------------------+----------------+
[1790055265.628929] [local:3422 :0]   |            0..4294967295 | short                                             | cuda_copy/cuda |
[1790055265.628930] [local:3422 :0]   +--------------------------+---------------------------------------------------+----------------+
[1790055265.628969] [local:3422 :0]   +--------------------------+----------------------------------------------------+
[1790055265.628969] [local:3422 :0]   | ucp_context_0 self cfg#0 | active message by ucp_am_send* from host memory    |
[1790055265.628970] [local:3422 :0]   +--------------------------+-------------------------------------------------+--+
[1790055265.628970] [local:3422 :0]   +--------------------------+-------------------------------------------------+--+
[1790055265.628981] [local:3422 :0]   +--------------------------+--------------------------------------------------------------------+
[1790055265.628982] [local:3422 :0]   | ucp_context_0 self cfg#0 | active message by ucp_am_send* with reply flag from host memory    |
[1790055265.628983] [local:3422 :0]   +--------------------------+-----------------------------------------------------------------+--+
[1790055265.628983] [local:3422 :0]   +--------------------------+-----------------------------------------------------------------+--+
[1790055266.063536] [local:3422 :0]   +--------------------------+-------------------------------------------------------------+
[1790055266.063541] [local:3422 :0]   | ucp_context_0 self cfg#0 | remote memory write by ucp_put* from host memory to host    |
[1790055266.063541] [local:3422 :0]   +--------------------------+--------------------------------------------+----------------+
[1790055266.063542] [local:3422 :0]   |            0..4294967295 | short                                      | cuda_copy/cuda |
[1790055266.063543] [local:3422 :0]   +--------------------------+--------------------------------------------+----------------+
[1790055266.063572] [local:3422 :0]   +--------------------------+------------------------------------------------------------------------------+
[1790055266.063573] [local:3422 :0]   | ucp_context_0 self cfg#0 | remote memory write by ucp_put*(fast-completion) from host memory to host    |
[1790055266.063574] [local:3422 :0]   +--------------------------+-------------------------------------------------------------+----------------+
[1790055266.063574] [local:3422 :0]   |            0..4294967295 | short                                                       | cuda_copy/cuda |
[1790055266.063575] [local:3422 :0]   +--------------------------+-------------------------------------------------------------+----------------+
[1790055266.063601] [local:3422 :0]   +--------------------------+--------------------------------------------------------------------+
[1790055266.063602] [local:3422 :0]   | ucp_context_0 self cfg#0 | remote memory write by ucp_put*(multi) from host memory to host    |
[1790055266.063617] [local:3422 :0]   +--------------------------+---------------------------------------------------+----------------+
[1790055266.063618] [local:3422 :0]   |            0..4294967295 | short                                             | cuda_copy/cuda |
[1790055266.063618] [local:3422 :0]   +--------------------------+---------------------------------------------------+----------------+
[1790055266.063658] [local:3422 :0]   +--------------------------+----------------------------------------------------+
[1790055266.063659] [local:3422 :0]   | ucp_context_0 self cfg#0 | active message by ucp_am_send* from host memory    |
[1790055266.063660] [local:3422 :0]   +--------------------------+-------------------------------------------------+--+
[1790055266.063660] [local:3422 :0]   +--------------------------+-------------------------------------------------+--+
[1790055266.063671] [local:3422 :0]   +--------------------------+--------------------------------------------------------------------+
[1790055266.063672] [local:3422 :0]   | ucp_context_0 self cfg#0 | active message by ucp_am_send* with reply flag from host memory    |
[1790055266.063672] [local:3422 :0]   +--------------------------+-----------------------------------------------------------------+--+
[1790055266.063673] [local:3422 :0]   +--------------------------+-----------------------------------------------------------------+--+
[1790055266.440314] [local:3422 :0]   +--------------------------+-------------------------------------------------------------+
[1790055266.440319] [local:3422 :0]   | ucp_context_0 self cfg#0 | remote memory write by ucp_put* from host memory to host    |
[1790055266.440320] [local:3422 :0]   +--------------------------+--------------------------------------------+----------------+
[1790055266.440321] [local:3422 :0]   |            0..4294967295 | short                                      | cuda_copy/cuda |
[1790055266.440321] [local:3422 :0]   +--------------------------+--------------------------------------------+----------------+
[1790055266.440350] [local:3422 :0]   +--------------------------+------------------------------------------------------------------------------+
[1790055266.440350] [local:3422 :0]   | ucp_context_0 self cfg#0 | remote memory write by ucp_put*(fast-completion) from host memory to host    |
[1790055266.440351] [local:3422 :0]   +--------------------------+-------------------------------------------------------------+----------------+
[1790055266.440352] [local:3422 :0]   |            0..4294967295 | short                                                       | cuda_copy/cuda |
[1790055266.440352] [local:3422 :0]   +--------------------------+-------------------------------------------------------------+----------------+
[1790055266.440378] [local:3422 :0]   +--------------------------+--------------------------------------------------------------------+
[1790055266.440379] [local:3422 :0]   | ucp_context_0 self cfg#0 | remote memory write by ucp_put*(multi) from host memory to host    |
[1790055266.440380] [local:3422 :0]   +--------------------------+---------------------------------------------------+----------------+
[1790055266.440380] [local:3422 :0]   |            0..4294967295 | short                                             | cuda_copy/cuda |
[1790055266.440381] [local:3422 :0]   +--------------------------+---------------------------------------------------+----------------+
[1790055266.440418] [local:3422 :0]   +--------------------------+----------------------------------------------------+
[1790055266.440419] [local:3422 :0]   | ucp_context_0 self cfg#0 | active message by ucp_am_send* from host memory    |
[1790055266.440420] [local:3422 :0]   +--------------------------+-------------------------------------------------+--+
[1790055266.440420] [local:3422 :0]   +--------------------------+-------------------------------------------------+--+
[1790055266.440432] [local:3422 :0]   +--------------------------+--------------------------------------------------------------------+
[1790055266.440449] [local:3422 :0]   | ucp_context_0 self cfg#0 | active message by ucp_am_send* with reply flag from host memory    |
[1790055266.440449] [local:3422 :0]   +--------------------------+-----------------------------------------------------------------+--+
[1790055266.440450] [local:3422 :0]   +--------------------------+-----------------------------------------------------------------+--+
[1790055266.796864] [local:3422 :0]   +--------------------------+-------------------------------------------------------------+
[1790055266.796868] [local:3422 :0]   | ucp_context_0 self cfg#0 | remote memory write by ucp_put* from host memory to host    |
[1790055266.796869] [local:3422 :0]   +--------------------------+--------------------------------------------+----------------+
[1790055266.796869] [local:3422 :0]   |            0..4294967295 | short                                      | cuda_copy/cuda |
[1790055266.796870] [local:3422 :0]   +--------------------------+--------------------------------------------+----------------+
[1790055266.796896] [local:3422 :0]   +--------------------------+------------------------------------------------------------------------------+
[1790055266.796897] [local:3422 :0]   | ucp_context_0 self cfg#0 | remote memory write by ucp_put*(fast-completion) from host memory to host    |
[1790055266.796898] [local:3422 :0]   +--------------------------+-------------------------------------------------------------+----------------+
[1790055266.796898] [local:3422 :0]   |            0..4294967295 | short                                                       | cuda_copy/cuda |
[1790055266.796899] [local:3422 :0]   +--------------------------+-------------------------------------------------------------+----------------+
[1790055266.796925] [local:3422 :0]   +--------------------------+--------------------------------------------------------------------+
[1790055266.796925] [local:3422 :0]   | ucp_context_0 self cfg#0 | remote memory write by ucp_put*(multi) from host memory to host    |
[1790055266.796926] [local:3422 :0]   +--------------------------+---------------------------------------------------+----------------+
[1790055266.796927] [local:3422 :0]   |            0..4294967295 | short                                             | cuda_copy/cuda |
[1790055266.796927] [local:3422 :0]   +--------------------------+---------------------------------------------------+----------------+
[1790055266.796963] [local:3422 :0]   +--------------------------+----------------------------------------------------+
[1790055266.796964] [local:3422 :0]   | ucp_context_0 self cfg#0 | active message by ucp_am_send* from host memory    |
[1790055266.796964] [local:3422 :0]   +--------------------------+-------------------------------------------------+--+
[1790055266.796965] [local:3422 :0]   +--------------------------+-------------------------------------------------+--+
[1790055266.796975] [local:3422 :0]   +--------------------------+--------------------------------------------------------------------+
[1790055266.796976] [local:3422 :0]   | ucp_context_0 self cfg#0 | active message by ucp_am_send* with reply flag from host memory    |
[1790055266.796976] [local:3422 :0]   +--------------------------+-----------------------------------------------------------------+--+
[1790055266.796977] [local:3422 :0]   +--------------------------+-----------------------------------------------------------------+--+
[1790055266.799336] [local:3422 :0]      ucp_worker.c:1984 UCX  INFO    ucp_context_0 self cfg#1 rma(rc_mlx5/mlx5_3:1)  amo(rc_mlx5/mlx5_3:1)  device(cuda_ipc/cuda rc_gda/cuda3-mlx5_3:1 rc_gda/cuda3-mlx5_3:1)  am(rc_mlx5/mlx5_3:1 rc_mlx5/mlx5_3:1 cuda_ipc/cuda)  ka(ud_mlx5/mlx5_3:1)
[1790055266.806894] [local:3422 :0]   +--------------------------+-------------------------------------------------------------+
[1790055266.806897] [local:3422 :0]   | ucp_context_0 self cfg#1 | remote memory write by ucp_put* from host memory to host    |
[1790055266.806898] [local:3422 :0]   +--------------------------+------------+------------------------------------------------+
[1790055266.806913] [local:3422 :0]   |                   0..220 | short      | rc_mlx5/mlx5_3:1/path0                         |
[1790055266.806914] [local:3422 :0]   |                221..1193 | copy-in    | rc_mlx5/mlx5_3:1/path0                         |
[1790055266.806914] [local:3422 :0]   |                1194..inf | zero-copy  | rc_mlx5/mlx5_3:1 50% on path0 and 50% on path1 |
[1790055266.806915] [local:3422 :0]   +--------------------------+------------+------------------------------------------------+
[1790055266.807025] [local:3422 :0]   +--------------------------+------------------------------------------------------------------------------+
[1790055266.807026] [local:3422 :0]   | ucp_context_0 self cfg#1 | remote memory write by ucp_put*(fast-completion) from host memory to host    |
[1790055266.807026] [local:3422 :0]   +--------------------------+-----------------------------+------------------------------------------------+
[1790055266.807027] [local:3422 :0]   |                   0..220 | short                       | rc_mlx5/mlx5_3:1/path0                         |
[1790055266.807027] [local:3422 :0]   |                221..9292 | copy-in                     | rc_mlx5/mlx5_3:1/path0                         |
[1790055266.807028] [local:3422 :0]   |                9293..inf | zero-copy                   | rc_mlx5/mlx5_3:1 50% on path0 and 50% on path1 |
[1790055266.807029] [local:3422 :0]   +--------------------------+-----------------------------+------------------------------------------------+
[1790055266.807122] [local:3422 :0]   +--------------------------+--------------------------------------------------------------------+
[1790055266.807122] [local:3422 :0]   | ucp_context_0 self cfg#1 | remote memory write by ucp_put*(multi) from host memory to host    |
[1790055266.807123] [local:3422 :0]   +--------------------------+-------------------+------------------------------------------------+
[1790055266.807123] [local:3422 :0]   |                   0..220 | short             | rc_mlx5/mlx5_3:1/path0                         |
[1790055266.807124] [local:3422 :0]   |                221..1285 | copy-in           | rc_mlx5/mlx5_3:1/path0                         |
[1790055266.807124] [local:3422 :0]   |                1286..inf | zero-copy         | rc_mlx5/mlx5_3:1 50% on path0 and 50% on path1 |
[1790055266.807125] [local:3422 :0]   +--------------------------+-------------------+------------------------------------------------+
[1790055266.815728] [local:3422 :0]   +--------------------------+--------------------------------------------------------------------+
[1790055266.815731] [local:3422 :0]   | ucp_context_0 self cfg#1 | remote memory write by ucp_put* from host memory to cuda/dev[3]    |
[1790055266.815732] [local:3422 :0]   +--------------------------+-------------------+------------------------------------------------+
[1790055266.815733] [local:3422 :0]   |                   0..220 | short             | rc_mlx5/mlx5_3:1/path0                         |
[1790055266.815733] [local:3422 :0]   |                221..1193 | copy-in           | rc_mlx5/mlx5_3:1/path0                         |
[1790055266.815734] [local:3422 :0]   |                1194..inf | zero-copy         | rc_mlx5/mlx5_3:1 50% on path0 and 50% on path1 |
[1790055266.815735] [local:3422 :0]   +--------------------------+-------------------+------------------------------------------------+
[1790055266.815819] [local:3422 :0]   +--------------------------+-------------------------------------------------------------------------------------+
[1790055266.815820] [local:3422 :0]   | ucp_context_0 self cfg#1 | remote memory write by ucp_put*(fast-completion) from host memory to cuda/dev[3]    |
[1790055266.815820] [local:3422 :0]   +--------------------------+------------------------------------+------------------------------------------------+
[1790055266.815821] [local:3422 :0]   |                   0..220 | short                              | rc_mlx5/mlx5_3:1/path0                         |
[1790055266.815834] [local:3422 :0]   |                221..9292 | copy-in                            | rc_mlx5/mlx5_3:1/path0                         |
[1790055266.815834] [local:3422 :0]   |                9293..inf | zero-copy                          | rc_mlx5/mlx5_3:1 50% on path0 and 50% on path1 |
[1790055266.815835] [local:3422 :0]   +--------------------------+------------------------------------+------------------------------------------------+
[1790055266.815921] [local:3422 :0]   +--------------------------+---------------------------------------------------------------------------+
[1790055266.815922] [local:3422 :0]   | ucp_context_0 self cfg#1 | remote memory write by ucp_put*(multi) from host memory to cuda/dev[3]    |
[1790055266.815922] [local:3422 :0]   +--------------------------+--------------------------+------------------------------------------------+
[1790055266.815923] [local:3422 :0]   |                   0..220 | short                    | rc_mlx5/mlx5_3:1/path0                         |
[1790055266.815923] [local:3422 :0]   |                221..1285 | copy-in                  | rc_mlx5/mlx5_3:1/path0                         |
[1790055266.815924] [local:3422 :0]   |                1286..inf | zero-copy                | rc_mlx5/mlx5_3:1 50% on path0 and 50% on path1 |
[1790055266.815925] [local:3422 :0]   +--------------------------+--------------------------+------------------------------------------------+
[1790055266.816186] [local:3422 :0]   +--------------------------+----------------------------------------------------+
[1790055266.816187] [local:3422 :0]   | ucp_context_0 self cfg#1 | active message by ucp_am_send* from host memory    |
[1790055266.816188] [local:3422 :0]   +--------------------------+---------------------------+------------------------+
[1790055266.816188] [local:3422 :0]   |                   0..226 | short                     | rc_mlx5/mlx5_3:1/path0 |
[1790055266.816189] [local:3422 :0]   |                 227..404 | copy-in                   | rc_mlx5/mlx5_3:1/path0 |
[1790055266.816189] [local:3422 :0]   |                405..8246 | zero-copy                 | rc_mlx5/mlx5_3:1/path0 |
[1790055266.816190] [local:3422 :0]   |                8247..inf | multi-frag zero-copy      | rc_mlx5/mlx5_3:1/path0 |
[1790055266.816190] [local:3422 :0]   +--------------------------+---------------------------+------------------------+
[1790055266.816382] [local:3422 :0]   +--------------------------+---------------------------------------------------------------------+
[1790055266.816383] [local:3422 :0]   | ucp_context_0 self cfg#1 | active message by ucp_am_send*(fast-completion) from host memory    |
[1790055266.816383] [local:3422 :0]   +--------------------------+--------------------------------------------+------------------------+
[1790055266.816384] [local:3422 :0]   |                   0..226 | short                                      | rc_mlx5/mlx5_3:1/path0 |
[1790055266.816384] [local:3422 :0]   |                227..8246 | copy-in                                    | rc_mlx5/mlx5_3:1/path0 |
[1790055266.816385] [local:3422 :0]   |               8247..9187 | multi-frag copy-in                         | rc_mlx5/mlx5_3:1/path0 |
[1790055266.816385] [local:3422 :0]   |                9188..inf | multi-frag zero-copy                       | rc_mlx5/mlx5_3:1/path0 |
[1790055266.816386] [local:3422 :0]   +--------------------------+--------------------------------------------+------------------------+
[1790055266.816932] [local:3422 :0]   +--------------------------+-----------------------------------------------------------+
[1790055266.816933] [local:3422 :0]   | ucp_context_0 self cfg#1 | active message by ucp_am_send*(multi) from host memory    |
[1790055266.816933] [local:3422 :0]   +--------------------------+----------------------------------+------------------------+
[1790055266.816934] [local:3422 :0]   |                   0..226 | short                            | rc_mlx5/mlx5_3:1/path0 |
[1790055266.816935] [local:3422 :0]   |                 227..440 | copy-in                          | rc_mlx5/mlx5_3:1/path0 |
[1790055266.816940] [local:3422 :0]   |                441..8246 | zero-copy                        | rc_mlx5/mlx5_3:1/path0 |
[1790055266.816941] [local:3422 :0]   |                8247..inf | multi-frag zero-copy             | rc_mlx5/mlx5_3:1/path0 |
[1790055266.816942] [local:3422 :0]   +--------------------------+----------------------------------+------------------------+
[1790055266.817103] [local:3422 :0]   +--------------------------+--------------------------------------------------------------------+
[1790055266.817104] [local:3422 :0]   | ucp_context_0 self cfg#1 | active message by ucp_am_send* with reply flag from host memory    |
[1790055266.817105] [local:3422 :0]   +--------------------------+-------------------------------------------+------------------------+
[1790055266.817105] [local:3422 :0]   |                   0..218 | short                                     | rc_mlx5/mlx5_3:1/path0 |
[1790055266.817106] [local:3422 :0]   |                 219..404 | copy-in                                   | rc_mlx5/mlx5_3:1/path0 |
[1790055266.817106] [local:3422 :0]   |                405..8238 | zero-copy                                 | rc_mlx5/mlx5_3:1/path0 |
[1790055266.817107] [local:3422 :0]   |                8239..inf | multi-frag zero-copy                      | rc_mlx5/mlx5_3:1/path0 |
[1790055266.817107] [local:3422 :0]   +--------------------------+-------------------------------------------+------------------------+
[1790055266.817249] [local:3422 :0]   +--------------------------+-------------------------------------------------------------------------------------+
[1790055266.817249] [local:3422 :0]   | ucp_context_0 self cfg#1 | active message by ucp_am_send* with reply flag(fast-completion) from host memory    |
[1790055266.817250] [local:3422 :0]   +--------------------------+------------------------------------------------------------+------------------------+
[1790055266.817251] [local:3422 :0]   |                   0..218 | short                                                      | rc_mlx5/mlx5_3:1/path0 |
[1790055266.817251] [local:3422 :0]   |                219..8238 | copy-in                                                    | rc_mlx5/mlx5_3:1/path0 |
[1790055266.817252] [local:3422 :0]   |               8239..9187 | multi-frag copy-in                                         | rc_mlx5/mlx5_3:1/path0 |
[1790055266.817252] [local:3422 :0]   |                9188..inf | multi-frag zero-copy                                       | rc_mlx5/mlx5_3:1/path0 |
[1790055266.817253] [local:3422 :0]   +--------------------------+------------------------------------------------------------+------------------------+
[1790055266.817422] [local:3422 :0]   +--------------------------+---------------------------------------------------------------------------+
[1790055266.817423] [local:3422 :0]   | ucp_context_0 self cfg#1 | active message by ucp_am_send* with reply flag(multi) from host memory    |
[1790055266.817424] [local:3422 :0]   +--------------------------+--------------------------------------------------+------------------------+
[1790055266.817424] [local:3422 :0]   |                   0..218 | short                                            | rc_mlx5/mlx5_3:1/path0 |
[1790055266.817425] [local:3422 :0]   |                 219..440 | copy-in                                          | rc_mlx5/mlx5_3:1/path0 |
[1790055266.817425] [local:3422 :0]   |                441..8238 | zero-copy                                        | rc_mlx5/mlx5_3:1/path0 |
[1790055266.817426] [local:3422 :0]   |                8239..inf | multi-frag zero-copy                             | rc_mlx5/mlx5_3:1/path0 |
[1790055266.817426] [local:3422 :0]   +--------------------------+--------------------------------------------------+------------------------+
[1790055266.891223] [local:3422 :0]      ucp_worker.c:1984 UCX  INFO    ucp_context_0 intra-node cfg#1 rma(rc_mlx5/mlx5_3:1)  amo(rc_mlx5/mlx5_3:1)  device(cuda_ipc/cuda rc_gda/cuda3-mlx5_3:1 rc_gda/cuda3-mlx5_3:1)  am(rc_mlx5/mlx5_3:1 rc_mlx5/mlx5_3:1 cuda_ipc/cuda)  ka(ud_mlx5/mlx5_3:1)
[1790055266.901565] [local:3422 :0]   +--------------------------------+-------------------------------------------------------------+
[1790055266.901569] [local:3422 :0]   | ucp_context_0 intra-node cfg#1 | remote memory write by ucp_put* from host memory to host    |
[1790055266.901569] [local:3422 :0]   +--------------------------------+------------+------------------------------------------------+
[1790055266.901570] [local:3422 :0]   |                         0..220 | short      | rc_mlx5/mlx5_3:1/path0                         |
[1790055266.901571] [local:3422 :0]   |                      221..1193 | copy-in    | rc_mlx5/mlx5_3:1/path0                         |
[1790055266.901571] [local:3422 :0]   |                      1194..inf | zero-copy  | rc_mlx5/mlx5_3:1 50% on path0 and 50% on path1 |
[1790055266.901572] [local:3422 :0]   +--------------------------------+------------+------------------------------------------------+
[1790055266.901658] [local:3422 :0]   +--------------------------------+------------------------------------------------------------------------------+
[1790055266.901659] [local:3422 :0]   | ucp_context_0 intra-node cfg#1 | remote memory write by ucp_put*(fast-completion) from host memory to host    |
[1790055266.901660] [local:3422 :0]   +--------------------------------+-----------------------------+------------------------------------------------+
[1790055266.901660] [local:3422 :0]   |                         0..220 | short                       | rc_mlx5/mlx5_3:1/path0                         |
[1790055266.901661] [local:3422 :0]   |                      221..9292 | copy-in                     | rc_mlx5/mlx5_3:1/path0                         |
[1790055266.901661] [local:3422 :0]   |                      9293..inf | zero-copy                   | rc_mlx5/mlx5_3:1 50% on path0 and 50% on path1 |
[1790055266.901662] [local:3422 :0]   +--------------------------------+-----------------------------+------------------------------------------------+
[1790055266.901726] [local:3422 :0]   +--------------------------------+--------------------------------------------------------------------+
[1790055266.901727] [local:3422 :0]   | ucp_context_0 intra-node cfg#1 | remote memory write by ucp_put*(multi) from host memory to host    |
[1790055266.901727] [local:3422 :0]   +--------------------------------+-------------------+------------------------------------------------+
[1790055266.901728] [local:3422 :0]   |                         0..220 | short             | rc_mlx5/mlx5_3:1/path0                         |
[1790055266.901728] [local:3422 :0]   |                      221..1285 | copy-in           | rc_mlx5/mlx5_3:1/path0                         |
[1790055266.901729] [local:3422 :0]   |                      1286..inf | zero-copy         | rc_mlx5/mlx5_3:1 50% on path0 and 50% on path1 |
[1790055266.901729] [local:3422 :0]   +--------------------------------+-------------------+------------------------------------------------+
[1790055266.901995] [local:3422 :0]   +--------------------------------+--------------------------------------------------------------------+
[1790055266.901995] [local:3422 :0]   | ucp_context_0 intra-node cfg#1 | remote memory write by ucp_put* from host memory to cuda/dev[3]    |
[1790055266.901996] [local:3422 :0]   +--------------------------------+-------------------+------------------------------------------------+
[1790055266.901997] [local:3422 :0]   |                         0..220 | short             | rc_mlx5/mlx5_3:1/path0                         |
[1790055266.901997] [local:3422 :0]   |                      221..1193 | copy-in           | rc_mlx5/mlx5_3:1/path0                         |
[1790055266.901998] [local:3422 :0]   |                      1194..inf | zero-copy         | rc_mlx5/mlx5_3:1 50% on path0 and 50% on path1 |
[1790055266.901998] [local:3422 :0]   +--------------------------------+-------------------+------------------------------------------------+
[1790055266.902072] [local:3422 :0]   +--------------------------------+-------------------------------------------------------------------------------------+
[1790055266.902073] [local:3422 :0]   | ucp_context_0 intra-node cfg#1 | remote memory write by ucp_put*(fast-completion) from host memory to cuda/dev[3]    |
[1790055266.902073] [local:3422 :0]   +--------------------------------+------------------------------------+------------------------------------------------+
[1790055266.902074] [local:3422 :0]   |                         0..220 | short                              | rc_mlx5/mlx5_3:1/path0                         |
[1790055266.902074] [local:3422 :0]   |                      221..9292 | copy-in                            | rc_mlx5/mlx5_3:1/path0                         |
[1790055266.902075] [local:3422 :0]   |                      9293..inf | zero-copy                          | rc_mlx5/mlx5_3:1 50% on path0 and 50% on path1 |
[1790055266.902075] [local:3422 :0]   +--------------------------------+------------------------------------+------------------------------------------------+
[1790055266.902143] [local:3422 :0]   +--------------------------------+---------------------------------------------------------------------------+
[1790055266.902144] [local:3422 :0]   | ucp_context_0 intra-node cfg#1 | remote memory write by ucp_put*(multi) from host memory to cuda/dev[3]    |
[1790055266.902144] [local:3422 :0]   +--------------------------------+--------------------------+------------------------------------------------+
[1790055266.902145] [local:3422 :0]   |                         0..220 | short                    | rc_mlx5/mlx5_3:1/path0                         |
[1790055266.902145] [local:3422 :0]   |                      221..1285 | copy-in                  | rc_mlx5/mlx5_3:1/path0                         |
[1790055266.902146] [local:3422 :0]   |                      1286..inf | zero-copy                | rc_mlx5/mlx5_3:1 50% on path0 and 50% on path1 |
[1790055266.902146] [local:3422 :0]   +--------------------------------+--------------------------+------------------------------------------------+
[1790055266.902390] [local:3422 :0]   +--------------------------------+----------------------------------------------------+
[1790055266.902391] [local:3422 :0]   | ucp_context_0 intra-node cfg#1 | active message by ucp_am_send* from host memory    |
[1790055266.902391] [local:3422 :0]   +--------------------------------+---------------------------+------------------------+
[1790055266.902392] [local:3422 :0]   |                         0..226 | short                     | rc_mlx5/mlx5_3:1/path0 |
[1790055266.902392] [local:3422 :0]   |                       227..404 | copy-in                   | rc_mlx5/mlx5_3:1/path0 |
[1790055266.902393] [local:3422 :0]   |                      405..8246 | zero-copy                 | rc_mlx5/mlx5_3:1/path0 |
[1790055266.902393] [local:3422 :0]   |                      8247..inf | multi-frag zero-copy      | rc_mlx5/mlx5_3:1/path0 |
[1790055266.902394] [local:3422 :0]   +--------------------------------+---------------------------+------------------------+
[1790055266.902530] [local:3422 :0]   +--------------------------------+---------------------------------------------------------------------+
[1790055266.902530] [local:3422 :0]   | ucp_context_0 intra-node cfg#1 | active message by ucp_am_send*(fast-completion) from host memory    |
[1790055266.902531] [local:3422 :0]   +--------------------------------+--------------------------------------------+------------------------+
[1790055266.902531] [local:3422 :0]   |                         0..226 | short                                      | rc_mlx5/mlx5_3:1/path0 |
[1790055266.902532] [local:3422 :0]   |                      227..8246 | copy-in                                    | rc_mlx5/mlx5_3:1/path0 |
[1790055266.902532] [local:3422 :0]   |                     8247..9187 | multi-frag copy-in                         | rc_mlx5/mlx5_3:1/path0 |
[1790055266.902533] [local:3422 :0]   |                      9188..inf | multi-frag zero-copy                       | rc_mlx5/mlx5_3:1/path0 |
[1790055266.902537] [local:3422 :0]   +--------------------------------+--------------------------------------------+------------------------+
[1790055266.902984] [local:3422 :0]   +--------------------------------+-----------------------------------------------------------+
[1790055266.902985] [local:3422 :0]   | ucp_context_0 intra-node cfg#1 | active message by ucp_am_send*(multi) from host memory    |
[1790055266.902985] [local:3422 :0]   +--------------------------------+----------------------------------+------------------------+
[1790055266.902986] [local:3422 :0]   |                         0..226 | short                            | rc_mlx5/mlx5_3:1/path0 |
[1790055266.902986] [local:3422 :0]   |                       227..440 | copy-in                          | rc_mlx5/mlx5_3:1/path0 |
[1790055266.902987] [local:3422 :0]   |                      441..8246 | zero-copy                        | rc_mlx5/mlx5_3:1/path0 |
[1790055266.902987] [local:3422 :0]   |                      8247..inf | multi-frag zero-copy             | rc_mlx5/mlx5_3:1/path0 |
[1790055266.902988] [local:3422 :0]   +--------------------------------+----------------------------------+------------------------+
[1790055266.903119] [local:3422 :0]   +--------------------------------+--------------------------------------------------------------------+
[1790055266.903119] [local:3422 :0]   | ucp_context_0 intra-node cfg#1 | active message by ucp_am_send* with reply flag from host memory    |
[1790055266.903120] [local:3422 :0]   +--------------------------------+-------------------------------------------+------------------------+
[1790055266.903120] [local:3422 :0]   |                         0..218 | short                                     | rc_mlx5/mlx5_3:1/path0 |
[1790055266.903121] [local:3422 :0]   |                       219..404 | copy-in                                   | rc_mlx5/mlx5_3:1/path0 |
[1790055266.903121] [local:3422 :0]   |                      405..8238 | zero-copy                                 | rc_mlx5/mlx5_3:1/path0 |
[1790055266.903122] [local:3422 :0]   |                      8239..inf | multi-frag zero-copy                      | rc_mlx5/mlx5_3:1/path0 |
[1790055266.903122] [local:3422 :0]   +--------------------------------+-------------------------------------------+------------------------+
[1790055266.903247] [local:3422 :0]   +--------------------------------+-------------------------------------------------------------------------------------+
[1790055266.903248] [local:3422 :0]   | ucp_context_0 intra-node cfg#1 | active message by ucp_am_send* with reply flag(fast-completion) from host memory    |
[1790055266.903248] [local:3422 :0]   +--------------------------------+------------------------------------------------------------+------------------------+
[1790055266.903249] [local:3422 :0]   |                         0..218 | short                                                      | rc_mlx5/mlx5_3:1/path0 |
[1790055266.903249] [local:3422 :0]   |                      219..8238 | copy-in                                                    | rc_mlx5/mlx5_3:1/path0 |
[1790055266.903250] [local:3422 :0]   |                     8239..9187 | multi-frag copy-in                                         | rc_mlx5/mlx5_3:1/path0 |
[1790055266.903250] [local:3422 :0]   |                      9188..inf | multi-frag zero-copy                                       | rc_mlx5/mlx5_3:1/path0 |
[1790055266.903251] [local:3422 :0]   +--------------------------------+------------------------------------------------------------+------------------------+
[1790055266.903416] [local:3422 :0]   +--------------------------------+---------------------------------------------------------------------------+
[1790055266.903417] [local:3422 :0]   | ucp_context_0 intra-node cfg#1 | active message by ucp_am_send* with reply flag(multi) from host memory    |
[1790055266.903418] [local:3422 :0]   +--------------------------------+--------------------------------------------------+------------------------+
[1790055266.903422] [local:3422 :0]   |                         0..218 | short                                            | rc_mlx5/mlx5_3:1/path0 |
[1790055266.903422] [local:3422 :0]   |                       219..440 | copy-in                                          | rc_mlx5/mlx5_3:1/path0 |
[1790055266.903423] [local:3422 :0]   |                      441..8238 | zero-copy                                        | rc_mlx5/mlx5_3:1/path0 |
[1790055266.903424] [local:3422 :0]   |                      8239..inf | multi-frag zero-copy                             | rc_mlx5/mlx5_3:1/path0 |
[1790055266.903424] [local:3422 :0]   +--------------------------------+--------------------------------------------------+------------------------+
[1790055266.977299] [local:3422 :0]      ucp_worker.c:1984 UCX  INFO    ucp_context_0 intra-node cfg#1 rma(rc_mlx5/mlx5_3:1)  amo(rc_mlx5/mlx5_3:1)  device(cuda_ipc/cuda rc_gda/cuda3-mlx5_3:1 rc_gda/cuda3-mlx5_3:1)  am(rc_mlx5/mlx5_3:1 rc_mlx5/mlx5_3:1 cuda_ipc/cuda)  ka(ud_mlx5/mlx5_3:1)
[1790055266.987195] [local:3422 :0]   +--------------------------------+-------------------------------------------------------------+
[1790055266.987198] [local:3422 :0]   | ucp_context_0 intra-node cfg#1 | remote memory write by ucp_put* from host memory to host    |
[1790055266.987199] [local:3422 :0]   +--------------------------------+------------+------------------------------------------------+
[1790055266.987199] [local:3422 :0]   |                         0..220 | short      | rc_mlx5/mlx5_3:1/path0                         |
[1790055266.987200] [local:3422 :0]   |                      221..1193 | copy-in    | rc_mlx5/mlx5_3:1/path0                         |
[1790055266.987200] [local:3422 :0]   |                      1194..inf | zero-copy  | rc_mlx5/mlx5_3:1 50% on path0 and 50% on path1 |
[1790055266.987201] [local:3422 :0]   +--------------------------------+------------+------------------------------------------------+
[1790055266.987297] [local:3422 :0]   +--------------------------------+------------------------------------------------------------------------------+
[1790055266.987298] [local:3422 :0]   | ucp_context_0 intra-node cfg#1 | remote memory write by ucp_put*(fast-completion) from host memory to host    |
[1790055266.987298] [local:3422 :0]   +--------------------------------+-----------------------------+------------------------------------------------+
[1790055266.987299] [local:3422 :0]   |                         0..220 | short                       | rc_mlx5/mlx5_3:1/path0                         |
[1790055266.987299] [local:3422 :0]   |                      221..9292 | copy-in                     | rc_mlx5/mlx5_3:1/path0                         |
[1790055266.987300] [local:3422 :0]   |                      9293..inf | zero-copy                   | rc_mlx5/mlx5_3:1 50% on path0 and 50% on path1 |
[1790055266.987300] [local:3422 :0]   +--------------------------------+-----------------------------+------------------------------------------------+
[1790055266.987365] [local:3422 :0]   +--------------------------------+--------------------------------------------------------------------+
[1790055266.987366] [local:3422 :0]   | ucp_context_0 intra-node cfg#1 | remote memory write by ucp_put*(multi) from host memory to host    |
[1790055266.987366] [local:3422 :0]   +--------------------------------+-------------------+------------------------------------------------+
[1790055266.987367] [local:3422 :0]   |                         0..220 | short             | rc_mlx5/mlx5_3:1/path0                         |
[1790055266.987367] [local:3422 :0]   |                      221..1285 | copy-in           | rc_mlx5/mlx5_3:1/path0                         |
[1790055266.987368] [local:3422 :0]   |                      1286..inf | zero-copy         | rc_mlx5/mlx5_3:1 50% on path0 and 50% on path1 |
[1790055266.987368] [local:3422 :0]   +--------------------------------+-------------------+------------------------------------------------+
[1790055266.987654] [local:3422 :0]   +--------------------------------+--------------------------------------------------------------------+
[1790055266.987655] [local:3422 :0]   | ucp_context_0 intra-node cfg#1 | remote memory write by ucp_put* from host memory to cuda/dev[3]    |
[1790055266.987655] [local:3422 :0]   +--------------------------------+-------------------+------------------------------------------------+
[1790055266.987656] [local:3422 :0]   |                         0..220 | short             | rc_mlx5/mlx5_3:1/path0                         |
[1790055266.987656] [local:3422 :0]   |                      221..1193 | copy-in           | rc_mlx5/mlx5_3:1/path0                         |
[1790055266.987657] [local:3422 :0]   |                      1194..inf | zero-copy         | rc_mlx5/mlx5_3:1 50% on path0 and 50% on path1 |
[1790055266.987657] [local:3422 :0]   +--------------------------------+-------------------+------------------------------------------------+
[1790055266.987713] [local:3422 :0]   +--------------------------------+-------------------------------------------------------------------------------------+
[1790055266.987714] [local:3422 :0]   | ucp_context_0 intra-node cfg#1 | remote memory write by ucp_put*(fast-completion) from host memory to cuda/dev[3]    |
[1790055266.987714] [local:3422 :0]   +--------------------------------+------------------------------------+------------------------------------------------+
[1790055266.987715] [local:3422 :0]   |                         0..220 | short                              | rc_mlx5/mlx5_3:1/path0                         |
[1790055266.987715] [local:3422 :0]   |                      221..9292 | copy-in                            | rc_mlx5/mlx5_3:1/path0                         |
[1790055266.987716] [local:3422 :0]   |                      9293..inf | zero-copy                          | rc_mlx5/mlx5_3:1 50% on path0 and 50% on path1 |
[1790055266.987716] [local:3422 :0]   +--------------------------------+------------------------------------+------------------------------------------------+
[1790055266.987780] [local:3422 :0]   +--------------------------------+---------------------------------------------------------------------------+
[1790055266.987781] [local:3422 :0]   | ucp_context_0 intra-node cfg#1 | remote memory write by ucp_put*(multi) from host memory to cuda/dev[3]    |
[1790055266.987781] [local:3422 :0]   +--------------------------------+--------------------------+------------------------------------------------+
[1790055266.987782] [local:3422 :0]   |                         0..220 | short                    | rc_mlx5/mlx5_3:1/path0                         |
[1790055266.987782] [local:3422 :0]   |                      221..1285 | copy-in                  | rc_mlx5/mlx5_3:1/path0                         |
[1790055266.987783] [local:3422 :0]   |                      1286..inf | zero-copy                | rc_mlx5/mlx5_3:1 50% on path0 and 50% on path1 |
[1790055266.987783] [local:3422 :0]   +--------------------------------+--------------------------+------------------------------------------------+
[1790055266.987979] [local:3422 :0]   +--------------------------------+----------------------------------------------------+
[1790055266.987980] [local:3422 :0]   | ucp_context_0 intra-node cfg#1 | active message by ucp_am_send* from host memory    |
[1790055266.987980] [local:3422 :0]   +--------------------------------+---------------------------+------------------------+
[1790055266.987981] [local:3422 :0]   |                         0..226 | short                     | rc_mlx5/mlx5_3:1/path0 |
[1790055266.987981] [local:3422 :0]   |                       227..404 | copy-in                   | rc_mlx5/mlx5_3:1/path0 |
[1790055266.987982] [local:3422 :0]   |                      405..8246 | zero-copy                 | rc_mlx5/mlx5_3:1/path0 |
[1790055266.987982] [local:3422 :0]   |                      8247..inf | multi-frag zero-copy      | rc_mlx5/mlx5_3:1/path0 |
[1790055266.987983] [local:3422 :0]   +--------------------------------+---------------------------+------------------------+
[1790055266.988117] [local:3422 :0]   +--------------------------------+---------------------------------------------------------------------+
[1790055266.988117] [local:3422 :0]   | ucp_context_0 intra-node cfg#1 | active message by ucp_am_send*(fast-completion) from host memory    |
[1790055266.988118] [local:3422 :0]   +--------------------------------+--------------------------------------------+------------------------+
[1790055266.988118] [local:3422 :0]   |                         0..226 | short                                      | rc_mlx5/mlx5_3:1/path0 |
[1790055266.988119] [local:3422 :0]   |                      227..8246 | copy-in                                    | rc_mlx5/mlx5_3:1/path0 |
[1790055266.988119] [local:3422 :0]   |                     8247..9187 | multi-frag copy-in                         | rc_mlx5/mlx5_3:1/path0 |
[1790055266.988120] [local:3422 :0]   |                      9188..inf | multi-frag zero-copy                       | rc_mlx5/mlx5_3:1/path0 |
[1790055266.988120] [local:3422 :0]   +--------------------------------+--------------------------------------------+------------------------+
[1790055266.988590] [local:3422 :0]   +--------------------------------+-----------------------------------------------------------+
[1790055266.988591] [local:3422 :0]   | ucp_context_0 intra-node cfg#1 | active message by ucp_am_send*(multi) from host memory    |
[1790055266.988591] [local:3422 :0]   +--------------------------------+----------------------------------+------------------------+
[1790055266.988592] [local:3422 :0]   |                         0..226 | short                            | rc_mlx5/mlx5_3:1/path0 |
[1790055266.988592] [local:3422 :0]   |                       227..440 | copy-in                          | rc_mlx5/mlx5_3:1/path0 |
[1790055266.988593] [local:3422 :0]   |                      441..8246 | zero-copy                        | rc_mlx5/mlx5_3:1/path0 |
[1790055266.988593] [local:3422 :0]   |                      8247..inf | multi-frag zero-copy             | rc_mlx5/mlx5_3:1/path0 |
[1790055266.988594] [local:3422 :0]   +--------------------------------+----------------------------------+------------------------+
[1790055266.988729] [local:3422 :0]   +--------------------------------+--------------------------------------------------------------------+
[1790055266.988730] [local:3422 :0]   | ucp_context_0 intra-node cfg#1 | active message by ucp_am_send* with reply flag from host memory    |
[1790055266.988731] [local:3422 :0]   +--------------------------------+-------------------------------------------+------------------------+
[1790055266.988731] [local:3422 :0]   |                         0..218 | short                                     | rc_mlx5/mlx5_3:1/path0 |
[1790055266.988732] [local:3422 :0]   |                       219..404 | copy-in                                   | rc_mlx5/mlx5_3:1/path0 |
[1790055266.988732] [local:3422 :0]   |                      405..8238 | zero-copy                                 | rc_mlx5/mlx5_3:1/path0 |
[1790055266.988733] [local:3422 :0]   |                      8239..inf | multi-frag zero-copy                      | rc_mlx5/mlx5_3:1/path0 |
[1790055266.988733] [local:3422 :0]   +--------------------------------+-------------------------------------------+------------------------+
[1790055266.988861] [local:3422 :0]   +--------------------------------+-------------------------------------------------------------------------------------+
[1790055266.988862] [local:3422 :0]   | ucp_context_0 intra-node cfg#1 | active message by ucp_am_send* with reply flag(fast-completion) from host memory    |
[1790055266.988862] [local:3422 :0]   +--------------------------------+------------------------------------------------------------+------------------------+
[1790055266.988863] [local:3422 :0]   |                         0..218 | short                                                      | rc_mlx5/mlx5_3:1/path0 |
[1790055266.988863] [local:3422 :0]   |                      219..8238 | copy-in                                                    | rc_mlx5/mlx5_3:1/path0 |
[1790055266.988869] [local:3422 :0]   |                     8239..9187 | multi-frag copy-in                                         | rc_mlx5/mlx5_3:1/path0 |
[1790055266.988869] [local:3422 :0]   |                      9188..inf | multi-frag zero-copy                                       | rc_mlx5/mlx5_3:1/path0 |
[1790055266.988870] [local:3422 :0]   +--------------------------------+------------------------------------------------------------+------------------------+
[1790055266.989027] [local:3422 :0]   +--------------------------------+---------------------------------------------------------------------------+
[1790055266.989028] [local:3422 :0]   | ucp_context_0 intra-node cfg#1 | active message by ucp_am_send* with reply flag(multi) from host memory    |
[1790055266.989028] [local:3422 :0]   +--------------------------------+--------------------------------------------------+------------------------+
[1790055266.989029] [local:3422 :0]   |                         0..218 | short                                            | rc_mlx5/mlx5_3:1/path0 |
[1790055266.989029] [local:3422 :0]   |                       219..440 | copy-in                                          | rc_mlx5/mlx5_3:1/path0 |
[1790055266.989030] [local:3422 :0]   |                      441..8238 | zero-copy                                        | rc_mlx5/mlx5_3:1/path0 |
[1790055266.989030] [local:3422 :0]   |                      8239..inf | multi-frag zero-copy                             | rc_mlx5/mlx5_3:1/path0 |
[1790055266.989031] [local:3422 :0]   +--------------------------------+--------------------------------------------------+------------------------+
[1790055267.062629] [local:3422 :0]      ucp_worker.c:1984 UCX  INFO    ucp_context_0 intra-node cfg#1 rma(rc_mlx5/mlx5_3:1)  amo(rc_mlx5/mlx5_3:1)  device(cuda_ipc/cuda rc_gda/cuda3-mlx5_3:1 rc_gda/cuda3-mlx5_3:1)  am(rc_mlx5/mlx5_3:1 rc_mlx5/mlx5_3:1 cuda_ipc/cuda)  ka(ud_mlx5/mlx5_3:1)
[1790055267.072553] [local:3422 :0]   +--------------------------------+-------------------------------------------------------------+
[1790055267.072556] [local:3422 :0]   | ucp_context_0 intra-node cfg#1 | remote memory write by ucp_put* from host memory to host    |
[1790055267.072557] [local:3422 :0]   +--------------------------------+------------+------------------------------------------------+
[1790055267.072558] [local:3422 :0]   |                         0..220 | short      | rc_mlx5/mlx5_3:1/path0                         |
[1790055267.072558] [local:3422 :0]   |                      221..1193 | copy-in    | rc_mlx5/mlx5_3:1/path0                         |
[1790055267.072559] [local:3422 :0]   |                      1194..inf | zero-copy  | rc_mlx5/mlx5_3:1 50% on path0 and 50% on path1 |
[1790055267.072559] [local:3422 :0]   +--------------------------------+------------+------------------------------------------------+
[1790055267.072646] [local:3422 :0]   +--------------------------------+------------------------------------------------------------------------------+
[1790055267.072647] [local:3422 :0]   | ucp_context_0 intra-node cfg#1 | remote memory write by ucp_put*(fast-completion) from host memory to host    |
[1790055267.072647] [local:3422 :0]   +--------------------------------+-----------------------------+------------------------------------------------+
[1790055267.072648] [local:3422 :0]   |                         0..220 | short                       | rc_mlx5/mlx5_3:1/path0                         |
[1790055267.072648] [local:3422 :0]   |                      221..9292 | copy-in                     | rc_mlx5/mlx5_3:1/path0                         |
[1790055267.072649] [local:3422 :0]   |                      9293..inf | zero-copy                   | rc_mlx5/mlx5_3:1 50% on path0 and 50% on path1 |
[1790055267.072649] [local:3422 :0]   +--------------------------------+-----------------------------+------------------------------------------------+
[1790055267.072721] [local:3422 :0]   +--------------------------------+--------------------------------------------------------------------+
[1790055267.072735] [local:3422 :0]   | ucp_context_0 intra-node cfg#1 | remote memory write by ucp_put*(multi) from host memory to host    |
[1790055267.072735] [local:3422 :0]   +--------------------------------+-------------------+------------------------------------------------+
[1790055267.072736] [local:3422 :0]   |                         0..220 | short             | rc_mlx5/mlx5_3:1/path0                         |
[1790055267.072736] [local:3422 :0]   |                      221..1285 | copy-in           | rc_mlx5/mlx5_3:1/path0                         |
[1790055267.072737] [local:3422 :0]   |                      1286..inf | zero-copy         | rc_mlx5/mlx5_3:1 50% on path0 and 50% on path1 |
[1790055267.072737] [local:3422 :0]   +--------------------------------+-------------------+------------------------------------------------+
[1790055267.072999] [local:3422 :0]   +--------------------------------+--------------------------------------------------------------------+
[1790055267.073000] [local:3422 :0]   | ucp_context_0 intra-node cfg#1 | remote memory write by ucp_put* from host memory to cuda/dev[3]    |
[1790055267.073001] [local:3422 :0]   +--------------------------------+-------------------+------------------------------------------------+
[1790055267.073001] [local:3422 :0]   |                         0..220 | short             | rc_mlx5/mlx5_3:1/path0                         |
[1790055267.073002] [local:3422 :0]   |                      221..1193 | copy-in           | rc_mlx5/mlx5_3:1/path0                         |
[1790055267.073002] [local:3422 :0]   |                      1194..inf | zero-copy         | rc_mlx5/mlx5_3:1 50% on path0 and 50% on path1 |
[1790055267.073003] [local:3422 :0]   +--------------------------------+-------------------+------------------------------------------------+
[1790055267.073062] [local:3422 :0]   +--------------------------------+-------------------------------------------------------------------------------------+
[1790055267.073063] [local:3422 :0]   | ucp_context_0 intra-node cfg#1 | remote memory write by ucp_put*(fast-completion) from host memory to cuda/dev[3]    |
[1790055267.073064] [local:3422 :0]   +--------------------------------+------------------------------------+------------------------------------------------+
[1790055267.073064] [local:3422 :0]   |                         0..220 | short                              | rc_mlx5/mlx5_3:1/path0                         |
[1790055267.073065] [local:3422 :0]   |                      221..9292 | copy-in                            | rc_mlx5/mlx5_3:1/path0                         |
[1790055267.073065] [local:3422 :0]   |                      9293..inf | zero-copy                          | rc_mlx5/mlx5_3:1 50% on path0 and 50% on path1 |
[1790055267.073066] [local:3422 :0]   +--------------------------------+------------------------------------+------------------------------------------------+
[1790055267.073131] [local:3422 :0]   +--------------------------------+---------------------------------------------------------------------------+
[1790055267.073132] [local:3422 :0]   | ucp_context_0 intra-node cfg#1 | remote memory write by ucp_put*(multi) from host memory to cuda/dev[3]    |
[1790055267.073132] [local:3422 :0]   +--------------------------------+--------------------------+------------------------------------------------+
[1790055267.073133] [local:3422 :0]   |                         0..220 | short                    | rc_mlx5/mlx5_3:1/path0                         |
[1790055267.073133] [local:3422 :0]   |                      221..1285 | copy-in                  | rc_mlx5/mlx5_3:1/path0                         |
[1790055267.073134] [local:3422 :0]   |                      1286..inf | zero-copy                | rc_mlx5/mlx5_3:1 50% on path0 and 50% on path1 |
[1790055267.073134] [local:3422 :0]   +--------------------------------+--------------------------+------------------------------------------------+
[1790055267.073360] [local:3422 :0]   +--------------------------------+----------------------------------------------------+
[1790055267.073361] [local:3422 :0]   | ucp_context_0 intra-node cfg#1 | active message by ucp_am_send* from host memory    |
[1790055267.073361] [local:3422 :0]   +--------------------------------+---------------------------+------------------------+
[1790055267.073362] [local:3422 :0]   |                         0..226 | short                     | rc_mlx5/mlx5_3:1/path0 |
[1790055267.073362] [local:3422 :0]   |                       227..404 | copy-in                   | rc_mlx5/mlx5_3:1/path0 |
[1790055267.073363] [local:3422 :0]   |                      405..8246 | zero-copy                 | rc_mlx5/mlx5_3:1/path0 |
[1790055267.073363] [local:3422 :0]   |                      8247..inf | multi-frag zero-copy      | rc_mlx5/mlx5_3:1/path0 |
[1790055267.073364] [local:3422 :0]   +--------------------------------+---------------------------+------------------------+
[1790055267.073495] [local:3422 :0]   +--------------------------------+---------------------------------------------------------------------+
[1790055267.073496] [local:3422 :0]   | ucp_context_0 intra-node cfg#1 | active message by ucp_am_send*(fast-completion) from host memory    |
[1790055267.073496] [local:3422 :0]   +--------------------------------+--------------------------------------------+------------------------+
[1790055267.073497] [local:3422 :0]   |                         0..226 | short                                      | rc_mlx5/mlx5_3:1/path0 |
[1790055267.073497] [local:3422 :0]   |                      227..8246 | copy-in                                    | rc_mlx5/mlx5_3:1/path0 |
[1790055267.073498] [local:3422 :0]   |                     8247..9187 | multi-frag copy-in                         | rc_mlx5/mlx5_3:1/path0 |
[1790055267.073498] [local:3422 :0]   |                      9188..inf | multi-frag zero-copy                       | rc_mlx5/mlx5_3:1/path0 |
[1790055267.073499] [local:3422 :0]   +--------------------------------+--------------------------------------------+------------------------+
[1790055267.073925] [local:3422 :0]   +--------------------------------+-----------------------------------------------------------+
[1790055267.073926] [local:3422 :0]   | ucp_context_0 intra-node cfg#1 | active message by ucp_am_send*(multi) from host memory    |
[1790055267.073927] [local:3422 :0]   +--------------------------------+----------------------------------+------------------------+
[1790055267.073927] [local:3422 :0]   |                         0..226 | short                            | rc_mlx5/mlx5_3:1/path0 |
[1790055267.073928] [local:3422 :0]   |                       227..440 | copy-in                          | rc_mlx5/mlx5_3:1/path0 |
[1790055267.073928] [local:3422 :0]   |                      441..8246 | zero-copy                        | rc_mlx5/mlx5_3:1/path0 |
[1790055267.073929] [local:3422 :0]   |                      8247..inf | multi-frag zero-copy             | rc_mlx5/mlx5_3:1/path0 |
[1790055267.073929] [local:3422 :0]   +--------------------------------+----------------------------------+------------------------+
[1790055267.074058] [local:3422 :0]   +--------------------------------+--------------------------------------------------------------------+
[1790055267.074059] [local:3422 :0]   | ucp_context_0 intra-node cfg#1 | active message by ucp_am_send* with reply flag from host memory    |
[1790055267.074060] [local:3422 :0]   +--------------------------------+-------------------------------------------+------------------------+
[1790055267.074060] [local:3422 :0]   |                         0..218 | short                                     | rc_mlx5/mlx5_3:1/path0 |
[1790055267.074061] [local:3422 :0]   |                       219..404 | copy-in                                   | rc_mlx5/mlx5_3:1/path0 |
[1790055267.074061] [local:3422 :0]   |                      405..8238 | zero-copy                                 | rc_mlx5/mlx5_3:1/path0 |
[1790055267.074067] [local:3422 :0]   |                      8239..inf | multi-frag zero-copy                      | rc_mlx5/mlx5_3:1/path0 |
[1790055267.074068] [local:3422 :0]   +--------------------------------+-------------------------------------------+------------------------+
[1790055267.074194] [local:3422 :0]   +--------------------------------+-------------------------------------------------------------------------------------+
[1790055267.074195] [local:3422 :0]   | ucp_context_0 intra-node cfg#1 | active message by ucp_am_send* with reply flag(fast-completion) from host memory    |
[1790055267.074195] [local:3422 :0]   +--------------------------------+------------------------------------------------------------+------------------------+
[1790055267.074196] [local:3422 :0]   |                         0..218 | short                                                      | rc_mlx5/mlx5_3:1/path0 |
[1790055267.074197] [local:3422 :0]   |                      219..8238 | copy-in                                                    | rc_mlx5/mlx5_3:1/path0 |
[1790055267.074197] [local:3422 :0]   |                     8239..9187 | multi-frag copy-in                                         | rc_mlx5/mlx5_3:1/path0 |
[1790055267.074198] [local:3422 :0]   |                      9188..inf | multi-frag zero-copy                                       | rc_mlx5/mlx5_3:1/path0 |
[1790055267.074198] [local:3422 :0]   +--------------------------------+------------------------------------------------------------+------------------------+
[1790055267.074358] [local:3422 :0]   +--------------------------------+---------------------------------------------------------------------------+
[1790055267.074359] [local:3422 :0]   | ucp_context_0 intra-node cfg#1 | active message by ucp_am_send* with reply flag(multi) from host memory    |
[1790055267.074360] [local:3422 :0]   +--------------------------------+--------------------------------------------------+------------------------+
[1790055267.074360] [local:3422 :0]   |                         0..218 | short                                            | rc_mlx5/mlx5_3:1/path0 |
[1790055267.074361] [local:3422 :0]   |                       219..440 | copy-in                                          | rc_mlx5/mlx5_3:1/path0 |
[1790055267.074361] [local:3422 :0]   |                      441..8238 | zero-copy                                        | rc_mlx5/mlx5_3:1/path0 |
[1790055267.074362] [local:3422 :0]   |                      8239..inf | multi-frag zero-copy                             | rc_mlx5/mlx5_3:1/path0 |
[1790055267.074362] [local:3422 :0]   +--------------------------------+--------------------------------------------------+------------------------+
[1790055267.147883] [local:3422 :0]      ucp_worker.c:1984 UCX  INFO    ucp_context_0 intra-node cfg#1 rma(rc_mlx5/mlx5_3:1)  amo(rc_mlx5/mlx5_3:1)  device(cuda_ipc/cuda rc_gda/cuda3-mlx5_3:1 rc_gda/cuda3-mlx5_3:1)  am(rc_mlx5/mlx5_3:1 rc_mlx5/mlx5_3:1 cuda_ipc/cuda)  ka(ud_mlx5/mlx5_3:1)
[1790055267.157622] [local:3422 :0]   +--------------------------------+-------------------------------------------------------------+
[1790055267.157626] [local:3422 :0]   | ucp_context_0 intra-node cfg#1 | remote memory write by ucp_put* from host memory to host    |
[1790055267.157627] [local:3422 :0]   +--------------------------------+------------+------------------------------------------------+
[1790055267.157627] [local:3422 :0]   |                         0..220 | short      | rc_mlx5/mlx5_3:1/path0                         |
[1790055267.157628] [local:3422 :0]   |                      221..1193 | copy-in    | rc_mlx5/mlx5_3:1/path0                         |
[1790055267.157628] [local:3422 :0]   |                      1194..inf | zero-copy  | rc_mlx5/mlx5_3:1 50% on path0 and 50% on path1 |
[1790055267.157629] [local:3422 :0]   +--------------------------------+------------+------------------------------------------------+
[1790055267.157718] [local:3422 :0]   +--------------------------------+------------------------------------------------------------------------------+
[1790055267.157732] [local:3422 :0]   | ucp_context_0 intra-node cfg#1 | remote memory write by ucp_put*(fast-completion) from host memory to host    |
[1790055267.157733] [local:3422 :0]   +--------------------------------+-----------------------------+------------------------------------------------+
[1790055267.157734] [local:3422 :0]   |                         0..220 | short                       | rc_mlx5/mlx5_3:1/path0                         |
[1790055267.157734] [local:3422 :0]   |                      221..9292 | copy-in                     | rc_mlx5/mlx5_3:1/path0                         |
[1790055267.157735] [local:3422 :0]   |                      9293..inf | zero-copy                   | rc_mlx5/mlx5_3:1 50% on path0 and 50% on path1 |
[1790055267.157735] [local:3422 :0]   +--------------------------------+-----------------------------+------------------------------------------------+
[1790055267.157803] [local:3422 :0]   +--------------------------------+--------------------------------------------------------------------+
[1790055267.157804] [local:3422 :0]   | ucp_context_0 intra-node cfg#1 | remote memory write by ucp_put*(multi) from host memory to host    |
[1790055267.157805] [local:3422 :0]   +--------------------------------+-------------------+------------------------------------------------+
[1790055267.157805] [local:3422 :0]   |                         0..220 | short             | rc_mlx5/mlx5_3:1/path0                         |
[1790055267.157806] [local:3422 :0]   |                      221..1285 | copy-in           | rc_mlx5/mlx5_3:1/path0                         |
[1790055267.157806] [local:3422 :0]   |                      1286..inf | zero-copy         | rc_mlx5/mlx5_3:1 50% on path0 and 50% on path1 |
[1790055267.157807] [local:3422 :0]   +--------------------------------+-------------------+------------------------------------------------+
[1790055267.158069] [local:3422 :0]   +--------------------------------+--------------------------------------------------------------------+
[1790055267.158070] [local:3422 :0]   | ucp_context_0 intra-node cfg#1 | remote memory write by ucp_put* from host memory to cuda/dev[3]    |
[1790055267.158071] [local:3422 :0]   +--------------------------------+-------------------+------------------------------------------------+
[1790055267.158071] [local:3422 :0]   |                         0..220 | short             | rc_mlx5/mlx5_3:1/path0                         |
[1790055267.158072] [local:3422 :0]   |                      221..1193 | copy-in           | rc_mlx5/mlx5_3:1/path0                         |
[1790055267.158072] [local:3422 :0]   |                      1194..inf | zero-copy         | rc_mlx5/mlx5_3:1 50% on path0 and 50% on path1 |
[1790055267.158073] [local:3422 :0]   +--------------------------------+-------------------+------------------------------------------------+
[1790055267.158134] [local:3422 :0]   +--------------------------------+-------------------------------------------------------------------------------------+
[1790055267.158134] [local:3422 :0]   | ucp_context_0 intra-node cfg#1 | remote memory write by ucp_put*(fast-completion) from host memory to cuda/dev[3]    |
[1790055267.158135] [local:3422 :0]   +--------------------------------+------------------------------------+------------------------------------------------+
[1790055267.158136] [local:3422 :0]   |                         0..220 | short                              | rc_mlx5/mlx5_3:1/path0                         |
[1790055267.158136] [local:3422 :0]   |                      221..9292 | copy-in                            | rc_mlx5/mlx5_3:1/path0                         |
[1790055267.158137] [local:3422 :0]   |                      9293..inf | zero-copy                          | rc_mlx5/mlx5_3:1 50% on path0 and 50% on path1 |
[1790055267.158137] [local:3422 :0]   +--------------------------------+------------------------------------+------------------------------------------------+
[1790055267.158203] [local:3422 :0]   +--------------------------------+---------------------------------------------------------------------------+
[1790055267.158207] [local:3422 :0]   | ucp_context_0 intra-node cfg#1 | remote memory write by ucp_put*(multi) from host memory to cuda/dev[3]    |
[1790055267.158208] [local:3422 :0]   +--------------------------------+--------------------------+------------------------------------------------+
[1790055267.158208] [local:3422 :0]   |                         0..220 | short                    | rc_mlx5/mlx5_3:1/path0                         |
[1790055267.158209] [local:3422 :0]   |                      221..1285 | copy-in                  | rc_mlx5/mlx5_3:1/path0                         |
[1790055267.158209] [local:3422 :0]   |                      1286..inf | zero-copy                | rc_mlx5/mlx5_3:1 50% on path0 and 50% on path1 |
[1790055267.158210] [local:3422 :0]   +--------------------------------+--------------------------+------------------------------------------------+
[1790055267.158443] [local:3422 :0]   +--------------------------------+----------------------------------------------------+
[1790055267.158444] [local:3422 :0]   | ucp_context_0 intra-node cfg#1 | active message by ucp_am_send* from host memory    |
[1790055267.158444] [local:3422 :0]   +--------------------------------+---------------------------+------------------------+
[1790055267.158445] [local:3422 :0]   |                         0..226 | short                     | rc_mlx5/mlx5_3:1/path0 |
[1790055267.158445] [local:3422 :0]   |                       227..404 | copy-in                   | rc_mlx5/mlx5_3:1/path0 |
[1790055267.158446] [local:3422 :0]   |                      405..8246 | zero-copy                 | rc_mlx5/mlx5_3:1/path0 |
[1790055267.158446] [local:3422 :0]   |                      8247..inf | multi-frag zero-copy      | rc_mlx5/mlx5_3:1/path0 |
[1790055267.158447] [local:3422 :0]   +--------------------------------+---------------------------+------------------------+
[1790055267.158586] [local:3422 :0]   +--------------------------------+---------------------------------------------------------------------+
[1790055267.158586] [local:3422 :0]   | ucp_context_0 intra-node cfg#1 | active message by ucp_am_send*(fast-completion) from host memory    |
[1790055267.158587] [local:3422 :0]   +--------------------------------+--------------------------------------------+------------------------+
[1790055267.158587] [local:3422 :0]   |                         0..226 | short                                      | rc_mlx5/mlx5_3:1/path0 |
[1790055267.158588] [local:3422 :0]   |                      227..8246 | copy-in                                    | rc_mlx5/mlx5_3:1/path0 |
[1790055267.158589] [local:3422 :0]   |                     8247..9187 | multi-frag copy-in                         | rc_mlx5/mlx5_3:1/path0 |
[1790055267.158589] [local:3422 :0]   |                      9188..inf | multi-frag zero-copy                       | rc_mlx5/mlx5_3:1/path0 |
[1790055267.158590] [local:3422 :0]   +--------------------------------+--------------------------------------------+------------------------+
[1790055267.159051] [local:3422 :0]   +--------------------------------+-----------------------------------------------------------+
[1790055267.159051] [local:3422 :0]   | ucp_context_0 intra-node cfg#1 | active message by ucp_am_send*(multi) from host memory    |
[1790055267.159052] [local:3422 :0]   +--------------------------------+----------------------------------+------------------------+
[1790055267.159052] [local:3422 :0]   |                         0..226 | short                            | rc_mlx5/mlx5_3:1/path0 |
[1790055267.159053] [local:3422 :0]   |                       227..440 | copy-in                          | rc_mlx5/mlx5_3:1/path0 |
[1790055267.159053] [local:3422 :0]   |                      441..8246 | zero-copy                        | rc_mlx5/mlx5_3:1/path0 |
[1790055267.159054] [local:3422 :0]   |                      8247..inf | multi-frag zero-copy             | rc_mlx5/mlx5_3:1/path0 |
[1790055267.159054] [local:3422 :0]   +--------------------------------+----------------------------------+------------------------+
[1790055267.159196] [local:3422 :0]   +--------------------------------+--------------------------------------------------------------------+
[1790055267.159196] [local:3422 :0]   | ucp_context_0 intra-node cfg#1 | active message by ucp_am_send* with reply flag from host memory    |
[1790055267.159197] [local:3422 :0]   +--------------------------------+-------------------------------------------+------------------------+
[1790055267.159197] [local:3422 :0]   |                         0..218 | short                                     | rc_mlx5/mlx5_3:1/path0 |
[1790055267.159198] [local:3422 :0]   |                       219..404 | copy-in                                   | rc_mlx5/mlx5_3:1/path0 |
[1790055267.159198] [local:3422 :0]   |                      405..8238 | zero-copy                                 | rc_mlx5/mlx5_3:1/path0 |
[1790055267.159199] [local:3422 :0]   |                      8239..inf | multi-frag zero-copy                      | rc_mlx5/mlx5_3:1/path0 |
[1790055267.159199] [local:3422 :0]   +--------------------------------+-------------------------------------------+------------------------+
[1790055267.159348] [local:3422 :0]   +--------------------------------+-------------------------------------------------------------------------------------+
[1790055267.159349] [local:3422 :0]   | ucp_context_0 intra-node cfg#1 | active message by ucp_am_send* with reply flag(fast-completion) from host memory    |
[1790055267.159350] [local:3422 :0]   +--------------------------------+------------------------------------------------------------+------------------------+
[1790055267.159350] [local:3422 :0]   |                         0..218 | short                                                      | rc_mlx5/mlx5_3:1/path0 |
[1790055267.159351] [local:3422 :0]   |                      219..8238 | copy-in                                                    | rc_mlx5/mlx5_3:1/path0 |
[1790055267.159351] [local:3422 :0]   |                     8239..9187 | multi-frag copy-in                                         | rc_mlx5/mlx5_3:1/path0 |
[1790055267.159352] [local:3422 :0]   |                      9188..inf | multi-frag zero-copy                                       | rc_mlx5/mlx5_3:1/path0 |
[1790055267.159352] [local:3422 :0]   +--------------------------------+------------------------------------------------------------+------------------------+
[1790055267.159522] [local:3422 :0]   +--------------------------------+---------------------------------------------------------------------------+
[1790055267.159523] [local:3422 :0]   | ucp_context_0 intra-node cfg#1 | active message by ucp_am_send* with reply flag(multi) from host memory    |
[1790055267.159523] [local:3422 :0]   +--------------------------------+--------------------------------------------------+------------------------+
[1790055267.159524] [local:3422 :0]   |                         0..218 | short                                            | rc_mlx5/mlx5_3:1/path0 |
[1790055267.159524] [local:3422 :0]   |                       219..440 | copy-in                                          | rc_mlx5/mlx5_3:1/path0 |
[1790055267.159525] [local:3422 :0]   |                      441..8238 | zero-copy                                        | rc_mlx5/mlx5_3:1/path0 |
[1790055267.159525] [local:3422 :0]   |                      8239..inf | multi-frag zero-copy                             | rc_mlx5/mlx5_3:1/path0 |
[1790055267.159526] [local:3422 :0]   +--------------------------------+--------------------------------------------------+------------------------+
[1790055268.533341] [local:3422 :0]   +--------------------------+--------------------------------------------------------------------+
[1790055268.533346] [local:3422 :0]   | ucp_context_0 self cfg#1 | remote memory write by ucp_put* from host memory to cuda/dev[3]    |
[1790055268.533347] [local:3422 :0]   +--------------------------+-------------------+------------------------------------------------+
[1790055268.533370] [local:3422 :0]   |                   0..220 | short             | rc_mlx5/mlx5_3:1/path0                         |
[1790055268.533370] [local:3422 :0]   |                221..1193 | copy-in           | rc_mlx5/mlx5_3:1/path0                         |
[1790055268.533371] [local:3422 :0]   |                1194..inf | zero-copy         | rc_mlx5/mlx5_3:1 50% on path0 and 50% on path1 |
[1790055268.533371] [local:3422 :0]   +--------------------------+-------------------+------------------------------------------------+
[1790055268.533445] [local:3422 :0]   +--------------------------+-------------------------------------------------------------------------------------+
[1790055268.533446] [local:3422 :0]   | ucp_context_0 self cfg#1 | remote memory write by ucp_put*(fast-completion) from host memory to cuda/dev[3]    |
[1790055268.533446] [local:3422 :0]   +--------------------------+------------------------------------+------------------------------------------------+
[1790055268.533447] [local:3422 :0]   |                   0..220 | short                              | rc_mlx5/mlx5_3:1/path0                         |
[1790055268.533447] [local:3422 :0]   |                221..9292 | copy-in                            | rc_mlx5/mlx5_3:1/path0                         |
[1790055268.533448] [local:3422 :0]   |                9293..inf | zero-copy                          | rc_mlx5/mlx5_3:1 50% on path0 and 50% on path1 |
[1790055268.533448] [local:3422 :0]   +--------------------------+------------------------------------+------------------------------------------------+
[1790055268.533527] [local:3422 :0]   +--------------------------+---------------------------------------------------------------------------+
[1790055268.533528] [local:3422 :0]   | ucp_context_0 self cfg#1 | remote memory write by ucp_put*(multi) from host memory to cuda/dev[3]    |
[1790055268.533528] [local:3422 :0]   +--------------------------+--------------------------+------------------------------------------------+
[1790055268.533529] [local:3422 :0]   |                   0..220 | short                    | rc_mlx5/mlx5_3:1/path0                         |
[1790055268.533529] [local:3422 :0]   |                221..1285 | copy-in                  | rc_mlx5/mlx5_3:1/path0                         |
[1790055268.533530] [local:3422 :0]   |                1286..inf | zero-copy                | rc_mlx5/mlx5_3:1 50% on path0 and 50% on path1 |
[1790055268.533531] [local:3422 :0]   +--------------------------+--------------------------+------------------------------------------------+
[1790055287.314657] [local:3422 :1]      ucp_worker.c:1984 UCX  INFO    ucp_context_0 intra-node cfg#2 rma(rc_mlx5/mlx5_3:1)  amo(rc_mlx5/mlx5_3:1)  device(cuda_ipc/cuda rc_gda/cuda3-mlx5_3:1 rc_gda/cuda3-mlx5_3:1)  am(rc_mlx5/mlx5_3:1 rc_mlx5/mlx5_3:1 cuda_ipc/cuda)  ka(ud_mlx5/mlx5_3:1)
[1790055287.314828] [local:3422 :1]   +--------------------------------+-------------------------------------------------------------+
[1790055287.314830] [local:3422 :1]   | ucp_context_0 intra-node cfg#2 | remote memory write by ucp_put* from host memory to host    |
[1790055287.314830] [local:3422 :1]   +--------------------------------+------------+------------------------------------------------+
[1790055287.314831] [local:3422 :1]   |                         0..220 | short      | rc_mlx5/mlx5_3:1/path0                         |
[1790055287.314832] [local:3422 :1]   |                      221..1193 | copy-in    | rc_mlx5/mlx5_3:1/path0                         |
[1790055287.314832] [local:3422 :1]   |                      1194..inf | zero-copy  | rc_mlx5/mlx5_3:1 50% on path0 and 50% on path1 |
[1790055287.314833] [local:3422 :1]   +--------------------------------+------------+------------------------------------------------+
[1790055287.314904] [local:3422 :1]   +--------------------------------+------------------------------------------------------------------------------+
[1790055287.314905] [local:3422 :1]   | ucp_context_0 intra-node cfg#2 | remote memory write by ucp_put*(fast-completion) from host memory to host    |
[1790055287.314918] [local:3422 :1]   +--------------------------------+-----------------------------+------------------------------------------------+
[1790055287.314919] [local:3422 :1]   |                         0..220 | short                       | rc_mlx5/mlx5_3:1/path0                         |
[1790055287.314919] [local:3422 :1]   |                      221..9292 | copy-in                     | rc_mlx5/mlx5_3:1/path0                         |
[1790055287.314920] [local:3422 :1]   |                      9293..inf | zero-copy                   | rc_mlx5/mlx5_3:1 50% on path0 and 50% on path1 |
[1790055287.314920] [local:3422 :1]   +--------------------------------+-----------------------------+------------------------------------------------+
[1790055287.314992] [local:3422 :1]   +--------------------------------+--------------------------------------------------------------------+
[1790055287.314993] [local:3422 :1]   | ucp_context_0 intra-node cfg#2 | remote memory write by ucp_put*(multi) from host memory to host    |
[1790055287.314993] [local:3422 :1]   +--------------------------------+-------------------+------------------------------------------------+
[1790055287.314994] [local:3422 :1]   |                         0..220 | short             | rc_mlx5/mlx5_3:1/path0                         |
[1790055287.314994] [local:3422 :1]   |                      221..1285 | copy-in           | rc_mlx5/mlx5_3:1/path0                         |
[1790055287.314995] [local:3422 :1]   |                      1286..inf | zero-copy         | rc_mlx5/mlx5_3:1 50% on path0 and 50% on path1 |
[1790055287.314995] [local:3422 :1]   +--------------------------------+-------------------+------------------------------------------------+
[1790055287.315293] [local:3422 :1]   +--------------------------------+--------------------------------------------------------------------+
[1790055287.315294] [local:3422 :1]   | ucp_context_0 intra-node cfg#2 | remote memory write by ucp_put* from host memory to cuda/dev[3]    |
[1790055287.315295] [local:3422 :1]   +--------------------------------+-------------------+------------------------------------------------+
[1790055287.315296] [local:3422 :1]   |                         0..220 | short             | rc_mlx5/mlx5_3:1/path0                         |
[1790055287.315296] [local:3422 :1]   |                      221..1193 | copy-in           | rc_mlx5/mlx5_3:1/path0                         |
[1790055287.315297] [local:3422 :1]   |                      1194..inf | zero-copy         | rc_mlx5/mlx5_3:1 50% on path0 and 50% on path1 |
[1790055287.315297] [local:3422 :1]   +--------------------------------+-------------------+------------------------------------------------+
[1790055287.315367] [local:3422 :1]   +--------------------------------+-------------------------------------------------------------------------------------+
[1790055287.315368] [local:3422 :1]   | ucp_context_0 intra-node cfg#2 | remote memory write by ucp_put*(fast-completion) from host memory to cuda/dev[3]    |
[1790055287.315368] [local:3422 :1]   +--------------------------------+------------------------------------+------------------------------------------------+
[1790055287.315369] [local:3422 :1]   |                         0..220 | short                              | rc_mlx5/mlx5_3:1/path0                         |
[1790055287.315369] [local:3422 :1]   |                      221..9292 | copy-in                            | rc_mlx5/mlx5_3:1/path0                         |
[1790055287.315370] [local:3422 :1]   |                      9293..inf | zero-copy                          | rc_mlx5/mlx5_3:1 50% on path0 and 50% on path1 |
[1790055287.315370] [local:3422 :1]   +--------------------------------+------------------------------------+------------------------------------------------+
[1790055287.315456] [local:3422 :1]   +--------------------------------+---------------------------------------------------------------------------+
[1790055287.315460] [local:3422 :1]   | ucp_context_0 intra-node cfg#2 | remote memory write by ucp_put*(multi) from host memory to cuda/dev[3]    |
[1790055287.315461] [local:3422 :1]   +--------------------------------+--------------------------+------------------------------------------------+
[1790055287.315462] [local:3422 :1]   |                         0..220 | short                    | rc_mlx5/mlx5_3:1/path0                         |
[1790055287.315462] [local:3422 :1]   |                      221..1285 | copy-in                  | rc_mlx5/mlx5_3:1/path0                         |
[1790055287.315463] [local:3422 :1]   |                      1286..inf | zero-copy                | rc_mlx5/mlx5_3:1 50% on path0 and 50% on path1 |
[1790055287.315463] [local:3422 :1]   +--------------------------------+--------------------------+------------------------------------------------+
[1790055287.315697] [local:3422 :1]   +--------------------------------+----------------------------------------------------+
[1790055287.315698] [local:3422 :1]   | ucp_context_0 intra-node cfg#2 | active message by ucp_am_send* from host memory    |
[1790055287.315699] [local:3422 :1]   +--------------------------------+---------------------------+------------------------+
[1790055287.315699] [local:3422 :1]   |                         0..226 | short                     | rc_mlx5/mlx5_3:1/path0 |
[1790055287.315700] [local:3422 :1]   |                       227..404 | copy-in                   | rc_mlx5/mlx5_3:1/path0 |
[1790055287.315700] [local:3422 :1]   |                      405..8246 | zero-copy                 | rc_mlx5/mlx5_3:1/path0 |
[1790055287.315701] [local:3422 :1]   |                      8247..inf | multi-frag zero-copy      | rc_mlx5/mlx5_3:1/path0 |
[1790055287.315701] [local:3422 :1]   +--------------------------------+---------------------------+------------------------+
[1790055287.315861] [local:3422 :1]   +--------------------------------+---------------------------------------------------------------------+
[1790055287.315861] [local:3422 :1]   | ucp_context_0 intra-node cfg#2 | active message by ucp_am_send*(fast-completion) from host memory    |
[1790055287.315862] [local:3422 :1]   +--------------------------------+--------------------------------------------+------------------------+
[1790055287.315862] [local:3422 :1]   |                         0..226 | short                                      | rc_mlx5/mlx5_3:1/path0 |
[1790055287.315863] [local:3422 :1]   |                      227..8246 | copy-in                                    | rc_mlx5/mlx5_3:1/path0 |
[1790055287.315864] [local:3422 :1]   |                     8247..9187 | multi-frag copy-in                         | rc_mlx5/mlx5_3:1/path0 |
[1790055287.315864] [local:3422 :1]   |                      9188..inf | multi-frag zero-copy                       | rc_mlx5/mlx5_3:1/path0 |
[1790055287.315865] [local:3422 :1]   +--------------------------------+--------------------------------------------+------------------------+
[1790055287.316392] [local:3422 :1]   +--------------------------------+-----------------------------------------------------------+
[1790055287.316393] [local:3422 :1]   | ucp_context_0 intra-node cfg#2 | active message by ucp_am_send*(multi) from host memory    |
[1790055287.316393] [local:3422 :1]   +--------------------------------+----------------------------------+------------------------+
[1790055287.316394] [local:3422 :1]   |                         0..226 | short                            | rc_mlx5/mlx5_3:1/path0 |
[1790055287.316395] [local:3422 :1]   |                       227..440 | copy-in                          | rc_mlx5/mlx5_3:1/path0 |
[1790055287.316395] [local:3422 :1]   |                      441..8246 | zero-copy                        | rc_mlx5/mlx5_3:1/path0 |
[1790055287.316396] [local:3422 :1]   |                      8247..inf | multi-frag zero-copy             | rc_mlx5/mlx5_3:1/path0 |
[1790055287.316396] [local:3422 :1]   +--------------------------------+----------------------------------+------------------------+
[1790055287.316558] [local:3422 :1]   +--------------------------------+--------------------------------------------------------------------+
[1790055287.316559] [local:3422 :1]   | ucp_context_0 intra-node cfg#2 | active message by ucp_am_send* with reply flag from host memory    |
[1790055287.316559] [local:3422 :1]   +--------------------------------+-------------------------------------------+------------------------+
[1790055287.316560] [local:3422 :1]   |                         0..218 | short                                     | rc_mlx5/mlx5_3:1/path0 |
[1790055287.316560] [local:3422 :1]   |                       219..404 | copy-in                                   | rc_mlx5/mlx5_3:1/path0 |
[1790055287.316561] [local:3422 :1]   |                      405..8238 | zero-copy                                 | rc_mlx5/mlx5_3:1/path0 |
[1790055287.316561] [local:3422 :1]   |                      8239..inf | multi-frag zero-copy                      | rc_mlx5/mlx5_3:1/path0 |
[1790055287.316562] [local:3422 :1]   +--------------------------------+-------------------------------------------+------------------------+
[1790055287.316713] [local:3422 :1]   +--------------------------------+-------------------------------------------------------------------------------------+
[1790055287.316714] [local:3422 :1]   | ucp_context_0 intra-node cfg#2 | active message by ucp_am_send* with reply flag(fast-completion) from host memory    |
[1790055287.316715] [local:3422 :1]   +--------------------------------+------------------------------------------------------------+------------------------+
[1790055287.316715] [local:3422 :1]   |                         0..218 | short                                                      | rc_mlx5/mlx5_3:1/path0 |
[1790055287.316716] [local:3422 :1]   |                      219..8238 | copy-in                                                    | rc_mlx5/mlx5_3:1/path0 |
[1790055287.316716] [local:3422 :1]   |                     8239..9187 | multi-frag copy-in                                         | rc_mlx5/mlx5_3:1/path0 |
[1790055287.316717] [local:3422 :1]   |                      9188..inf | multi-frag zero-copy                                       | rc_mlx5/mlx5_3:1/path0 |
[1790055287.316717] [local:3422 :1]   +--------------------------------+------------------------------------------------------------+------------------------+
[1790055287.316889] [local:3422 :1]   +--------------------------------+---------------------------------------------------------------------------+
[1790055287.316890] [local:3422 :1]   | ucp_context_0 intra-node cfg#2 | active message by ucp_am_send* with reply flag(multi) from host memory    |
[1790055287.316890] [local:3422 :1]   +--------------------------------+--------------------------------------------------+------------------------+
[1790055287.316891] [local:3422 :1]   |                         0..218 | short                                            | rc_mlx5/mlx5_3:1/path0 |
[1790055287.316892] [local:3422 :1]   |                       219..440 | copy-in                                          | rc_mlx5/mlx5_3:1/path0 |
[1790055287.316892] [local:3422 :1]   |                      441..8238 | zero-copy                                        | rc_mlx5/mlx5_3:1/path0 |
[1790055287.316893] [local:3422 :1]   |                      8239..inf | multi-frag zero-copy                             | rc_mlx5/mlx5_3:1/path0 |
[1790055287.316893] [local:3422 :1]   +--------------------------------+--------------------------------------------------+------------------------+
[1790055287.322485] [local:3422 :1]      ucp_worker.c:1984 UCX  INFO    ucp_context_0 intra-node cfg#2 rma(rc_mlx5/mlx5_3:1)  amo(rc_mlx5/mlx5_3:1)  device(cuda_ipc/cuda rc_gda/cuda3-mlx5_3:1 rc_gda/cuda3-mlx5_3:1)  am(rc_mlx5/mlx5_3:1 rc_mlx5/mlx5_3:1 cuda_ipc/cuda)  ka(ud_mlx5/mlx5_3:1)
[1790055287.322622] [local:3422 :1]   +--------------------------------+-------------------------------------------------------------+
[1790055287.322623] [local:3422 :1]   | ucp_context_0 intra-node cfg#2 | remote memory write by ucp_put* from host memory to host    |
[1790055287.322636] [local:3422 :1]   +--------------------------------+------------+------------------------------------------------+
[1790055287.322637] [local:3422 :1]   |                         0..220 | short      | rc_mlx5/mlx5_3:1/path0                         |
[1790055287.322637] [local:3422 :1]   |                      221..1193 | copy-in    | rc_mlx5/mlx5_3:1/path0                         |
[1790055287.322638] [local:3422 :1]   |                      1194..inf | zero-copy  | rc_mlx5/mlx5_3:1 50% on path0 and 50% on path1 |
[1790055287.322638] [local:3422 :1]   +--------------------------------+------------+------------------------------------------------+
[1790055287.322707] [local:3422 :1]   +--------------------------------+------------------------------------------------------------------------------+
[1790055287.322707] [local:3422 :1]   | ucp_context_0 intra-node cfg#2 | remote memory write by ucp_put*(fast-completion) from host memory to host    |
[1790055287.322708] [local:3422 :1]   +--------------------------------+-----------------------------+------------------------------------------------+
[1790055287.322708] [local:3422 :1]   |                         0..220 | short                       | rc_mlx5/mlx5_3:1/path0                         |
[1790055287.322709] [local:3422 :1]   |                      221..9292 | copy-in                     | rc_mlx5/mlx5_3:1/path0                         |
[1790055287.322710] [local:3422 :1]   |                      9293..inf | zero-copy                   | rc_mlx5/mlx5_3:1 50% on path0 and 50% on path1 |
[1790055287.322710] [local:3422 :1]   +--------------------------------+-----------------------------+------------------------------------------------+
[1790055287.322779] [local:3422 :1]   +--------------------------------+--------------------------------------------------------------------+
[1790055287.322780] [local:3422 :1]   | ucp_context_0 intra-node cfg#2 | remote memory write by ucp_put*(multi) from host memory to host    |
[1790055287.322780] [local:3422 :1]   +--------------------------------+-------------------+------------------------------------------------+
[1790055287.322781] [local:3422 :1]   |                         0..220 | short             | rc_mlx5/mlx5_3:1/path0                         |
[1790055287.322781] [local:3422 :1]   |                      221..1285 | copy-in           | rc_mlx5/mlx5_3:1/path0                         |
[1790055287.322782] [local:3422 :1]   |                      1286..inf | zero-copy         | rc_mlx5/mlx5_3:1 50% on path0 and 50% on path1 |
[1790055287.322782] [local:3422 :1]   +--------------------------------+-------------------+------------------------------------------------+
[1790055287.323073] [local:3422 :1]   +--------------------------------+--------------------------------------------------------------------+
[1790055287.323074] [local:3422 :1]   | ucp_context_0 intra-node cfg#2 | remote memory write by ucp_put* from host memory to cuda/dev[3]    |
[1790055287.323074] [local:3422 :1]   +--------------------------------+-------------------+------------------------------------------------+
[1790055287.323075] [local:3422 :1]   |                         0..220 | short             | rc_mlx5/mlx5_3:1/path0                         |
[1790055287.323075] [local:3422 :1]   |                      221..1193 | copy-in           | rc_mlx5/mlx5_3:1/path0                         |
[1790055287.323076] [local:3422 :1]   |                      1194..inf | zero-copy         | rc_mlx5/mlx5_3:1 50% on path0 and 50% on path1 |
[1790055287.323077] [local:3422 :1]   +--------------------------------+-------------------+------------------------------------------------+
[1790055287.323144] [local:3422 :1]   +--------------------------------+-------------------------------------------------------------------------------------+
[1790055287.323144] [local:3422 :1]   | ucp_context_0 intra-node cfg#2 | remote memory write by ucp_put*(fast-completion) from host memory to cuda/dev[3]    |
[1790055287.323147] [local:3422 :1]   +--------------------------------+------------------------------------+------------------------------------------------+
[1790055287.323148] [local:3422 :1]   |                         0..220 | short                              | rc_mlx5/mlx5_3:1/path0                         |
[1790055287.323148] [local:3422 :1]   |                      221..9292 | copy-in                            | rc_mlx5/mlx5_3:1/path0                         |
[1790055287.323149] [local:3422 :1]   |                      9293..inf | zero-copy                          | rc_mlx5/mlx5_3:1 50% on path0 and 50% on path1 |
[1790055287.323149] [local:3422 :1]   +--------------------------------+------------------------------------+------------------------------------------------+
[1790055287.323222] [local:3422 :1]   +--------------------------------+---------------------------------------------------------------------------+
[1790055287.323222] [local:3422 :1]   | ucp_context_0 intra-node cfg#2 | remote memory write by ucp_put*(multi) from host memory to cuda/dev[3]    |
[1790055287.323223] [local:3422 :1]   +--------------------------------+--------------------------+------------------------------------------------+
[1790055287.323224] [local:3422 :1]   |                         0..220 | short                    | rc_mlx5/mlx5_3:1/path0                         |
[1790055287.323224] [local:3422 :1]   |                      221..1285 | copy-in                  | rc_mlx5/mlx5_3:1/path0                         |
[1790055287.323225] [local:3422 :1]   |                      1286..inf | zero-copy                | rc_mlx5/mlx5_3:1 50% on path0 and 50% on path1 |
[1790055287.323225] [local:3422 :1]   +--------------------------------+--------------------------+------------------------------------------------+
[1790055287.323471] [local:3422 :1]   +--------------------------------+----------------------------------------------------+
[1790055287.323471] [local:3422 :1]   | ucp_context_0 intra-node cfg#2 | active message by ucp_am_send* from host memory    |
[1790055287.323472] [local:3422 :1]   +--------------------------------+---------------------------+------------------------+
[1790055287.323473] [local:3422 :1]   |                         0..226 | short                     | rc_mlx5/mlx5_3:1/path0 |
[1790055287.323473] [local:3422 :1]   |                       227..404 | copy-in                   | rc_mlx5/mlx5_3:1/path0 |
[1790055287.323474] [local:3422 :1]   |                      405..8246 | zero-copy                 | rc_mlx5/mlx5_3:1/path0 |
[1790055287.323474] [local:3422 :1]   |                      8247..inf | multi-frag zero-copy      | rc_mlx5/mlx5_3:1/path0 |
[1790055287.323475] [local:3422 :1]   +--------------------------------+---------------------------+------------------------+
[1790055287.323633] [local:3422 :1]   +--------------------------------+---------------------------------------------------------------------+
[1790055287.323633] [local:3422 :1]   | ucp_context_0 intra-node cfg#2 | active message by ucp_am_send*(fast-completion) from host memory    |
[1790055287.323634] [local:3422 :1]   +--------------------------------+--------------------------------------------+------------------------+
[1790055287.323635] [local:3422 :1]   |                         0..226 | short                                      | rc_mlx5/mlx5_3:1/path0 |
[1790055287.323635] [local:3422 :1]   |                      227..8246 | copy-in                                    | rc_mlx5/mlx5_3:1/path0 |
[1790055287.323636] [local:3422 :1]   |                     8247..9187 | multi-frag copy-in                         | rc_mlx5/mlx5_3:1/path0 |
[1790055287.323636] [local:3422 :1]   |                      9188..inf | multi-frag zero-copy                       | rc_mlx5/mlx5_3:1/path0 |
[1790055287.323637] [local:3422 :1]   +--------------------------------+--------------------------------------------+------------------------+
[1790055287.324178] [local:3422 :1]   +--------------------------------+-----------------------------------------------------------+
[1790055287.324182] [local:3422 :1]   | ucp_context_0 intra-node cfg#2 | active message by ucp_am_send*(multi) from host memory    |
[1790055287.324183] [local:3422 :1]   +--------------------------------+----------------------------------+------------------------+
[1790055287.324184] [local:3422 :1]   |                         0..226 | short                            | rc_mlx5/mlx5_3:1/path0 |
[1790055287.324184] [local:3422 :1]   |                       227..440 | copy-in                          | rc_mlx5/mlx5_3:1/path0 |
[1790055287.324185] [local:3422 :1]   |                      441..8246 | zero-copy                        | rc_mlx5/mlx5_3:1/path0 |
[1790055287.324185] [local:3422 :1]   |                      8247..inf | multi-frag zero-copy             | rc_mlx5/mlx5_3:1/path0 |
[1790055287.324186] [local:3422 :1]   +--------------------------------+----------------------------------+------------------------+
[1790055287.324352] [local:3422 :1]   +--------------------------------+--------------------------------------------------------------------+
[1790055287.324353] [local:3422 :1]   | ucp_context_0 intra-node cfg#2 | active message by ucp_am_send* with reply flag from host memory    |
[1790055287.324354] [local:3422 :1]   +--------------------------------+-------------------------------------------+------------------------+
[1790055287.324354] [local:3422 :1]   |                         0..218 | short                                     | rc_mlx5/mlx5_3:1/path0 |
[1790055287.324355] [local:3422 :1]   |                       219..404 | copy-in                                   | rc_mlx5/mlx5_3:1/path0 |
[1790055287.324355] [local:3422 :1]   |                      405..8238 | zero-copy                                 | rc_mlx5/mlx5_3:1/path0 |
[1790055287.324356] [local:3422 :1]   |                      8239..inf | multi-frag zero-copy                      | rc_mlx5/mlx5_3:1/path0 |
[1790055287.324356] [local:3422 :1]   +--------------------------------+-------------------------------------------+------------------------+
[1790055287.324509] [local:3422 :1]   +--------------------------------+-------------------------------------------------------------------------------------+
[1790055287.324509] [local:3422 :1]   | ucp_context_0 intra-node cfg#2 | active message by ucp_am_send* with reply flag(fast-completion) from host memory    |
[1790055287.324510] [local:3422 :1]   +--------------------------------+------------------------------------------------------------+------------------------+
[1790055287.324510] [local:3422 :1]   |                         0..218 | short                                                      | rc_mlx5/mlx5_3:1/path0 |
[1790055287.324511] [local:3422 :1]   |                      219..8238 | copy-in                                                    | rc_mlx5/mlx5_3:1/path0 |
[1790055287.324511] [local:3422 :1]   |                     8239..9187 | multi-frag copy-in                                         | rc_mlx5/mlx5_3:1/path0 |
[1790055287.324512] [local:3422 :1]   |                      9188..inf | multi-frag zero-copy                                       | rc_mlx5/mlx5_3:1/path0 |
[1790055287.324513] [local:3422 :1]   +--------------------------------+------------------------------------------------------------+------------------------+
[1790055287.324683] [local:3422 :1]   +--------------------------------+---------------------------------------------------------------------------+
[1790055287.324683] [local:3422 :1]   | ucp_context_0 intra-node cfg#2 | active message by ucp_am_send* with reply flag(multi) from host memory    |
[1790055287.324684] [local:3422 :1]   +--------------------------------+--------------------------------------------------+------------------------+
[1790055287.324684] [local:3422 :1]   |                         0..218 | short                                            | rc_mlx5/mlx5_3:1/path0 |
[1790055287.324685] [local:3422 :1]   |                       219..440 | copy-in                                          | rc_mlx5/mlx5_3:1/path0 |
[1790055287.324688] [local:3422 :1]   |                      441..8238 | zero-copy                                        | rc_mlx5/mlx5_3:1/path0 |
[1790055287.324689] [local:3422 :1]   |                      8239..inf | multi-frag zero-copy                             | rc_mlx5/mlx5_3:1/path0 |
[1790055287.324689] [local:3422 :1]   +--------------------------------+--------------------------------------------------+------------------------+
[1790055287.327169] [local:3422 :1]      ucp_worker.c:1984 UCX  INFO    ucp_context_0 intra-node cfg#2 rma(rc_mlx5/mlx5_3:1)  amo(rc_mlx5/mlx5_3:1)  device(cuda_ipc/cuda rc_gda/cuda3-mlx5_3:1 rc_gda/cuda3-mlx5_3:1)  am(rc_mlx5/mlx5_3:1 rc_mlx5/mlx5_3:1 cuda_ipc/cuda)  ka(ud_mlx5/mlx5_3:1)
[1790055287.327316] [local:3422 :1]   +--------------------------------+-------------------------------------------------------------+
[1790055287.327317] [local:3422 :1]   | ucp_context_0 intra-node cfg#2 | remote memory write by ucp_put* from host memory to host    |
[1790055287.327318] [local:3422 :1]   +--------------------------------+------------+------------------------------------------------+
[1790055287.327318] [local:3422 :1]   |                         0..220 | short      | rc_mlx5/mlx5_3:1/path0                         |
[1790055287.327319] [local:3422 :1]   |                      221..1193 | copy-in    | rc_mlx5/mlx5_3:1/path0                         |
[1790055287.327319] [local:3422 :1]   |                      1194..inf | zero-copy  | rc_mlx5/mlx5_3:1 50% on path0 and 50% on path1 |
[1790055287.327320] [local:3422 :1]   +--------------------------------+------------+------------------------------------------------+
[1790055287.327389] [local:3422 :1]   +--------------------------------+------------------------------------------------------------------------------+
[1790055287.327390] [local:3422 :1]   | ucp_context_0 intra-node cfg#2 | remote memory write by ucp_put*(fast-completion) from host memory to host    |
[1790055287.327390] [local:3422 :1]   +--------------------------------+-----------------------------+------------------------------------------------+
[1790055287.327391] [local:3422 :1]   |                         0..220 | short                       | rc_mlx5/mlx5_3:1/path0                         |
[1790055287.327392] [local:3422 :1]   |                      221..9292 | copy-in                     | rc_mlx5/mlx5_3:1/path0                         |
[1790055287.327392] [local:3422 :1]   |                      9293..inf | zero-copy                   | rc_mlx5/mlx5_3:1 50% on path0 and 50% on path1 |
[1790055287.327393] [local:3422 :1]   +--------------------------------+-----------------------------+------------------------------------------------+
[1790055287.327479] [local:3422 :1]   +--------------------------------+--------------------------------------------------------------------+
[1790055287.327480] [local:3422 :1]   | ucp_context_0 intra-node cfg#2 | remote memory write by ucp_put*(multi) from host memory to host    |
[1790055287.327481] [local:3422 :1]   +--------------------------------+-------------------+------------------------------------------------+
[1790055287.327481] [local:3422 :1]   |                         0..220 | short             | rc_mlx5/mlx5_3:1/path0                         |
[1790055287.327482] [local:3422 :1]   |                      221..1285 | copy-in           | rc_mlx5/mlx5_3:1/path0                         |
[1790055287.327482] [local:3422 :1]   |                      1286..inf | zero-copy         | rc_mlx5/mlx5_3:1 50% on path0 and 50% on path1 |
[1790055287.327483] [local:3422 :1]   +--------------------------------+-------------------+------------------------------------------------+
[1790055287.327750] [local:3422 :1]   +--------------------------------+--------------------------------------------------------------------+
[1790055287.327750] [local:3422 :1]   | ucp_context_0 intra-node cfg#2 | remote memory write by ucp_put* from host memory to cuda/dev[3]    |
[1790055287.327751] [local:3422 :1]   +--------------------------------+-------------------+------------------------------------------------+
[1790055287.327760] [local:3422 :1]   |                         0..220 | short             | rc_mlx5/mlx5_3:1/path0                         |
[1790055287.327761] [local:3422 :1]   |                      221..1193 | copy-in           | rc_mlx5/mlx5_3:1/path0                         |
[1790055287.327762] [local:3422 :1]   |                      1194..inf | zero-copy         | rc_mlx5/mlx5_3:1 50% on path0 and 50% on path1 |
[1790055287.327762] [local:3422 :1]   +--------------------------------+-------------------+------------------------------------------------+
[1790055287.327829] [local:3422 :1]   +--------------------------------+-------------------------------------------------------------------------------------+
[1790055287.327830] [local:3422 :1]   | ucp_context_0 intra-node cfg#2 | remote memory write by ucp_put*(fast-completion) from host memory to cuda/dev[3]    |
[1790055287.327830] [local:3422 :1]   +--------------------------------+------------------------------------+------------------------------------------------+
[1790055287.327831] [local:3422 :1]   |                         0..220 | short                              | rc_mlx5/mlx5_3:1/path0                         |
[1790055287.327831] [local:3422 :1]   |                      221..9292 | copy-in                            | rc_mlx5/mlx5_3:1/path0                         |
[1790055287.327832] [local:3422 :1]   |                      9293..inf | zero-copy                          | rc_mlx5/mlx5_3:1 50% on path0 and 50% on path1 |
[1790055287.327832] [local:3422 :1]   +--------------------------------+------------------------------------+------------------------------------------------+
[1790055287.327904] [local:3422 :1]   +--------------------------------+---------------------------------------------------------------------------+
[1790055287.327904] [local:3422 :1]   | ucp_context_0 intra-node cfg#2 | remote memory write by ucp_put*(multi) from host memory to cuda/dev[3]    |
[1790055287.327905] [local:3422 :1]   +--------------------------------+--------------------------+------------------------------------------------+
[1790055287.327906] [local:3422 :1]   |                         0..220 | short                    | rc_mlx5/mlx5_3:1/path0                         |
[1790055287.327906] [local:3422 :1]   |                      221..1285 | copy-in                  | rc_mlx5/mlx5_3:1/path0                         |
[1790055287.327907] [local:3422 :1]   |                      1286..inf | zero-copy                | rc_mlx5/mlx5_3:1 50% on path0 and 50% on path1 |
[1790055287.327907] [local:3422 :1]   +--------------------------------+--------------------------+------------------------------------------------+
[1790055287.328145] [local:3422 :1]   +--------------------------------+----------------------------------------------------+
[1790055287.328146] [local:3422 :1]   | ucp_context_0 intra-node cfg#2 | active message by ucp_am_send* from host memory    |
[1790055287.328147] [local:3422 :1]   +--------------------------------+---------------------------+------------------------+
[1790055287.328147] [local:3422 :1]   |                         0..226 | short                     | rc_mlx5/mlx5_3:1/path0 |
[1790055287.328148] [local:3422 :1]   |                       227..404 | copy-in                   | rc_mlx5/mlx5_3:1/path0 |
[1790055287.328148] [local:3422 :1]   |                      405..8246 | zero-copy                 | rc_mlx5/mlx5_3:1/path0 |
[1790055287.328149] [local:3422 :1]   |                      8247..inf | multi-frag zero-copy      | rc_mlx5/mlx5_3:1/path0 |
[1790055287.328149] [local:3422 :1]   +--------------------------------+---------------------------+------------------------+
[1790055287.328320] [local:3422 :1]   +--------------------------------+---------------------------------------------------------------------+
[1790055287.328321] [local:3422 :1]   | ucp_context_0 intra-node cfg#2 | active message by ucp_am_send*(fast-completion) from host memory    |
[1790055287.328325] [local:3422 :1]   +--------------------------------+--------------------------------------------+------------------------+
[1790055287.328325] [local:3422 :1]   |                         0..226 | short                                      | rc_mlx5/mlx5_3:1/path0 |
[1790055287.328326] [local:3422 :1]   |                      227..8246 | copy-in                                    | rc_mlx5/mlx5_3:1/path0 |
[1790055287.328326] [local:3422 :1]   |                     8247..9187 | multi-frag copy-in                         | rc_mlx5/mlx5_3:1/path0 |
[1790055287.328327] [local:3422 :1]   |                      9188..inf | multi-frag zero-copy                       | rc_mlx5/mlx5_3:1/path0 |
[1790055287.328328] [local:3422 :1]   +--------------------------------+--------------------------------------------+------------------------+
[1790055287.328844] [local:3422 :1]   +--------------------------------+-----------------------------------------------------------+
[1790055287.328844] [local:3422 :1]   | ucp_context_0 intra-node cfg#2 | active message by ucp_am_send*(multi) from host memory    |
[1790055287.328845] [local:3422 :1]   +--------------------------------+----------------------------------+------------------------+
[1790055287.328846] [local:3422 :1]   |                         0..226 | short                            | rc_mlx5/mlx5_3:1/path0 |
[1790055287.328846] [local:3422 :1]   |                       227..440 | copy-in                          | rc_mlx5/mlx5_3:1/path0 |
[1790055287.328847] [local:3422 :1]   |                      441..8246 | zero-copy                        | rc_mlx5/mlx5_3:1/path0 |
[1790055287.328847] [local:3422 :1]   |                      8247..inf | multi-frag zero-copy             | rc_mlx5/mlx5_3:1/path0 |
[1790055287.328848] [local:3422 :1]   +--------------------------------+----------------------------------+------------------------+
[1790055287.329005] [local:3422 :1]   +--------------------------------+--------------------------------------------------------------------+
[1790055287.329006] [local:3422 :1]   | ucp_context_0 intra-node cfg#2 | active message by ucp_am_send* with reply flag from host memory    |
[1790055287.329006] [local:3422 :1]   +--------------------------------+-------------------------------------------+------------------------+
[1790055287.329007] [local:3422 :1]   |                         0..218 | short                                     | rc_mlx5/mlx5_3:1/path0 |
[1790055287.329007] [local:3422 :1]   |                       219..404 | copy-in                                   | rc_mlx5/mlx5_3:1/path0 |
[1790055287.329008] [local:3422 :1]   |                      405..8238 | zero-copy                                 | rc_mlx5/mlx5_3:1/path0 |
[1790055287.329009] [local:3422 :1]   |                      8239..inf | multi-frag zero-copy                      | rc_mlx5/mlx5_3:1/path0 |
[1790055287.329009] [local:3422 :1]   +--------------------------------+-------------------------------------------+------------------------+
[1790055287.329173] [local:3422 :1]   +--------------------------------+-------------------------------------------------------------------------------------+
[1790055287.329174] [local:3422 :1]   | ucp_context_0 intra-node cfg#2 | active message by ucp_am_send* with reply flag(fast-completion) from host memory    |
[1790055287.329174] [local:3422 :1]   +--------------------------------+------------------------------------------------------------+------------------------+
[1790055287.329175] [local:3422 :1]   |                         0..218 | short                                                      | rc_mlx5/mlx5_3:1/path0 |
[1790055287.329175] [local:3422 :1]   |                      219..8238 | copy-in                                                    | rc_mlx5/mlx5_3:1/path0 |
[1790055287.329176] [local:3422 :1]   |                     8239..9187 | multi-frag copy-in                                         | rc_mlx5/mlx5_3:1/path0 |
[1790055287.329177] [local:3422 :1]   |                      9188..inf | multi-frag zero-copy                                       | rc_mlx5/mlx5_3:1/path0 |
[1790055287.329179] [local:3422 :1]   +--------------------------------+------------------------------------------------------------+------------------------+
[1790055287.329375] [local:3422 :1]   +--------------------------------+---------------------------------------------------------------------------+
[1790055287.329376] [local:3422 :1]   | ucp_context_0 intra-node cfg#2 | active message by ucp_am_send* with reply flag(multi) from host memory    |
[1790055287.329376] [local:3422 :1]   +--------------------------------+--------------------------------------------------+------------------------+
[1790055287.329377] [local:3422 :1]   |                         0..218 | short                                            | rc_mlx5/mlx5_3:1/path0 |
[1790055287.329377] [local:3422 :1]   |                       219..440 | copy-in                                          | rc_mlx5/mlx5_3:1/path0 |
[1790055287.329378] [local:3422 :1]   |                      441..8238 | zero-copy                                        | rc_mlx5/mlx5_3:1/path0 |
[1790055287.329378] [local:3422 :1]   |                      8239..inf | multi-frag zero-copy                             | rc_mlx5/mlx5_3:1/path0 |
[1790055287.329379] [local:3422 :1]   +--------------------------------+--------------------------------------------------+------------------------+
[1790055287.331938] [local:3422 :1]      ucp_worker.c:1984 UCX  INFO    ucp_context_0 intra-node cfg#2 rma(rc_mlx5/mlx5_3:1)  amo(rc_mlx5/mlx5_3:1)  device(cuda_ipc/cuda rc_gda/cuda3-mlx5_3:1 rc_gda/cuda3-mlx5_3:1)  am(rc_mlx5/mlx5_3:1 rc_mlx5/mlx5_3:1 cuda_ipc/cuda)  ka(ud_mlx5/mlx5_3:1)
[1790055287.332077] [local:3422 :1]   +--------------------------------+-------------------------------------------------------------+
[1790055287.332078] [local:3422 :1]   | ucp_context_0 intra-node cfg#2 | remote memory write by ucp_put* from host memory to host    |
[1790055287.332079] [local:3422 :1]   +--------------------------------+------------+------------------------------------------------+
[1790055287.332079] [local:3422 :1]   |                         0..220 | short      | rc_mlx5/mlx5_3:1/path0                         |
[1790055287.332080] [local:3422 :1]   |                      221..1193 | copy-in    | rc_mlx5/mlx5_3:1/path0                         |
[1790055287.332080] [local:3422 :1]   |                      1194..inf | zero-copy  | rc_mlx5/mlx5_3:1 50% on path0 and 50% on path1 |
[1790055287.332081] [local:3422 :1]   +--------------------------------+------------+------------------------------------------------+
[1790055287.332148] [local:3422 :1]   +--------------------------------+------------------------------------------------------------------------------+
[1790055287.332149] [local:3422 :1]   | ucp_context_0 intra-node cfg#2 | remote memory write by ucp_put*(fast-completion) from host memory to host    |
[1790055287.332149] [local:3422 :1]   +--------------------------------+-----------------------------+------------------------------------------------+
[1790055287.332150] [local:3422 :1]   |                         0..220 | short                       | rc_mlx5/mlx5_3:1/path0                         |
[1790055287.332150] [local:3422 :1]   |                      221..9292 | copy-in                     | rc_mlx5/mlx5_3:1/path0                         |
[1790055287.332151] [local:3422 :1]   |                      9293..inf | zero-copy                   | rc_mlx5/mlx5_3:1 50% on path0 and 50% on path1 |
[1790055287.332151] [local:3422 :1]   +--------------------------------+-----------------------------+------------------------------------------------+
[1790055287.332223] [local:3422 :1]   +--------------------------------+--------------------------------------------------------------------+
[1790055287.332223] [local:3422 :1]   | ucp_context_0 intra-node cfg#2 | remote memory write by ucp_put*(multi) from host memory to host    |
[1790055287.332224] [local:3422 :1]   +--------------------------------+-------------------+------------------------------------------------+
[1790055287.332234] [local:3422 :1]   |                         0..220 | short             | rc_mlx5/mlx5_3:1/path0                         |
[1790055287.332235] [local:3422 :1]   |                      221..1285 | copy-in           | rc_mlx5/mlx5_3:1/path0                         |
[1790055287.332235] [local:3422 :1]   |                      1286..inf | zero-copy         | rc_mlx5/mlx5_3:1 50% on path0 and 50% on path1 |
[1790055287.332236] [local:3422 :1]   +--------------------------------+-------------------+------------------------------------------------+
[1790055287.332514] [local:3422 :1]   +--------------------------------+--------------------------------------------------------------------+
[1790055287.332515] [local:3422 :1]   | ucp_context_0 intra-node cfg#2 | remote memory write by ucp_put* from host memory to cuda/dev[3]    |
[1790055287.332515] [local:3422 :1]   +--------------------------------+-------------------+------------------------------------------------+
[1790055287.332516] [local:3422 :1]   |                         0..220 | short             | rc_mlx5/mlx5_3:1/path0                         |
[1790055287.332516] [local:3422 :1]   |                      221..1193 | copy-in           | rc_mlx5/mlx5_3:1/path0                         |
[1790055287.332517] [local:3422 :1]   |                      1194..inf | zero-copy         | rc_mlx5/mlx5_3:1 50% on path0 and 50% on path1 |
[1790055287.332517] [local:3422 :1]   +--------------------------------+-------------------+------------------------------------------------+
[1790055287.332583] [local:3422 :1]   +--------------------------------+-------------------------------------------------------------------------------------+
[1790055287.332584] [local:3422 :1]   | ucp_context_0 intra-node cfg#2 | remote memory write by ucp_put*(fast-completion) from host memory to cuda/dev[3]    |
[1790055287.332584] [local:3422 :1]   +--------------------------------+------------------------------------+------------------------------------------------+
[1790055287.332585] [local:3422 :1]   |                         0..220 | short                              | rc_mlx5/mlx5_3:1/path0                         |
[1790055287.332586] [local:3422 :1]   |                      221..9292 | copy-in                            | rc_mlx5/mlx5_3:1/path0                         |
[1790055287.332586] [local:3422 :1]   |                      9293..inf | zero-copy                          | rc_mlx5/mlx5_3:1 50% on path0 and 50% on path1 |
[1790055287.332587] [local:3422 :1]   +--------------------------------+------------------------------------+------------------------------------------------+
[1790055287.332658] [local:3422 :1]   +--------------------------------+---------------------------------------------------------------------------+
[1790055287.332658] [local:3422 :1]   | ucp_context_0 intra-node cfg#2 | remote memory write by ucp_put*(multi) from host memory to cuda/dev[3]    |
[1790055287.332659] [local:3422 :1]   +--------------------------------+--------------------------+------------------------------------------------+
[1790055287.332659] [local:3422 :1]   |                         0..220 | short                    | rc_mlx5/mlx5_3:1/path0                         |
[1790055287.332660] [local:3422 :1]   |                      221..1285 | copy-in                  | rc_mlx5/mlx5_3:1/path0                         |
[1790055287.332660] [local:3422 :1]   |                      1286..inf | zero-copy                | rc_mlx5/mlx5_3:1 50% on path0 and 50% on path1 |
[1790055287.332661] [local:3422 :1]   +--------------------------------+--------------------------+------------------------------------------------+
[1790055287.332887] [local:3422 :1]   +--------------------------------+----------------------------------------------------+
[1790055287.332888] [local:3422 :1]   | ucp_context_0 intra-node cfg#2 | active message by ucp_am_send* from host memory    |
[1790055287.332888] [local:3422 :1]   +--------------------------------+---------------------------+------------------------+
[1790055287.332894] [local:3422 :1]   |                         0..226 | short                     | rc_mlx5/mlx5_3:1/path0 |
[1790055287.332894] [local:3422 :1]   |                       227..404 | copy-in                   | rc_mlx5/mlx5_3:1/path0 |
[1790055287.332895] [local:3422 :1]   |                      405..8246 | zero-copy                 | rc_mlx5/mlx5_3:1/path0 |
[1790055287.332895] [local:3422 :1]   |                      8247..inf | multi-frag zero-copy      | rc_mlx5/mlx5_3:1/path0 |
[1790055287.332896] [local:3422 :1]   +--------------------------------+---------------------------+------------------------+
[1790055287.333053] [local:3422 :1]   +--------------------------------+---------------------------------------------------------------------+
[1790055287.333054] [local:3422 :1]   | ucp_context_0 intra-node cfg#2 | active message by ucp_am_send*(fast-completion) from host memory    |
[1790055287.333054] [local:3422 :1]   +--------------------------------+--------------------------------------------+------------------------+
[1790055287.333055] [local:3422 :1]   |                         0..226 | short                                      | rc_mlx5/mlx5_3:1/path0 |
[1790055287.333055] [local:3422 :1]   |                      227..8246 | copy-in                                    | rc_mlx5/mlx5_3:1/path0 |
[1790055287.333056] [local:3422 :1]   |                     8247..9187 | multi-frag copy-in                         | rc_mlx5/mlx5_3:1/path0 |
[1790055287.333057] [local:3422 :1]   |                      9188..inf | multi-frag zero-copy                       | rc_mlx5/mlx5_3:1/path0 |
[1790055287.333057] [local:3422 :1]   +--------------------------------+--------------------------------------------+------------------------+
[1790055287.333576] [local:3422 :1]   +--------------------------------+-----------------------------------------------------------+
[1790055287.333577] [local:3422 :1]   | ucp_context_0 intra-node cfg#2 | active message by ucp_am_send*(multi) from host memory    |
[1790055287.333578] [local:3422 :1]   +--------------------------------+----------------------------------+------------------------+
[1790055287.333578] [local:3422 :1]   |                         0..226 | short                            | rc_mlx5/mlx5_3:1/path0 |
[1790055287.333579] [local:3422 :1]   |                       227..440 | copy-in                          | rc_mlx5/mlx5_3:1/path0 |
[1790055287.333579] [local:3422 :1]   |                      441..8246 | zero-copy                        | rc_mlx5/mlx5_3:1/path0 |
[1790055287.333580] [local:3422 :1]   |                      8247..inf | multi-frag zero-copy             | rc_mlx5/mlx5_3:1/path0 |
[1790055287.333580] [local:3422 :1]   +--------------------------------+----------------------------------+------------------------+
[1790055287.333737] [local:3422 :1]   +--------------------------------+--------------------------------------------------------------------+
[1790055287.333738] [local:3422 :1]   | ucp_context_0 intra-node cfg#2 | active message by ucp_am_send* with reply flag from host memory    |
[1790055287.333738] [local:3422 :1]   +--------------------------------+-------------------------------------------+------------------------+
[1790055287.333739] [local:3422 :1]   |                         0..218 | short                                     | rc_mlx5/mlx5_3:1/path0 |
[1790055287.333739] [local:3422 :1]   |                       219..404 | copy-in                                   | rc_mlx5/mlx5_3:1/path0 |
[1790055287.333740] [local:3422 :1]   |                      405..8238 | zero-copy                                 | rc_mlx5/mlx5_3:1/path0 |
[1790055287.333740] [local:3422 :1]   |                      8239..inf | multi-frag zero-copy                      | rc_mlx5/mlx5_3:1/path0 |
[1790055287.333741] [local:3422 :1]   +--------------------------------+-------------------------------------------+------------------------+
[1790055287.333892] [local:3422 :1]   +--------------------------------+-------------------------------------------------------------------------------------+
[1790055287.333895] [local:3422 :1]   | ucp_context_0 intra-node cfg#2 | active message by ucp_am_send* with reply flag(fast-completion) from host memory    |
[1790055287.333896] [local:3422 :1]   +--------------------------------+------------------------------------------------------------+------------------------+
[1790055287.333896] [local:3422 :1]   |                         0..218 | short                                                      | rc_mlx5/mlx5_3:1/path0 |
[1790055287.333897] [local:3422 :1]   |                      219..8238 | copy-in                                                    | rc_mlx5/mlx5_3:1/path0 |
[1790055287.333898] [local:3422 :1]   |                     8239..9187 | multi-frag copy-in                                         | rc_mlx5/mlx5_3:1/path0 |
[1790055287.333898] [local:3422 :1]   |                      9188..inf | multi-frag zero-copy                                       | rc_mlx5/mlx5_3:1/path0 |
[1790055287.333899] [local:3422 :1]   +--------------------------------+------------------------------------------------------------+------------------------+
[1790055287.334067] [local:3422 :1]   +--------------------------------+---------------------------------------------------------------------------+
[1790055287.334067] [local:3422 :1]   | ucp_context_0 intra-node cfg#2 | active message by ucp_am_send* with reply flag(multi) from host memory    |
[1790055287.334068] [local:3422 :1]   +--------------------------------+--------------------------------------------------+------------------------+
[1790055287.334069] [local:3422 :1]   |                         0..218 | short                                            | rc_mlx5/mlx5_3:1/path0 |
[1790055287.334069] [local:3422 :1]   |                       219..440 | copy-in                                          | rc_mlx5/mlx5_3:1/path0 |
[1790055287.334070] [local:3422 :1]   |                      441..8238 | zero-copy                                        | rc_mlx5/mlx5_3:1/path0 |
[1790055287.334070] [local:3422 :1]   |                      8239..inf | multi-frag zero-copy                             | rc_mlx5/mlx5_3:1/path0 |
[1790055287.334071] [local:3422 :1]   +--------------------------------+--------------------------------------------------+------------------------+
[1790055287.338320] [local:3422 :1]      ucp_worker.c:1984 UCX  INFO    ucp_context_0 intra-node cfg#2 rma(rc_mlx5/mlx5_3:1)  amo(rc_mlx5/mlx5_3:1)  device(cuda_ipc/cuda rc_gda/cuda3-mlx5_3:1 rc_gda/cuda3-mlx5_3:1)  am(rc_mlx5/mlx5_3:1 rc_mlx5/mlx5_3:1 cuda_ipc/cuda)  ka(ud_mlx5/mlx5_3:1)
[1790055287.338464] [local:3422 :1]   +--------------------------------+-------------------------------------------------------------+
[1790055287.338465] [local:3422 :1]   | ucp_context_0 intra-node cfg#2 | remote memory write by ucp_put* from host memory to host    |
[1790055287.338466] [local:3422 :1]   +--------------------------------+------------+------------------------------------------------+
[1790055287.338467] [local:3422 :1]   |                         0..220 | short      | rc_mlx5/mlx5_3:1/path0                         |
[1790055287.338467] [local:3422 :1]   |                      221..1193 | copy-in    | rc_mlx5/mlx5_3:1/path0                         |
[1790055287.338468] [local:3422 :1]   |                      1194..inf | zero-copy  | rc_mlx5/mlx5_3:1 50% on path0 and 50% on path1 |
[1790055287.338468] [local:3422 :1]   +--------------------------------+------------+------------------------------------------------+
[1790055287.338536] [local:3422 :1]   +--------------------------------+------------------------------------------------------------------------------+
[1790055287.338537] [local:3422 :1]   | ucp_context_0 intra-node cfg#2 | remote memory write by ucp_put*(fast-completion) from host memory to host    |
[1790055287.338538] [local:3422 :1]   +--------------------------------+-----------------------------+------------------------------------------------+
[1790055287.338547] [local:3422 :1]   |                         0..220 | short                       | rc_mlx5/mlx5_3:1/path0                         |
[1790055287.338548] [local:3422 :1]   |                      221..9292 | copy-in                     | rc_mlx5/mlx5_3:1/path0                         |
[1790055287.338548] [local:3422 :1]   |                      9293..inf | zero-copy                   | rc_mlx5/mlx5_3:1 50% on path0 and 50% on path1 |
[1790055287.338549] [local:3422 :1]   +--------------------------------+-----------------------------+------------------------------------------------+
[1790055287.338623] [local:3422 :1]   +--------------------------------+--------------------------------------------------------------------+
[1790055287.338623] [local:3422 :1]   | ucp_context_0 intra-node cfg#2 | remote memory write by ucp_put*(multi) from host memory to host    |
[1790055287.338624] [local:3422 :1]   +--------------------------------+-------------------+------------------------------------------------+
[1790055287.338625] [local:3422 :1]   |                         0..220 | short             | rc_mlx5/mlx5_3:1/path0                         |
[1790055287.338625] [local:3422 :1]   |                      221..1285 | copy-in           | rc_mlx5/mlx5_3:1/path0                         |
[1790055287.338626] [local:3422 :1]   |                      1286..inf | zero-copy         | rc_mlx5/mlx5_3:1 50% on path0 and 50% on path1 |
[1790055287.338626] [local:3422 :1]   +--------------------------------+-------------------+------------------------------------------------+
[1790055287.338897] [local:3422 :1]   +--------------------------------+--------------------------------------------------------------------+
[1790055287.338898] [local:3422 :1]   | ucp_context_0 intra-node cfg#2 | remote memory write by ucp_put* from host memory to cuda/dev[3]    |
[1790055287.338898] [local:3422 :1]   +--------------------------------+-------------------+------------------------------------------------+
[1790055287.338899] [local:3422 :1]   |                         0..220 | short             | rc_mlx5/mlx5_3:1/path0                         |
[1790055287.338900] [local:3422 :1]   |                      221..1193 | copy-in           | rc_mlx5/mlx5_3:1/path0                         |
[1790055287.338900] [local:3422 :1]   |                      1194..inf | zero-copy         | rc_mlx5/mlx5_3:1 50% on path0 and 50% on path1 |
[1790055287.338901] [local:3422 :1]   +--------------------------------+-------------------+------------------------------------------------+
[1790055287.338969] [local:3422 :1]   +--------------------------------+-------------------------------------------------------------------------------------+
[1790055287.338969] [local:3422 :1]   | ucp_context_0 intra-node cfg#2 | remote memory write by ucp_put*(fast-completion) from host memory to cuda/dev[3]    |
[1790055287.338970] [local:3422 :1]   +--------------------------------+------------------------------------+------------------------------------------------+
[1790055287.338971] [local:3422 :1]   |                         0..220 | short                              | rc_mlx5/mlx5_3:1/path0                         |
[1790055287.338971] [local:3422 :1]   |                      221..9292 | copy-in                            | rc_mlx5/mlx5_3:1/path0                         |
[1790055287.338972] [local:3422 :1]   |                      9293..inf | zero-copy                          | rc_mlx5/mlx5_3:1 50% on path0 and 50% on path1 |
[1790055287.338972] [local:3422 :1]   +--------------------------------+------------------------------------+------------------------------------------------+
[1790055287.339047] [local:3422 :1]   +--------------------------------+---------------------------------------------------------------------------+
[1790055287.339048] [local:3422 :1]   | ucp_context_0 intra-node cfg#2 | remote memory write by ucp_put*(multi) from host memory to cuda/dev[3]    |
[1790055287.339048] [local:3422 :1]   +--------------------------------+--------------------------+------------------------------------------------+
[1790055287.339051] [local:3422 :1]   |                         0..220 | short                    | rc_mlx5/mlx5_3:1/path0                         |
[1790055287.339052] [local:3422 :1]   |                      221..1285 | copy-in                  | rc_mlx5/mlx5_3:1/path0                         |
[1790055287.339052] [local:3422 :1]   |                      1286..inf | zero-copy                | rc_mlx5/mlx5_3:1 50% on path0 and 50% on path1 |
[1790055287.339053] [local:3422 :1]   +--------------------------------+--------------------------+------------------------------------------------+
[1790055287.339299] [local:3422 :1]   +--------------------------------+----------------------------------------------------+
[1790055287.339300] [local:3422 :1]   | ucp_context_0 intra-node cfg#2 | active message by ucp_am_send* from host memory    |
[1790055287.339301] [local:3422 :1]   +--------------------------------+---------------------------+------------------------+
[1790055287.339302] [local:3422 :1]   |                         0..226 | short                     | rc_mlx5/mlx5_3:1/path0 |
[1790055287.339302] [local:3422 :1]   |                       227..404 | copy-in                   | rc_mlx5/mlx5_3:1/path0 |
[1790055287.339303] [local:3422 :1]   |                      405..8246 | zero-copy                 | rc_mlx5/mlx5_3:1/path0 |
[1790055287.339303] [local:3422 :1]   |                      8247..inf | multi-frag zero-copy      | rc_mlx5/mlx5_3:1/path0 |
[1790055287.339304] [local:3422 :1]   +--------------------------------+---------------------------+------------------------+
[1790055287.339479] [local:3422 :1]   +--------------------------------+---------------------------------------------------------------------+
[1790055287.339480] [local:3422 :1]   | ucp_context_0 intra-node cfg#2 | active message by ucp_am_send*(fast-completion) from host memory    |
[1790055287.339481] [local:3422 :1]   +--------------------------------+--------------------------------------------+------------------------+
[1790055287.339481] [local:3422 :1]   |                         0..226 | short                                      | rc_mlx5/mlx5_3:1/path0 |
[1790055287.339482] [local:3422 :1]   |                      227..8246 | copy-in                                    | rc_mlx5/mlx5_3:1/path0 |
[1790055287.339482] [local:3422 :1]   |                     8247..9187 | multi-frag copy-in                         | rc_mlx5/mlx5_3:1/path0 |
[1790055287.339483] [local:3422 :1]   |                      9188..inf | multi-frag zero-copy                       | rc_mlx5/mlx5_3:1/path0 |
[1790055287.339483] [local:3422 :1]   +--------------------------------+--------------------------------------------+------------------------+
[1790055287.339999] [local:3422 :1]   +--------------------------------+-----------------------------------------------------------+
[1790055287.340000] [local:3422 :1]   | ucp_context_0 intra-node cfg#2 | active message by ucp_am_send*(multi) from host memory    |
[1790055287.340001] [local:3422 :1]   +--------------------------------+----------------------------------+------------------------+
[1790055287.340001] [local:3422 :1]   |                         0..226 | short                            | rc_mlx5/mlx5_3:1/path0 |
[1790055287.340002] [local:3422 :1]   |                       227..440 | copy-in                          | rc_mlx5/mlx5_3:1/path0 |
[1790055287.340002] [local:3422 :1]   |                      441..8246 | zero-copy                        | rc_mlx5/mlx5_3:1/path0 |
[1790055287.340003] [local:3422 :1]   |                      8247..inf | multi-frag zero-copy             | rc_mlx5/mlx5_3:1/path0 |
[1790055287.340003] [local:3422 :1]   +--------------------------------+----------------------------------+------------------------+
[1790055287.340162] [local:3422 :1]   +--------------------------------+--------------------------------------------------------------------+
[1790055287.340162] [local:3422 :1]   | ucp_context_0 intra-node cfg#2 | active message by ucp_am_send* with reply flag from host memory    |
[1790055287.340167] [local:3422 :1]   +--------------------------------+-------------------------------------------+------------------------+
[1790055287.340168] [local:3422 :1]   |                         0..218 | short                                     | rc_mlx5/mlx5_3:1/path0 |
[1790055287.340168] [local:3422 :1]   |                       219..404 | copy-in                                   | rc_mlx5/mlx5_3:1/path0 |
[1790055287.340169] [local:3422 :1]   |                      405..8238 | zero-copy                                 | rc_mlx5/mlx5_3:1/path0 |
[1790055287.340169] [local:3422 :1]   |                      8239..inf | multi-frag zero-copy                      | rc_mlx5/mlx5_3:1/path0 |
[1790055287.340170] [local:3422 :1]   +--------------------------------+-------------------------------------------+------------------------+
[1790055287.340333] [local:3422 :1]   +--------------------------------+-------------------------------------------------------------------------------------+
[1790055287.340333] [local:3422 :1]   | ucp_context_0 intra-node cfg#2 | active message by ucp_am_send* with reply flag(fast-completion) from host memory    |
[1790055287.340334] [local:3422 :1]   +--------------------------------+------------------------------------------------------------+------------------------+
[1790055287.340335] [local:3422 :1]   |                         0..218 | short                                                      | rc_mlx5/mlx5_3:1/path0 |
[1790055287.340335] [local:3422 :1]   |                      219..8238 | copy-in                                                    | rc_mlx5/mlx5_3:1/path0 |
[1790055287.340336] [local:3422 :1]   |                     8239..9187 | multi-frag copy-in                                         | rc_mlx5/mlx5_3:1/path0 |
[1790055287.340336] [local:3422 :1]   |                      9188..inf | multi-frag zero-copy                                       | rc_mlx5/mlx5_3:1/path0 |
[1790055287.340337] [local:3422 :1]   +--------------------------------+------------------------------------------------------------+------------------------+
[1790055287.340515] [local:3422 :1]   +--------------------------------+---------------------------------------------------------------------------+
[1790055287.340516] [local:3422 :1]   | ucp_context_0 intra-node cfg#2 | active message by ucp_am_send* with reply flag(multi) from host memory    |
[1790055287.340516] [local:3422 :1]   +--------------------------------+--------------------------------------------------+------------------------+
[1790055287.340517] [local:3422 :1]   |                         0..218 | short                                            | rc_mlx5/mlx5_3:1/path0 |
[1790055287.340517] [local:3422 :1]   |                       219..440 | copy-in                                          | rc_mlx5/mlx5_3:1/path0 |
[1790055287.340518] [local:3422 :1]   |                      441..8238 | zero-copy                                        | rc_mlx5/mlx5_3:1/path0 |
[1790055287.340518] [local:3422 :1]   |                      8239..inf | multi-frag zero-copy                             | rc_mlx5/mlx5_3:1/path0 |
[1790055287.340519] [local:3422 :1]   +--------------------------------+--------------------------------------------------+------------------------+
[1790055287.481224] [local:3422 :2]   +--------------------------------+--------------------------------------------------------------------------+
[1790055287.481229] [local:3422 :2]   | ucp_context_0 intra-node cfg#2 | remote memory read by ucp_get*(multi) into cuda/GPU3 from cuda/dev[3]    |
[1790055287.481230] [local:3422 :2]   +--------------------------------+-------------------------------------------------+------------------------+
[1790055287.481231] [local:3422 :2]   |                              0 | copy-out                                        | rc_mlx5/mlx5_3:1/path0 |
[1790055287.481232] [local:3422 :2]   |                         1..inf | zero-copy                                       | cuda_ipc/cuda          |
[1790055287.481260] [local:3422 :2]   +--------------------------------+-------------------------------------------------+------------------------+
[1790055287.481293] [local:3422 :3]   +--------------------------------+--------------------------------------------------------------------------+
[1790055287.481298] [local:3422 :3]   | ucp_context_0 intra-node cfg#2 | remote memory read by ucp_get*(multi) into cuda/GPU3 from cuda/dev[3]    |
[1790055287.481299] [local:3422 :3]   +--------------------------------+-------------------------------------------------+------------------------+
[1790055287.481300] [local:3422 :3]   |                              0 | copy-out                                        | rc_mlx5/mlx5_3:1/path0 |
[1790055287.481300] [local:3422 :3]   |                         1..inf | zero-copy                                       | cuda_ipc/cuda          |
[1790055287.481301] [local:3422 :3]   +--------------------------------+-------------------------------------------------+------------------------+
[1790055287.481323] [local:3422 :4]   +--------------------------------+--------------------------------------------------------------------------+
[1790055287.481327] [local:3422 :4]   | ucp_context_0 intra-node cfg#2 | remote memory read by ucp_get*(multi) into cuda/GPU3 from cuda/dev[3]    |
[1790055287.481327] [local:3422 :4]   +--------------------------------+-------------------------------------------------+------------------------+
[1790055287.481328] [local:3422 :4]   |                              0 | copy-out                                        | rc_mlx5/mlx5_3:1/path0 |
[1790055287.481329] [local:3422 :4]   |                         1..inf | zero-copy                                       | cuda_ipc/cuda          |
[1790055287.481329] [local:3422 :4]   +--------------------------------+-------------------------------------------------+------------------------+
[1790055287.481342] [local:3422 :5]   +--------------------------------+--------------------------------------------------------------------------+
[1790055287.481346] [local:3422 :5]   | ucp_context_0 intra-node cfg#2 | remote memory read by ucp_get*(multi) into cuda/GPU3 from cuda/dev[3]    |
[1790055287.481347] [local:3422 :5]   +--------------------------------+-------------------------------------------------+------------------------+
[1790055287.481348] [local:3422 :5]   |                              0 | copy-out                                        | rc_mlx5/mlx5_3:1/path0 |
[1790055287.481349] [local:3422 :5]   |                         1..inf | zero-copy                                       | cuda_ipc/cuda          |
[1790055287.481350] [local:3422 :5]   +--------------------------------+-------------------------------------------------+------------------------+
[1790055287.521631] [local:3422 :6]      ucp_worker.c:1984 UCX  INFO    ucp_context_0 intra-node cfg#3 rma(rc_mlx5/mlx5_3:1)  amo(rc_mlx5/mlx5_3:1)  device(cuda_ipc/cuda rc_gda/cuda3-mlx5_3:1 rc_gda/cuda3-mlx5_3:1)  am(rc_mlx5/mlx5_3:1 rc_mlx5/mlx5_3:1 cuda_ipc/cuda)  ka(ud_mlx5/mlx5_3:1)
[1790055287.521815] [local:3422 :6]   +--------------------------------+-------------------------------------------------------------+
[1790055287.521817] [local:3422 :6]   | ucp_context_0 intra-node cfg#3 | remote memory write by ucp_put* from host memory to host    |
[1790055287.521817] [local:3422 :6]   +--------------------------------+------------+------------------------------------------------+
[1790055287.521818] [local:3422 :6]   |                         0..220 | short      | rc_mlx5/mlx5_3:1/path0                         |
[1790055287.521818] [local:3422 :6]   |                      221..1193 | copy-in    | rc_mlx5/mlx5_3:1/path0                         |
[1790055287.521819] [local:3422 :6]   |                      1194..inf | zero-copy  | rc_mlx5/mlx5_3:1 50% on path0 and 50% on path1 |
[1790055287.521819] [local:3422 :6]   +--------------------------------+------------+------------------------------------------------+
[1790055287.521904] [local:3422 :6]   +--------------------------------+------------------------------------------------------------------------------+
[1790055287.521904] [local:3422 :6]   | ucp_context_0 intra-node cfg#3 | remote memory write by ucp_put*(fast-completion) from host memory to host    |
[1790055287.521905] [local:3422 :6]   +--------------------------------+-----------------------------+------------------------------------------------+
[1790055287.521906] [local:3422 :6]   |                         0..220 | short                       | rc_mlx5/mlx5_3:1/path0                         |
[1790055287.521906] [local:3422 :6]   |                      221..9292 | copy-in                     | rc_mlx5/mlx5_3:1/path0                         |
[1790055287.521907] [local:3422 :6]   |                      9293..inf | zero-copy                   | rc_mlx5/mlx5_3:1 50% on path0 and 50% on path1 |
[1790055287.521907] [local:3422 :6]   +--------------------------------+-----------------------------+------------------------------------------------+
[1790055287.521980] [local:3422 :6]   +--------------------------------+--------------------------------------------------------------------+
[1790055287.521980] [local:3422 :6]   | ucp_context_0 intra-node cfg#3 | remote memory write by ucp_put*(multi) from host memory to host    |
[1790055287.521981] [local:3422 :6]   +--------------------------------+-------------------+------------------------------------------------+
[1790055287.521981] [local:3422 :6]   |                         0..220 | short             | rc_mlx5/mlx5_3:1/path0                         |
[1790055287.521982] [local:3422 :6]   |                      221..1285 | copy-in           | rc_mlx5/mlx5_3:1/path0                         |
[1790055287.521982] [local:3422 :6]   |                      1286..inf | zero-copy         | rc_mlx5/mlx5_3:1 50% on path0 and 50% on path1 |
[1790055287.521983] [local:3422 :6]   +--------------------------------+-------------------+------------------------------------------------+
[1790055287.522257] [local:3422 :6]   +--------------------------------+--------------------------------------------------------------------+
[1790055287.522258] [local:3422 :6]   | ucp_context_0 intra-node cfg#3 | remote memory write by ucp_put* from host memory to cuda/dev[3]    |
[1790055287.522259] [local:3422 :6]   +--------------------------------+-------------------+------------------------------------------------+
[1790055287.522259] [local:3422 :6]   |                         0..220 | short             | rc_mlx5/mlx5_3:1/path0                         |
[1790055287.522260] [local:3422 :6]   |                      221..1193 | copy-in           | rc_mlx5/mlx5_3:1/path0                         |
[1790055287.522260] [local:3422 :6]   |                      1194..inf | zero-copy         | rc_mlx5/mlx5_3:1 50% on path0 and 50% on path1 |
[1790055287.522261] [local:3422 :6]   +--------------------------------+-------------------+------------------------------------------------+
[1790055287.522337] [local:3422 :6]   +--------------------------------+-------------------------------------------------------------------------------------+
[1790055287.522338] [local:3422 :6]   | ucp_context_0 intra-node cfg#3 | remote memory write by ucp_put*(fast-completion) from host memory to cuda/dev[3]    |
[1790055287.522338] [local:3422 :6]   +--------------------------------+------------------------------------+------------------------------------------------+
[1790055287.522339] [local:3422 :6]   |                         0..220 | short                              | rc_mlx5/mlx5_3:1/path0                         |
[1790055287.522339] [local:3422 :6]   |                      221..9292 | copy-in                            | rc_mlx5/mlx5_3:1/path0                         |
[1790055287.522340] [local:3422 :6]   |                      9293..inf | zero-copy                          | rc_mlx5/mlx5_3:1 50% on path0 and 50% on path1 |
[1790055287.522340] [local:3422 :6]   +--------------------------------+------------------------------------+------------------------------------------------+
[1790055287.522416] [local:3422 :6]   +--------------------------------+---------------------------------------------------------------------------+
[1790055287.522416] [local:3422 :6]   | ucp_context_0 intra-node cfg#3 | remote memory write by ucp_put*(multi) from host memory to cuda/dev[3]    |
[1790055287.522417] [local:3422 :6]   +--------------------------------+--------------------------+------------------------------------------------+
[1790055287.522418] [local:3422 :6]   |                         0..220 | short                    | rc_mlx5/mlx5_3:1/path0                         |
[1790055287.522418] [local:3422 :6]   |                      221..1285 | copy-in                  | rc_mlx5/mlx5_3:1/path0                         |
[1790055287.522419] [local:3422 :6]   |                      1286..inf | zero-copy                | rc_mlx5/mlx5_3:1 50% on path0 and 50% on path1 |
[1790055287.522419] [local:3422 :6]   +--------------------------------+--------------------------+------------------------------------------------+
[1790055287.522649] [local:3422 :6]   +--------------------------------+----------------------------------------------------+
[1790055287.522650] [local:3422 :6]   | ucp_context_0 intra-node cfg#3 | active message by ucp_am_send* from host memory    |
[1790055287.522650] [local:3422 :6]   +--------------------------------+---------------------------+------------------------+
[1790055287.522651] [local:3422 :6]   |                         0..226 | short                     | rc_mlx5/mlx5_3:1/path0 |
[1790055287.522652] [local:3422 :6]   |                       227..404 | copy-in                   | rc_mlx5/mlx5_3:1/path0 |
[1790055287.522652] [local:3422 :6]   |                      405..8246 | zero-copy                 | rc_mlx5/mlx5_3:1/path0 |
[1790055287.522653] [local:3422 :6]   |                      8247..inf | multi-frag zero-copy      | rc_mlx5/mlx5_3:1/path0 |
[1790055287.522653] [local:3422 :6]   +--------------------------------+---------------------------+------------------------+
[1790055287.522805] [local:3422 :6]   +--------------------------------+---------------------------------------------------------------------+
[1790055287.522806] [local:3422 :6]   | ucp_context_0 intra-node cfg#3 | active message by ucp_am_send*(fast-completion) from host memory    |
[1790055287.522806] [local:3422 :6]   +--------------------------------+--------------------------------------------+------------------------+
[1790055287.522807] [local:3422 :6]   |                         0..226 | short                                      | rc_mlx5/mlx5_3:1/path0 |
[1790055287.522807] [local:3422 :6]   |                      227..8246 | copy-in                                    | rc_mlx5/mlx5_3:1/path0 |
[1790055287.522808] [local:3422 :6]   |                     8247..9187 | multi-frag copy-in                         | rc_mlx5/mlx5_3:1/path0 |
[1790055287.522808] [local:3422 :6]   |                      9188..inf | multi-frag zero-copy                       | rc_mlx5/mlx5_3:1/path0 |
[1790055287.522809] [local:3422 :6]   +--------------------------------+--------------------------------------------+------------------------+
[1790055287.523320] [local:3422 :6]   +--------------------------------+-----------------------------------------------------------+
[1790055287.523321] [local:3422 :6]   | ucp_context_0 intra-node cfg#3 | active message by ucp_am_send*(multi) from host memory    |
[1790055287.523322] [local:3422 :6]   +--------------------------------+----------------------------------+------------------------+
[1790055287.523322] [local:3422 :6]   |                         0..226 | short                            | rc_mlx5/mlx5_3:1/path0 |
[1790055287.523323] [local:3422 :6]   |                       227..440 | copy-in                          | rc_mlx5/mlx5_3:1/path0 |
[1790055287.523323] [local:3422 :6]   |                      441..8246 | zero-copy                        | rc_mlx5/mlx5_3:1/path0 |
[1790055287.523324] [local:3422 :6]   |                      8247..inf | multi-frag zero-copy             | rc_mlx5/mlx5_3:1/path0 |
[1790055287.523327] [local:3422 :6]   +--------------------------------+----------------------------------+------------------------+
[1790055287.523489] [local:3422 :6]   +--------------------------------+--------------------------------------------------------------------+
[1790055287.523490] [local:3422 :6]   | ucp_context_0 intra-node cfg#3 | active message by ucp_am_send* with reply flag from host memory    |
[1790055287.523491] [local:3422 :6]   +--------------------------------+-------------------------------------------+------------------------+
[1790055287.523491] [local:3422 :6]   |                         0..218 | short                                     | rc_mlx5/mlx5_3:1/path0 |
[1790055287.523492] [local:3422 :6]   |                       219..404 | copy-in                                   | rc_mlx5/mlx5_3:1/path0 |
[1790055287.523492] [local:3422 :6]   |                      405..8238 | zero-copy                                 | rc_mlx5/mlx5_3:1/path0 |
[1790055287.523493] [local:3422 :6]   |                      8239..inf | multi-frag zero-copy                      | rc_mlx5/mlx5_3:1/path0 |
[1790055287.523493] [local:3422 :6]   +--------------------------------+-------------------------------------------+------------------------+
[1790055287.523647] [local:3422 :6]   +--------------------------------+-------------------------------------------------------------------------------------+
[1790055287.523648] [local:3422 :6]   | ucp_context_0 intra-node cfg#3 | active message by ucp_am_send* with reply flag(fast-completion) from host memory    |
[1790055287.523648] [local:3422 :6]   +--------------------------------+------------------------------------------------------------+------------------------+
[1790055287.523649] [local:3422 :6]   |                         0..218 | short                                                      | rc_mlx5/mlx5_3:1/path0 |
[1790055287.523649] [local:3422 :6]   |                      219..8238 | copy-in                                                    | rc_mlx5/mlx5_3:1/path0 |
[1790055287.523650] [local:3422 :6]   |                     8239..9187 | multi-frag copy-in                                         | rc_mlx5/mlx5_3:1/path0 |
[1790055287.523650] [local:3422 :6]   |                      9188..inf | multi-frag zero-copy                                       | rc_mlx5/mlx5_3:1/path0 |
[1790055287.523651] [local:3422 :6]   +--------------------------------+------------------------------------------------------------+------------------------+
[1790055287.523819] [local:3422 :6]   +--------------------------------+---------------------------------------------------------------------------+
[1790055287.523820] [local:3422 :6]   | ucp_context_0 intra-node cfg#3 | active message by ucp_am_send* with reply flag(multi) from host memory    |
[1790055287.523821] [local:3422 :6]   +--------------------------------+--------------------------------------------------+------------------------+
[1790055287.523821] [local:3422 :6]   |                         0..218 | short                                            | rc_mlx5/mlx5_3:1/path0 |
[1790055287.523822] [local:3422 :6]   |                       219..440 | copy-in                                          | rc_mlx5/mlx5_3:1/path0 |
[1790055287.523822] [local:3422 :6]   |                      441..8238 | zero-copy                                        | rc_mlx5/mlx5_3:1/path0 |
[1790055287.523823] [local:3422 :6]   |                      8239..inf | multi-frag zero-copy                             | rc_mlx5/mlx5_3:1/path0 |
[1790055287.523823] [local:3422 :6]   +--------------------------------+--------------------------------------------------+------------------------+
[1790055287.633473] [local:3422 :0]   +--------------------------------+---------------------------------------------------------+
[1790055287.633477] [local:3422 :0]   | ucp_context_0 intra-node cfg#2 | active message by ucp_am_send*(egr) from host memory    |
[1790055287.633494] [local:3422 :0]   +--------------------------------+--------------------------------+------------------------+
[1790055287.633495] [local:3422 :0]   |                         0..226 | short                          | rc_mlx5/mlx5_3:1/path0 |
[1790055287.633496] [local:3422 :0]   |                       227..404 | copy-in                        | rc_mlx5/mlx5_3:1/path0 |
[1790055287.633496] [local:3422 :0]   |                      405..8246 | zero-copy                      | rc_mlx5/mlx5_3:1/path0 |
[1790055287.633497] [local:3422 :0]   |                      8247..inf | multi-frag zero-copy           | rc_mlx5/mlx5_3:1/path0 |
[1790055287.633497] [local:3422 :0]   +--------------------------------+--------------------------------+------------------------+
[1790055334.799619] [local:3422 :0]   +--------------------------------+--------------------------------------------------------------------------+
[1790055334.799625] [local:3422 :0]   | ucp_context_0 intra-node cfg#2 | remote memory read by ucp_get*(multi) into cuda/GPU3 from cuda/dev[3]    |
[1790055334.799626] [local:3422 :0]   +--------------------------------+-------------------------------------------------+------------------------+
[1790055334.799627] [local:3422 :0]   |                              0 | copy-out                                        | rc_mlx5/mlx5_3:1/path0 |
[1790055334.799627] [local:3422 :0]   |                         1..inf | zero-copy                                       | cuda_ipc/cuda          |
[1790055334.799628] [local:3422 :0]   +--------------------------------+-------------------------------------------------+------------------------+
[1790055530.919728] [local:3422 :0]           async.c:714  UCX  DIAG  async handler table is not empty during exit (contains 354 elems)
[1790055530.919741] [local:3422 :0]          thread.c:433  UCX  DIAG  async thread still running (use count 354)
[1790055530.919743] [local:3422 :0]          thread.c:433  UCX  DIAG  async thread still running (use count 354)
