[1790055259.809042] [local:3421 :0]     ucp_context.c:2659 UCX  INFO  Version 1.21.0 (loaded from /usr/local/lib/python3.12/dist-packages/nixl_ep_cu13/../nixl_cu13.libs/libucp-bcc5ee2e.so.0.0.0)
[1790055265.230826] [local:3421 :0]   +--------------------------+-------------------------------------------------------------+
[1790055265.230831] [local:3421 :0]   | ucp_context_0 self cfg#0 | remote memory write by ucp_put* from host memory to host    |
[1790055265.230832] [local:3421 :0]   +--------------------------+--------------------------------------------+----------------+
[1790055265.230832] [local:3421 :0]   |            0..4294967295 | short                                      | cuda_copy/cuda |
[1790055265.230833] [local:3421 :0]   +--------------------------+--------------------------------------------+----------------+
[1790055265.230866] [local:3421 :0]   +--------------------------+------------------------------------------------------------------------------+
[1790055265.230867] [local:3421 :0]   | ucp_context_0 self cfg#0 | remote memory write by ucp_put*(fast-completion) from host memory to host    |
[1790055265.230868] [local:3421 :0]   +--------------------------+-------------------------------------------------------------+----------------+
[1790055265.230868] [local:3421 :0]   |            0..4294967295 | short                                                       | cuda_copy/cuda |
[1790055265.230869] [local:3421 :0]   +--------------------------+-------------------------------------------------------------+----------------+
[1790055265.230899] [local:3421 :0]   +--------------------------+--------------------------------------------------------------------+
[1790055265.230900] [local:3421 :0]   | ucp_context_0 self cfg#0 | remote memory write by ucp_put*(multi) from host memory to host    |
[1790055265.230900] [local:3421 :0]   +--------------------------+---------------------------------------------------+----------------+
[1790055265.230901] [local:3421 :0]   |            0..4294967295 | short                                             | cuda_copy/cuda |
[1790055265.230902] [local:3421 :0]   +--------------------------+---------------------------------------------------+----------------+
[1790055265.230948] [local:3421 :0]   +--------------------------+----------------------------------------------------+
[1790055265.230949] [local:3421 :0]   | ucp_context_0 self cfg#0 | active message by ucp_am_send* from host memory    |
[1790055265.230950] [local:3421 :0]   +--------------------------+-------------------------------------------------+--+
[1790055265.230951] [local:3421 :0]   +--------------------------+-------------------------------------------------+--+
[1790055265.230962] [local:3421 :0]   +--------------------------+--------------------------------------------------------------------+
[1790055265.230963] [local:3421 :0]   | ucp_context_0 self cfg#0 | active message by ucp_am_send* with reply flag from host memory    |
[1790055265.230964] [local:3421 :0]   +--------------------------+-----------------------------------------------------------------+--+
[1790055265.230965] [local:3421 :0]   +--------------------------+-----------------------------------------------------------------+--+
[1790055265.231110] [local:3421 :0]          parser.c:2364 UCX  INFO  UCX_* env variables: UCX_PROTO_INFO=y UCX_LOG_LEVEL=info UCX_LOG_FILE=/results/default-a/ucx-decode.%p.log UCX_RCACHE_MAX_UNRELEASED=1024
[1790055265.624788] [local:3421 :0]   +--------------------------+-------------------------------------------------------------+
[1790055265.624793] [local:3421 :0]   | ucp_context_0 self cfg#0 | remote memory write by ucp_put* from host memory to host    |
[1790055265.624794] [local:3421 :0]   +--------------------------+--------------------------------------------+----------------+
[1790055265.624795] [local:3421 :0]   |            0..4294967295 | short                                      | cuda_copy/cuda |
[1790055265.624796] [local:3421 :0]   +--------------------------+--------------------------------------------+----------------+
[1790055265.624856] [local:3421 :0]   +--------------------------+------------------------------------------------------------------------------+
[1790055265.624856] [local:3421 :0]   | ucp_context_0 self cfg#0 | remote memory write by ucp_put*(fast-completion) from host memory to host    |
[1790055265.624857] [local:3421 :0]   +--------------------------+-------------------------------------------------------------+----------------+
[1790055265.624858] [local:3421 :0]   |            0..4294967295 | short                                                       | cuda_copy/cuda |
[1790055265.624858] [local:3421 :0]   +--------------------------+-------------------------------------------------------------+----------------+
[1790055265.624884] [local:3421 :0]   +--------------------------+--------------------------------------------------------------------+
[1790055265.624884] [local:3421 :0]   | ucp_context_0 self cfg#0 | remote memory write by ucp_put*(multi) from host memory to host    |
[1790055265.624885] [local:3421 :0]   +--------------------------+---------------------------------------------------+----------------+
[1790055265.624885] [local:3421 :0]   |            0..4294967295 | short                                             | cuda_copy/cuda |
[1790055265.624886] [local:3421 :0]   +--------------------------+---------------------------------------------------+----------------+
[1790055265.624926] [local:3421 :0]   +--------------------------+----------------------------------------------------+
[1790055265.624926] [local:3421 :0]   | ucp_context_0 self cfg#0 | active message by ucp_am_send* from host memory    |
[1790055265.624927] [local:3421 :0]   +--------------------------+-------------------------------------------------+--+
[1790055265.624928] [local:3421 :0]   +--------------------------+-------------------------------------------------+--+
[1790055265.624939] [local:3421 :0]   +--------------------------+--------------------------------------------------------------------+
[1790055265.624939] [local:3421 :0]   | ucp_context_0 self cfg#0 | active message by ucp_am_send* with reply flag from host memory    |
[1790055265.624940] [local:3421 :0]   +--------------------------+-----------------------------------------------------------------+--+
[1790055265.624940] [local:3421 :0]   +--------------------------+-----------------------------------------------------------------+--+
[1790055265.981162] [local:3421 :0]   +--------------------------+-------------------------------------------------------------+
[1790055265.981167] [local:3421 :0]   | ucp_context_0 self cfg#0 | remote memory write by ucp_put* from host memory to host    |
[1790055265.981168] [local:3421 :0]   +--------------------------+--------------------------------------------+----------------+
[1790055265.981168] [local:3421 :0]   |            0..4294967295 | short                                      | cuda_copy/cuda |
[1790055265.981169] [local:3421 :0]   +--------------------------+--------------------------------------------+----------------+
[1790055265.981197] [local:3421 :0]   +--------------------------+------------------------------------------------------------------------------+
[1790055265.981198] [local:3421 :0]   | ucp_context_0 self cfg#0 | remote memory write by ucp_put*(fast-completion) from host memory to host    |
[1790055265.981198] [local:3421 :0]   +--------------------------+-------------------------------------------------------------+----------------+
[1790055265.981199] [local:3421 :0]   |            0..4294967295 | short                                                       | cuda_copy/cuda |
[1790055265.981200] [local:3421 :0]   +--------------------------+-------------------------------------------------------------+----------------+
[1790055265.981224] [local:3421 :0]   +--------------------------+--------------------------------------------------------------------+
[1790055265.981224] [local:3421 :0]   | ucp_context_0 self cfg#0 | remote memory write by ucp_put*(multi) from host memory to host    |
[1790055265.981249] [local:3421 :0]   +--------------------------+---------------------------------------------------+----------------+
[1790055265.981250] [local:3421 :0]   |            0..4294967295 | short                                             | cuda_copy/cuda |
[1790055265.981250] [local:3421 :0]   +--------------------------+---------------------------------------------------+----------------+
[1790055265.981300] [local:3421 :0]   +--------------------------+----------------------------------------------------+
[1790055265.981301] [local:3421 :0]   | ucp_context_0 self cfg#0 | active message by ucp_am_send* from host memory    |
[1790055265.981302] [local:3421 :0]   +--------------------------+-------------------------------------------------+--+
[1790055265.981302] [local:3421 :0]   +--------------------------+-------------------------------------------------+--+
[1790055265.981313] [local:3421 :0]   +--------------------------+--------------------------------------------------------------------+
[1790055265.981314] [local:3421 :0]   | ucp_context_0 self cfg#0 | active message by ucp_am_send* with reply flag from host memory    |
[1790055265.981314] [local:3421 :0]   +--------------------------+-----------------------------------------------------------------+--+
[1790055265.981315] [local:3421 :0]   +--------------------------+-----------------------------------------------------------------+--+
[1790055266.372868] [local:3421 :0]   +--------------------------+-------------------------------------------------------------+
[1790055266.372874] [local:3421 :0]   | ucp_context_0 self cfg#0 | remote memory write by ucp_put* from host memory to host    |
[1790055266.372875] [local:3421 :0]   +--------------------------+--------------------------------------------+----------------+
[1790055266.372875] [local:3421 :0]   |            0..4294967295 | short                                      | cuda_copy/cuda |
[1790055266.372876] [local:3421 :0]   +--------------------------+--------------------------------------------+----------------+
[1790055266.372908] [local:3421 :0]   +--------------------------+------------------------------------------------------------------------------+
[1790055266.372909] [local:3421 :0]   | ucp_context_0 self cfg#0 | remote memory write by ucp_put*(fast-completion) from host memory to host    |
[1790055266.372910] [local:3421 :0]   +--------------------------+-------------------------------------------------------------+----------------+
[1790055266.372910] [local:3421 :0]   |            0..4294967295 | short                                                       | cuda_copy/cuda |
[1790055266.372911] [local:3421 :0]   +--------------------------+-------------------------------------------------------------+----------------+
[1790055266.372939] [local:3421 :0]   +--------------------------+--------------------------------------------------------------------+
[1790055266.372940] [local:3421 :0]   | ucp_context_0 self cfg#0 | remote memory write by ucp_put*(multi) from host memory to host    |
[1790055266.372941] [local:3421 :0]   +--------------------------+---------------------------------------------------+----------------+
[1790055266.372942] [local:3421 :0]   |            0..4294967295 | short                                             | cuda_copy/cuda |
[1790055266.372942] [local:3421 :0]   +--------------------------+---------------------------------------------------+----------------+
[1790055266.372988] [local:3421 :0]   +--------------------------+----------------------------------------------------+
[1790055266.372988] [local:3421 :0]   | ucp_context_0 self cfg#0 | active message by ucp_am_send* from host memory    |
[1790055266.372989] [local:3421 :0]   +--------------------------+-------------------------------------------------+--+
[1790055266.372990] [local:3421 :0]   +--------------------------+-------------------------------------------------+--+
[1790055266.373001] [local:3421 :0]   +--------------------------+--------------------------------------------------------------------+
[1790055266.373019] [local:3421 :0]   | ucp_context_0 self cfg#0 | active message by ucp_am_send* with reply flag from host memory    |
[1790055266.373020] [local:3421 :0]   +--------------------------+-----------------------------------------------------------------+--+
[1790055266.373020] [local:3421 :0]   +--------------------------+-----------------------------------------------------------------+--+
[1790055266.739234] [local:3421 :0]   +--------------------------+-------------------------------------------------------------+
[1790055266.739239] [local:3421 :0]   | ucp_context_0 self cfg#0 | remote memory write by ucp_put* from host memory to host    |
[1790055266.739240] [local:3421 :0]   +--------------------------+--------------------------------------------+----------------+
[1790055266.739241] [local:3421 :0]   |            0..4294967295 | short                                      | cuda_copy/cuda |
[1790055266.739242] [local:3421 :0]   +--------------------------+--------------------------------------------+----------------+
[1790055266.739284] [local:3421 :0]   +--------------------------+------------------------------------------------------------------------------+
[1790055266.739285] [local:3421 :0]   | ucp_context_0 self cfg#0 | remote memory write by ucp_put*(fast-completion) from host memory to host    |
[1790055266.739285] [local:3421 :0]   +--------------------------+-------------------------------------------------------------+----------------+
[1790055266.739286] [local:3421 :0]   |            0..4294967295 | short                                                       | cuda_copy/cuda |
[1790055266.739287] [local:3421 :0]   +--------------------------+-------------------------------------------------------------+----------------+
[1790055266.739315] [local:3421 :0]   +--------------------------+--------------------------------------------------------------------+
[1790055266.739315] [local:3421 :0]   | ucp_context_0 self cfg#0 | remote memory write by ucp_put*(multi) from host memory to host    |
[1790055266.739316] [local:3421 :0]   +--------------------------+---------------------------------------------------+----------------+
[1790055266.739317] [local:3421 :0]   |            0..4294967295 | short                                             | cuda_copy/cuda |
[1790055266.739318] [local:3421 :0]   +--------------------------+---------------------------------------------------+----------------+
[1790055266.739361] [local:3421 :0]   +--------------------------+----------------------------------------------------+
[1790055266.739362] [local:3421 :0]   | ucp_context_0 self cfg#0 | active message by ucp_am_send* from host memory    |
[1790055266.739362] [local:3421 :0]   +--------------------------+-------------------------------------------------+--+
[1790055266.739363] [local:3421 :0]   +--------------------------+-------------------------------------------------+--+
[1790055266.739374] [local:3421 :0]   +--------------------------+--------------------------------------------------------------------+
[1790055266.739375] [local:3421 :0]   | ucp_context_0 self cfg#0 | active message by ucp_am_send* with reply flag from host memory    |
[1790055266.739376] [local:3421 :0]   +--------------------------+-----------------------------------------------------------------+--+
[1790055266.739376] [local:3421 :0]   +--------------------------+-----------------------------------------------------------------+--+
[1790055266.741959] [local:3421 :0]      ucp_worker.c:1984 UCX  INFO    ucp_context_0 self cfg#1 rma(rc_mlx5/mlx5_2:1)  amo(rc_mlx5/mlx5_2:1)  device(cuda_ipc/cuda rc_gda/cuda2-mlx5_2:1 rc_gda/cuda2-mlx5_2:1)  am(rc_mlx5/mlx5_2:1 rc_mlx5/mlx5_2:1 cuda_ipc/cuda)  ka(ud_mlx5/mlx5_2:1)
[1790055266.751313] [local:3421 :0]   +--------------------------+-------------------------------------------------------------+
[1790055266.751317] [local:3421 :0]   | ucp_context_0 self cfg#1 | remote memory write by ucp_put* from host memory to host    |
[1790055266.751318] [local:3421 :0]   +--------------------------+------------+------------------------------------------------+
[1790055266.751344] [local:3421 :0]   |                   0..220 | short      | rc_mlx5/mlx5_2:1/path0                         |
[1790055266.751344] [local:3421 :0]   |                221..1193 | copy-in    | rc_mlx5/mlx5_2:1/path0                         |
[1790055266.751345] [local:3421 :0]   |                1194..inf | zero-copy  | rc_mlx5/mlx5_2:1 50% on path0 and 50% on path1 |
[1790055266.751345] [local:3421 :0]   +--------------------------+------------+------------------------------------------------+
[1790055266.751478] [local:3421 :0]   +--------------------------+------------------------------------------------------------------------------+
[1790055266.751479] [local:3421 :0]   | ucp_context_0 self cfg#1 | remote memory write by ucp_put*(fast-completion) from host memory to host    |
[1790055266.751480] [local:3421 :0]   +--------------------------+-----------------------------+------------------------------------------------+
[1790055266.751480] [local:3421 :0]   |                   0..220 | short                       | rc_mlx5/mlx5_2:1/path0                         |
[1790055266.751481] [local:3421 :0]   |                221..9292 | copy-in                     | rc_mlx5/mlx5_2:1/path0                         |
[1790055266.751481] [local:3421 :0]   |                9293..inf | zero-copy                   | rc_mlx5/mlx5_2:1 50% on path0 and 50% on path1 |
[1790055266.751482] [local:3421 :0]   +--------------------------+-----------------------------+------------------------------------------------+
[1790055266.751586] [local:3421 :0]   +--------------------------+--------------------------------------------------------------------+
[1790055266.751587] [local:3421 :0]   | ucp_context_0 self cfg#1 | remote memory write by ucp_put*(multi) from host memory to host    |
[1790055266.751588] [local:3421 :0]   +--------------------------+-------------------+------------------------------------------------+
[1790055266.751588] [local:3421 :0]   |                   0..220 | short             | rc_mlx5/mlx5_2:1/path0                         |
[1790055266.751589] [local:3421 :0]   |                221..1285 | copy-in           | rc_mlx5/mlx5_2:1/path0                         |
[1790055266.751589] [local:3421 :0]   |                1286..inf | zero-copy         | rc_mlx5/mlx5_2:1 50% on path0 and 50% on path1 |
[1790055266.751590] [local:3421 :0]   +--------------------------+-------------------+------------------------------------------------+
[1790055266.760509] [local:3421 :0]   +--------------------------+--------------------------------------------------------------------+
[1790055266.760513] [local:3421 :0]   | ucp_context_0 self cfg#1 | remote memory write by ucp_put* from host memory to cuda/dev[2]    |
[1790055266.760514] [local:3421 :0]   +--------------------------+-------------------+------------------------------------------------+
[1790055266.760514] [local:3421 :0]   |                   0..220 | short             | rc_mlx5/mlx5_2:1/path0                         |
[1790055266.760515] [local:3421 :0]   |                221..1193 | copy-in           | rc_mlx5/mlx5_2:1/path0                         |
[1790055266.760515] [local:3421 :0]   |                1194..inf | zero-copy         | rc_mlx5/mlx5_2:1 50% on path0 and 50% on path1 |
[1790055266.760516] [local:3421 :0]   +--------------------------+-------------------+------------------------------------------------+
[1790055266.760607] [local:3421 :0]   +--------------------------+-------------------------------------------------------------------------------------+
[1790055266.760608] [local:3421 :0]   | ucp_context_0 self cfg#1 | remote memory write by ucp_put*(fast-completion) from host memory to cuda/dev[2]    |
[1790055266.760609] [local:3421 :0]   +--------------------------+------------------------------------+------------------------------------------------+
[1790055266.760609] [local:3421 :0]   |                   0..220 | short                              | rc_mlx5/mlx5_2:1/path0                         |
[1790055266.760623] [local:3421 :0]   |                221..9292 | copy-in                            | rc_mlx5/mlx5_2:1/path0                         |
[1790055266.760624] [local:3421 :0]   |                9293..inf | zero-copy                          | rc_mlx5/mlx5_2:1 50% on path0 and 50% on path1 |
[1790055266.760625] [local:3421 :0]   +--------------------------+------------------------------------+------------------------------------------------+
[1790055266.760720] [local:3421 :0]   +--------------------------+---------------------------------------------------------------------------+
[1790055266.760721] [local:3421 :0]   | ucp_context_0 self cfg#1 | remote memory write by ucp_put*(multi) from host memory to cuda/dev[2]    |
[1790055266.760722] [local:3421 :0]   +--------------------------+--------------------------+------------------------------------------------+
[1790055266.760722] [local:3421 :0]   |                   0..220 | short                    | rc_mlx5/mlx5_2:1/path0                         |
[1790055266.760723] [local:3421 :0]   |                221..1285 | copy-in                  | rc_mlx5/mlx5_2:1/path0                         |
[1790055266.760723] [local:3421 :0]   |                1286..inf | zero-copy                | rc_mlx5/mlx5_2:1 50% on path0 and 50% on path1 |
[1790055266.760724] [local:3421 :0]   +--------------------------+--------------------------+------------------------------------------------+
[1790055266.761025] [local:3421 :0]   +--------------------------+----------------------------------------------------+
[1790055266.761026] [local:3421 :0]   | ucp_context_0 self cfg#1 | active message by ucp_am_send* from host memory    |
[1790055266.761026] [local:3421 :0]   +--------------------------+---------------------------+------------------------+
[1790055266.761027] [local:3421 :0]   |                   0..226 | short                     | rc_mlx5/mlx5_2:1/path0 |
[1790055266.761027] [local:3421 :0]   |                 227..404 | copy-in                   | rc_mlx5/mlx5_2:1/path0 |
[1790055266.761028] [local:3421 :0]   |                405..8246 | zero-copy                 | rc_mlx5/mlx5_2:1/path0 |
[1790055266.761029] [local:3421 :0]   |                8247..inf | multi-frag zero-copy      | rc_mlx5/mlx5_2:1/path0 |
[1790055266.761029] [local:3421 :0]   +--------------------------+---------------------------+------------------------+
[1790055266.761229] [local:3421 :0]   +--------------------------+---------------------------------------------------------------------+
[1790055266.761230] [local:3421 :0]   | ucp_context_0 self cfg#1 | active message by ucp_am_send*(fast-completion) from host memory    |
[1790055266.761230] [local:3421 :0]   +--------------------------+--------------------------------------------+------------------------+
[1790055266.761231] [local:3421 :0]   |                   0..226 | short                                      | rc_mlx5/mlx5_2:1/path0 |
[1790055266.761231] [local:3421 :0]   |                227..8246 | copy-in                                    | rc_mlx5/mlx5_2:1/path0 |
[1790055266.761232] [local:3421 :0]   |               8247..9187 | multi-frag copy-in                         | rc_mlx5/mlx5_2:1/path0 |
[1790055266.761233] [local:3421 :0]   |                9188..inf | multi-frag zero-copy                       | rc_mlx5/mlx5_2:1/path0 |
[1790055266.761233] [local:3421 :0]   +--------------------------+--------------------------------------------+------------------------+
[1790055266.761856] [local:3421 :0]   +--------------------------+-----------------------------------------------------------+
[1790055266.761857] [local:3421 :0]   | ucp_context_0 self cfg#1 | active message by ucp_am_send*(multi) from host memory    |
[1790055266.761858] [local:3421 :0]   +--------------------------+----------------------------------+------------------------+
[1790055266.761859] [local:3421 :0]   |                   0..226 | short                            | rc_mlx5/mlx5_2:1/path0 |
[1790055266.761859] [local:3421 :0]   |                 227..440 | copy-in                          | rc_mlx5/mlx5_2:1/path0 |
[1790055266.761864] [local:3421 :0]   |                441..8246 | zero-copy                        | rc_mlx5/mlx5_2:1/path0 |
[1790055266.761865] [local:3421 :0]   |                8247..inf | multi-frag zero-copy             | rc_mlx5/mlx5_2:1/path0 |
[1790055266.761865] [local:3421 :0]   +--------------------------+----------------------------------+------------------------+
[1790055266.762058] [local:3421 :0]   +--------------------------+--------------------------------------------------------------------+
[1790055266.762059] [local:3421 :0]   | ucp_context_0 self cfg#1 | active message by ucp_am_send* with reply flag from host memory    |
[1790055266.762059] [local:3421 :0]   +--------------------------+-------------------------------------------+------------------------+
[1790055266.762060] [local:3421 :0]   |                   0..218 | short                                     | rc_mlx5/mlx5_2:1/path0 |
[1790055266.762060] [local:3421 :0]   |                 219..404 | copy-in                                   | rc_mlx5/mlx5_2:1/path0 |
[1790055266.762061] [local:3421 :0]   |                405..8238 | zero-copy                                 | rc_mlx5/mlx5_2:1/path0 |
[1790055266.762061] [local:3421 :0]   |                8239..inf | multi-frag zero-copy                      | rc_mlx5/mlx5_2:1/path0 |
[1790055266.762062] [local:3421 :0]   +--------------------------+-------------------------------------------+------------------------+
[1790055266.762247] [local:3421 :0]   +--------------------------+-------------------------------------------------------------------------------------+
[1790055266.762248] [local:3421 :0]   | ucp_context_0 self cfg#1 | active message by ucp_am_send* with reply flag(fast-completion) from host memory    |
[1790055266.762248] [local:3421 :0]   +--------------------------+------------------------------------------------------------+------------------------+
[1790055266.762249] [local:3421 :0]   |                   0..218 | short                                                      | rc_mlx5/mlx5_2:1/path0 |
[1790055266.762249] [local:3421 :0]   |                219..8238 | copy-in                                                    | rc_mlx5/mlx5_2:1/path0 |
[1790055266.762250] [local:3421 :0]   |               8239..9187 | multi-frag copy-in                                         | rc_mlx5/mlx5_2:1/path0 |
[1790055266.762250] [local:3421 :0]   |                9188..inf | multi-frag zero-copy                                       | rc_mlx5/mlx5_2:1/path0 |
[1790055266.762251] [local:3421 :0]   +--------------------------+------------------------------------------------------------+------------------------+
[1790055266.762456] [local:3421 :0]   +--------------------------+---------------------------------------------------------------------------+
[1790055266.762457] [local:3421 :0]   | ucp_context_0 self cfg#1 | active message by ucp_am_send* with reply flag(multi) from host memory    |
[1790055266.762457] [local:3421 :0]   +--------------------------+--------------------------------------------------+------------------------+
[1790055266.762458] [local:3421 :0]   |                   0..218 | short                                            | rc_mlx5/mlx5_2:1/path0 |
[1790055266.762458] [local:3421 :0]   |                 219..440 | copy-in                                          | rc_mlx5/mlx5_2:1/path0 |
[1790055266.762459] [local:3421 :0]   |                441..8238 | zero-copy                                        | rc_mlx5/mlx5_2:1/path0 |
[1790055266.762459] [local:3421 :0]   |                8239..inf | multi-frag zero-copy                             | rc_mlx5/mlx5_2:1/path0 |
[1790055266.762460] [local:3421 :0]   +--------------------------+--------------------------------------------------+------------------------+
[1790055266.834730] [local:3421 :0]      ucp_worker.c:1984 UCX  INFO    ucp_context_0 intra-node cfg#1 rma(rc_mlx5/mlx5_2:1)  amo(rc_mlx5/mlx5_2:1)  device(cuda_ipc/cuda rc_gda/cuda2-mlx5_2:1 rc_gda/cuda2-mlx5_2:1)  am(rc_mlx5/mlx5_2:1 rc_mlx5/mlx5_2:1 cuda_ipc/cuda)  ka(ud_mlx5/mlx5_2:1)
[1790055266.844310] [local:3421 :0]   +--------------------------------+-------------------------------------------------------------+
[1790055266.844314] [local:3421 :0]   | ucp_context_0 intra-node cfg#1 | remote memory write by ucp_put* from host memory to host    |
[1790055266.844315] [local:3421 :0]   +--------------------------------+------------+------------------------------------------------+
[1790055266.844316] [local:3421 :0]   |                         0..220 | short      | rc_mlx5/mlx5_2:1/path0                         |
[1790055266.844316] [local:3421 :0]   |                      221..1193 | copy-in    | rc_mlx5/mlx5_2:1/path0                         |
[1790055266.844317] [local:3421 :0]   |                      1194..inf | zero-copy  | rc_mlx5/mlx5_2:1 50% on path0 and 50% on path1 |
[1790055266.844317] [local:3421 :0]   +--------------------------------+------------+------------------------------------------------+
[1790055266.844425] [local:3421 :0]   +--------------------------------+------------------------------------------------------------------------------+
[1790055266.844426] [local:3421 :0]   | ucp_context_0 intra-node cfg#1 | remote memory write by ucp_put*(fast-completion) from host memory to host    |
[1790055266.844427] [local:3421 :0]   +--------------------------------+-----------------------------+------------------------------------------------+
[1790055266.844427] [local:3421 :0]   |                         0..220 | short                       | rc_mlx5/mlx5_2:1/path0                         |
[1790055266.844428] [local:3421 :0]   |                      221..9292 | copy-in                     | rc_mlx5/mlx5_2:1/path0                         |
[1790055266.844428] [local:3421 :0]   |                      9293..inf | zero-copy                   | rc_mlx5/mlx5_2:1 50% on path0 and 50% on path1 |
[1790055266.844429] [local:3421 :0]   +--------------------------------+-----------------------------+------------------------------------------------+
[1790055266.844501] [local:3421 :0]   +--------------------------------+--------------------------------------------------------------------+
[1790055266.844502] [local:3421 :0]   | ucp_context_0 intra-node cfg#1 | remote memory write by ucp_put*(multi) from host memory to host    |
[1790055266.844502] [local:3421 :0]   +--------------------------------+-------------------+------------------------------------------------+
[1790055266.844503] [local:3421 :0]   |                         0..220 | short             | rc_mlx5/mlx5_2:1/path0                         |
[1790055266.844503] [local:3421 :0]   |                      221..1285 | copy-in           | rc_mlx5/mlx5_2:1/path0                         |
[1790055266.844504] [local:3421 :0]   |                      1286..inf | zero-copy         | rc_mlx5/mlx5_2:1 50% on path0 and 50% on path1 |
[1790055266.844504] [local:3421 :0]   +--------------------------------+-------------------+------------------------------------------------+
[1790055266.844784] [local:3421 :0]   +--------------------------------+--------------------------------------------------------------------+
[1790055266.844785] [local:3421 :0]   | ucp_context_0 intra-node cfg#1 | remote memory write by ucp_put* from host memory to cuda/dev[2]    |
[1790055266.844785] [local:3421 :0]   +--------------------------------+-------------------+------------------------------------------------+
[1790055266.844786] [local:3421 :0]   |                         0..220 | short             | rc_mlx5/mlx5_2:1/path0                         |
[1790055266.844786] [local:3421 :0]   |                      221..1193 | copy-in           | rc_mlx5/mlx5_2:1/path0                         |
[1790055266.844787] [local:3421 :0]   |                      1194..inf | zero-copy         | rc_mlx5/mlx5_2:1 50% on path0 and 50% on path1 |
[1790055266.844788] [local:3421 :0]   +--------------------------------+-------------------+------------------------------------------------+
[1790055266.844881] [local:3421 :0]   +--------------------------------+-------------------------------------------------------------------------------------+
[1790055266.844882] [local:3421 :0]   | ucp_context_0 intra-node cfg#1 | remote memory write by ucp_put*(fast-completion) from host memory to cuda/dev[2]    |
[1790055266.844883] [local:3421 :0]   +--------------------------------+------------------------------------+------------------------------------------------+
[1790055266.844883] [local:3421 :0]   |                         0..220 | short                              | rc_mlx5/mlx5_2:1/path0                         |
[1790055266.844884] [local:3421 :0]   |                      221..9292 | copy-in                            | rc_mlx5/mlx5_2:1/path0                         |
[1790055266.844885] [local:3421 :0]   |                      9293..inf | zero-copy                          | rc_mlx5/mlx5_2:1 50% on path0 and 50% on path1 |
[1790055266.844885] [local:3421 :0]   +--------------------------------+------------------------------------+------------------------------------------------+
[1790055266.844955] [local:3421 :0]   +--------------------------------+---------------------------------------------------------------------------+
[1790055266.844955] [local:3421 :0]   | ucp_context_0 intra-node cfg#1 | remote memory write by ucp_put*(multi) from host memory to cuda/dev[2]    |
[1790055266.844956] [local:3421 :0]   +--------------------------------+--------------------------+------------------------------------------------+
[1790055266.844956] [local:3421 :0]   |                         0..220 | short                    | rc_mlx5/mlx5_2:1/path0                         |
[1790055266.844957] [local:3421 :0]   |                      221..1285 | copy-in                  | rc_mlx5/mlx5_2:1/path0                         |
[1790055266.844957] [local:3421 :0]   |                      1286..inf | zero-copy                | rc_mlx5/mlx5_2:1 50% on path0 and 50% on path1 |
[1790055266.844958] [local:3421 :0]   +--------------------------------+--------------------------+------------------------------------------------+
[1790055266.845186] [local:3421 :0]   +--------------------------------+----------------------------------------------------+
[1790055266.845187] [local:3421 :0]   | ucp_context_0 intra-node cfg#1 | active message by ucp_am_send* from host memory    |
[1790055266.845187] [local:3421 :0]   +--------------------------------+---------------------------+------------------------+
[1790055266.845188] [local:3421 :0]   |                         0..226 | short                     | rc_mlx5/mlx5_2:1/path0 |
[1790055266.845188] [local:3421 :0]   |                       227..404 | copy-in                   | rc_mlx5/mlx5_2:1/path0 |
[1790055266.845189] [local:3421 :0]   |                      405..8246 | zero-copy                 | rc_mlx5/mlx5_2:1/path0 |
[1790055266.845190] [local:3421 :0]   |                      8247..inf | multi-frag zero-copy      | rc_mlx5/mlx5_2:1/path0 |
[1790055266.845190] [local:3421 :0]   +--------------------------------+---------------------------+------------------------+
[1790055266.845351] [local:3421 :0]   +--------------------------------+---------------------------------------------------------------------+
[1790055266.845352] [local:3421 :0]   | ucp_context_0 intra-node cfg#1 | active message by ucp_am_send*(fast-completion) from host memory    |
[1790055266.845353] [local:3421 :0]   +--------------------------------+--------------------------------------------+------------------------+
[1790055266.845353] [local:3421 :0]   |                         0..226 | short                                      | rc_mlx5/mlx5_2:1/path0 |
[1790055266.845354] [local:3421 :0]   |                      227..8246 | copy-in                                    | rc_mlx5/mlx5_2:1/path0 |
[1790055266.845354] [local:3421 :0]   |                     8247..9187 | multi-frag copy-in                         | rc_mlx5/mlx5_2:1/path0 |
[1790055266.845355] [local:3421 :0]   |                      9188..inf | multi-frag zero-copy                       | rc_mlx5/mlx5_2:1/path0 |
[1790055266.845359] [local:3421 :0]   +--------------------------------+--------------------------------------------+------------------------+
[1790055266.845841] [local:3421 :0]   +--------------------------------+-----------------------------------------------------------+
[1790055266.845842] [local:3421 :0]   | ucp_context_0 intra-node cfg#1 | active message by ucp_am_send*(multi) from host memory    |
[1790055266.845843] [local:3421 :0]   +--------------------------------+----------------------------------+------------------------+
[1790055266.845843] [local:3421 :0]   |                         0..226 | short                            | rc_mlx5/mlx5_2:1/path0 |
[1790055266.845844] [local:3421 :0]   |                       227..440 | copy-in                          | rc_mlx5/mlx5_2:1/path0 |
[1790055266.845844] [local:3421 :0]   |                      441..8246 | zero-copy                        | rc_mlx5/mlx5_2:1/path0 |
[1790055266.845845] [local:3421 :0]   |                      8247..inf | multi-frag zero-copy             | rc_mlx5/mlx5_2:1/path0 |
[1790055266.845845] [local:3421 :0]   +--------------------------------+----------------------------------+------------------------+
[1790055266.845991] [local:3421 :0]   +--------------------------------+--------------------------------------------------------------------+
[1790055266.845992] [local:3421 :0]   | ucp_context_0 intra-node cfg#1 | active message by ucp_am_send* with reply flag from host memory    |
[1790055266.845993] [local:3421 :0]   +--------------------------------+-------------------------------------------+------------------------+
[1790055266.845993] [local:3421 :0]   |                         0..218 | short                                     | rc_mlx5/mlx5_2:1/path0 |
[1790055266.845994] [local:3421 :0]   |                       219..404 | copy-in                                   | rc_mlx5/mlx5_2:1/path0 |
[1790055266.845994] [local:3421 :0]   |                      405..8238 | zero-copy                                 | rc_mlx5/mlx5_2:1/path0 |
[1790055266.845995] [local:3421 :0]   |                      8239..inf | multi-frag zero-copy                      | rc_mlx5/mlx5_2:1/path0 |
[1790055266.845995] [local:3421 :0]   +--------------------------------+-------------------------------------------+------------------------+
[1790055266.846135] [local:3421 :0]   +--------------------------------+-------------------------------------------------------------------------------------+
[1790055266.846136] [local:3421 :0]   | ucp_context_0 intra-node cfg#1 | active message by ucp_am_send* with reply flag(fast-completion) from host memory    |
[1790055266.846137] [local:3421 :0]   +--------------------------------+------------------------------------------------------------+------------------------+
[1790055266.846137] [local:3421 :0]   |                         0..218 | short                                                      | rc_mlx5/mlx5_2:1/path0 |
[1790055266.846138] [local:3421 :0]   |                      219..8238 | copy-in                                                    | rc_mlx5/mlx5_2:1/path0 |
[1790055266.846138] [local:3421 :0]   |                     8239..9187 | multi-frag copy-in                                         | rc_mlx5/mlx5_2:1/path0 |
[1790055266.846139] [local:3421 :0]   |                      9188..inf | multi-frag zero-copy                                       | rc_mlx5/mlx5_2:1/path0 |
[1790055266.846139] [local:3421 :0]   +--------------------------------+------------------------------------------------------------+------------------------+
[1790055266.846316] [local:3421 :0]   +--------------------------------+---------------------------------------------------------------------------+
[1790055266.846317] [local:3421 :0]   | ucp_context_0 intra-node cfg#1 | active message by ucp_am_send* with reply flag(multi) from host memory    |
[1790055266.846318] [local:3421 :0]   +--------------------------------+--------------------------------------------------+------------------------+
[1790055266.846322] [local:3421 :0]   |                         0..218 | short                                            | rc_mlx5/mlx5_2:1/path0 |
[1790055266.846323] [local:3421 :0]   |                       219..440 | copy-in                                          | rc_mlx5/mlx5_2:1/path0 |
[1790055266.846323] [local:3421 :0]   |                      441..8238 | zero-copy                                        | rc_mlx5/mlx5_2:1/path0 |
[1790055266.846324] [local:3421 :0]   |                      8239..inf | multi-frag zero-copy                             | rc_mlx5/mlx5_2:1/path0 |
[1790055266.846324] [local:3421 :0]   +--------------------------------+--------------------------------------------------+------------------------+
[1790055266.917575] [local:3421 :0]      ucp_worker.c:1984 UCX  INFO    ucp_context_0 intra-node cfg#1 rma(rc_mlx5/mlx5_2:1)  amo(rc_mlx5/mlx5_2:1)  device(cuda_ipc/cuda rc_gda/cuda2-mlx5_2:1 rc_gda/cuda2-mlx5_2:1)  am(rc_mlx5/mlx5_2:1 rc_mlx5/mlx5_2:1 cuda_ipc/cuda)  ka(ud_mlx5/mlx5_2:1)
[1790055266.927598] [local:3421 :0]   +--------------------------------+-------------------------------------------------------------+
[1790055266.927602] [local:3421 :0]   | ucp_context_0 intra-node cfg#1 | remote memory write by ucp_put* from host memory to host    |
[1790055266.927603] [local:3421 :0]   +--------------------------------+------------+------------------------------------------------+
[1790055266.927603] [local:3421 :0]   |                         0..220 | short      | rc_mlx5/mlx5_2:1/path0                         |
[1790055266.927604] [local:3421 :0]   |                      221..1193 | copy-in    | rc_mlx5/mlx5_2:1/path0                         |
[1790055266.927605] [local:3421 :0]   |                      1194..inf | zero-copy  | rc_mlx5/mlx5_2:1 50% on path0 and 50% on path1 |
[1790055266.927605] [local:3421 :0]   +--------------------------------+------------+------------------------------------------------+
[1790055266.927696] [local:3421 :0]   +--------------------------------+------------------------------------------------------------------------------+
[1790055266.927697] [local:3421 :0]   | ucp_context_0 intra-node cfg#1 | remote memory write by ucp_put*(fast-completion) from host memory to host    |
[1790055266.927697] [local:3421 :0]   +--------------------------------+-----------------------------+------------------------------------------------+
[1790055266.927698] [local:3421 :0]   |                         0..220 | short                       | rc_mlx5/mlx5_2:1/path0                         |
[1790055266.927699] [local:3421 :0]   |                      221..9292 | copy-in                     | rc_mlx5/mlx5_2:1/path0                         |
[1790055266.927699] [local:3421 :0]   |                      9293..inf | zero-copy                   | rc_mlx5/mlx5_2:1 50% on path0 and 50% on path1 |
[1790055266.927700] [local:3421 :0]   +--------------------------------+-----------------------------+------------------------------------------------+
[1790055266.927767] [local:3421 :0]   +--------------------------------+--------------------------------------------------------------------+
[1790055266.927768] [local:3421 :0]   | ucp_context_0 intra-node cfg#1 | remote memory write by ucp_put*(multi) from host memory to host    |
[1790055266.927768] [local:3421 :0]   +--------------------------------+-------------------+------------------------------------------------+
[1790055266.927769] [local:3421 :0]   |                         0..220 | short             | rc_mlx5/mlx5_2:1/path0                         |
[1790055266.927769] [local:3421 :0]   |                      221..1285 | copy-in           | rc_mlx5/mlx5_2:1/path0                         |
[1790055266.927770] [local:3421 :0]   |                      1286..inf | zero-copy         | rc_mlx5/mlx5_2:1 50% on path0 and 50% on path1 |
[1790055266.927770] [local:3421 :0]   +--------------------------------+-------------------+------------------------------------------------+
[1790055266.928126] [local:3421 :0]   +--------------------------------+--------------------------------------------------------------------+
[1790055266.928127] [local:3421 :0]   | ucp_context_0 intra-node cfg#1 | remote memory write by ucp_put* from host memory to cuda/dev[2]    |
[1790055266.928128] [local:3421 :0]   +--------------------------------+-------------------+------------------------------------------------+
[1790055266.928128] [local:3421 :0]   |                         0..220 | short             | rc_mlx5/mlx5_2:1/path0                         |
[1790055266.928129] [local:3421 :0]   |                      221..1193 | copy-in           | rc_mlx5/mlx5_2:1/path0                         |
[1790055266.928129] [local:3421 :0]   |                      1194..inf | zero-copy         | rc_mlx5/mlx5_2:1 50% on path0 and 50% on path1 |
[1790055266.928130] [local:3421 :0]   +--------------------------------+-------------------+------------------------------------------------+
[1790055266.928192] [local:3421 :0]   +--------------------------------+-------------------------------------------------------------------------------------+
[1790055266.928193] [local:3421 :0]   | ucp_context_0 intra-node cfg#1 | remote memory write by ucp_put*(fast-completion) from host memory to cuda/dev[2]    |
[1790055266.928193] [local:3421 :0]   +--------------------------------+------------------------------------+------------------------------------------------+
[1790055266.928194] [local:3421 :0]   |                         0..220 | short                              | rc_mlx5/mlx5_2:1/path0                         |
[1790055266.928194] [local:3421 :0]   |                      221..9292 | copy-in                            | rc_mlx5/mlx5_2:1/path0                         |
[1790055266.928195] [local:3421 :0]   |                      9293..inf | zero-copy                          | rc_mlx5/mlx5_2:1 50% on path0 and 50% on path1 |
[1790055266.928195] [local:3421 :0]   +--------------------------------+------------------------------------+------------------------------------------------+
[1790055266.928276] [local:3421 :0]   +--------------------------------+---------------------------------------------------------------------------+
[1790055266.928277] [local:3421 :0]   | ucp_context_0 intra-node cfg#1 | remote memory write by ucp_put*(multi) from host memory to cuda/dev[2]    |
[1790055266.928278] [local:3421 :0]   +--------------------------------+--------------------------+------------------------------------------------+
[1790055266.928278] [local:3421 :0]   |                         0..220 | short                    | rc_mlx5/mlx5_2:1/path0                         |
[1790055266.928279] [local:3421 :0]   |                      221..1285 | copy-in                  | rc_mlx5/mlx5_2:1/path0                         |
[1790055266.928279] [local:3421 :0]   |                      1286..inf | zero-copy                | rc_mlx5/mlx5_2:1 50% on path0 and 50% on path1 |
[1790055266.928280] [local:3421 :0]   +--------------------------------+--------------------------+------------------------------------------------+
[1790055266.928502] [local:3421 :0]   +--------------------------------+----------------------------------------------------+
[1790055266.928503] [local:3421 :0]   | ucp_context_0 intra-node cfg#1 | active message by ucp_am_send* from host memory    |
[1790055266.928504] [local:3421 :0]   +--------------------------------+---------------------------+------------------------+
[1790055266.928504] [local:3421 :0]   |                         0..226 | short                     | rc_mlx5/mlx5_2:1/path0 |
[1790055266.928505] [local:3421 :0]   |                       227..404 | copy-in                   | rc_mlx5/mlx5_2:1/path0 |
[1790055266.928505] [local:3421 :0]   |                      405..8246 | zero-copy                 | rc_mlx5/mlx5_2:1/path0 |
[1790055266.928506] [local:3421 :0]   |                      8247..inf | multi-frag zero-copy      | rc_mlx5/mlx5_2:1/path0 |
[1790055266.928506] [local:3421 :0]   +--------------------------------+---------------------------+------------------------+
[1790055266.928657] [local:3421 :0]   +--------------------------------+---------------------------------------------------------------------+
[1790055266.928658] [local:3421 :0]   | ucp_context_0 intra-node cfg#1 | active message by ucp_am_send*(fast-completion) from host memory    |
[1790055266.928659] [local:3421 :0]   +--------------------------------+--------------------------------------------+------------------------+
[1790055266.928659] [local:3421 :0]   |                         0..226 | short                                      | rc_mlx5/mlx5_2:1/path0 |
[1790055266.928660] [local:3421 :0]   |                      227..8246 | copy-in                                    | rc_mlx5/mlx5_2:1/path0 |
[1790055266.928660] [local:3421 :0]   |                     8247..9187 | multi-frag copy-in                         | rc_mlx5/mlx5_2:1/path0 |
[1790055266.928661] [local:3421 :0]   |                      9188..inf | multi-frag zero-copy                       | rc_mlx5/mlx5_2:1/path0 |
[1790055266.928662] [local:3421 :0]   +--------------------------------+--------------------------------------------+------------------------+
[1790055266.929141] [local:3421 :0]   +--------------------------------+-----------------------------------------------------------+
[1790055266.929141] [local:3421 :0]   | ucp_context_0 intra-node cfg#1 | active message by ucp_am_send*(multi) from host memory    |
[1790055266.929142] [local:3421 :0]   +--------------------------------+----------------------------------+------------------------+
[1790055266.929143] [local:3421 :0]   |                         0..226 | short                            | rc_mlx5/mlx5_2:1/path0 |
[1790055266.929143] [local:3421 :0]   |                       227..440 | copy-in                          | rc_mlx5/mlx5_2:1/path0 |
[1790055266.929144] [local:3421 :0]   |                      441..8246 | zero-copy                        | rc_mlx5/mlx5_2:1/path0 |
[1790055266.929144] [local:3421 :0]   |                      8247..inf | multi-frag zero-copy             | rc_mlx5/mlx5_2:1/path0 |
[1790055266.929145] [local:3421 :0]   +--------------------------------+----------------------------------+------------------------+
[1790055266.929319] [local:3421 :0]   +--------------------------------+--------------------------------------------------------------------+
[1790055266.929320] [local:3421 :0]   | ucp_context_0 intra-node cfg#1 | active message by ucp_am_send* with reply flag from host memory    |
[1790055266.929321] [local:3421 :0]   +--------------------------------+-------------------------------------------+------------------------+
[1790055266.929321] [local:3421 :0]   |                         0..218 | short                                     | rc_mlx5/mlx5_2:1/path0 |
[1790055266.929322] [local:3421 :0]   |                       219..404 | copy-in                                   | rc_mlx5/mlx5_2:1/path0 |
[1790055266.929322] [local:3421 :0]   |                      405..8238 | zero-copy                                 | rc_mlx5/mlx5_2:1/path0 |
[1790055266.929323] [local:3421 :0]   |                      8239..inf | multi-frag zero-copy                      | rc_mlx5/mlx5_2:1/path0 |
[1790055266.929324] [local:3421 :0]   +--------------------------------+-------------------------------------------+------------------------+
[1790055266.929462] [local:3421 :0]   +--------------------------------+-------------------------------------------------------------------------------------+
[1790055266.929463] [local:3421 :0]   | ucp_context_0 intra-node cfg#1 | active message by ucp_am_send* with reply flag(fast-completion) from host memory    |
[1790055266.929464] [local:3421 :0]   +--------------------------------+------------------------------------------------------------+------------------------+
[1790055266.929464] [local:3421 :0]   |                         0..218 | short                                                      | rc_mlx5/mlx5_2:1/path0 |
[1790055266.929465] [local:3421 :0]   |                      219..8238 | copy-in                                                    | rc_mlx5/mlx5_2:1/path0 |
[1790055266.929470] [local:3421 :0]   |                     8239..9187 | multi-frag copy-in                                         | rc_mlx5/mlx5_2:1/path0 |
[1790055266.929470] [local:3421 :0]   |                      9188..inf | multi-frag zero-copy                                       | rc_mlx5/mlx5_2:1/path0 |
[1790055266.929471] [local:3421 :0]   +--------------------------------+------------------------------------------------------------+------------------------+
[1790055266.929629] [local:3421 :0]   +--------------------------------+---------------------------------------------------------------------------+
[1790055266.929630] [local:3421 :0]   | ucp_context_0 intra-node cfg#1 | active message by ucp_am_send* with reply flag(multi) from host memory    |
[1790055266.929630] [local:3421 :0]   +--------------------------------+--------------------------------------------------+------------------------+
[1790055266.929631] [local:3421 :0]   |                         0..218 | short                                            | rc_mlx5/mlx5_2:1/path0 |
[1790055266.929631] [local:3421 :0]   |                       219..440 | copy-in                                          | rc_mlx5/mlx5_2:1/path0 |
[1790055266.929632] [local:3421 :0]   |                      441..8238 | zero-copy                                        | rc_mlx5/mlx5_2:1/path0 |
[1790055266.929633] [local:3421 :0]   |                      8239..inf | multi-frag zero-copy                             | rc_mlx5/mlx5_2:1/path0 |
[1790055266.929633] [local:3421 :0]   +--------------------------------+--------------------------------------------------+------------------------+
[1790055266.999919] [local:3421 :0]      ucp_worker.c:1984 UCX  INFO    ucp_context_0 intra-node cfg#1 rma(rc_mlx5/mlx5_2:1)  amo(rc_mlx5/mlx5_2:1)  device(cuda_ipc/cuda rc_gda/cuda2-mlx5_2:1 rc_gda/cuda2-mlx5_2:1)  am(rc_mlx5/mlx5_2:1 rc_mlx5/mlx5_2:1 cuda_ipc/cuda)  ka(ud_mlx5/mlx5_2:1)
[1790055267.010085] [local:3421 :0]   +--------------------------------+-------------------------------------------------------------+
[1790055267.010089] [local:3421 :0]   | ucp_context_0 intra-node cfg#1 | remote memory write by ucp_put* from host memory to host    |
[1790055267.010090] [local:3421 :0]   +--------------------------------+------------+------------------------------------------------+
[1790055267.010090] [local:3421 :0]   |                         0..220 | short      | rc_mlx5/mlx5_2:1/path0                         |
[1790055267.010091] [local:3421 :0]   |                      221..1193 | copy-in    | rc_mlx5/mlx5_2:1/path0                         |
[1790055267.010092] [local:3421 :0]   |                      1194..inf | zero-copy  | rc_mlx5/mlx5_2:1 50% on path0 and 50% on path1 |
[1790055267.010092] [local:3421 :0]   +--------------------------------+------------+------------------------------------------------+
[1790055267.010180] [local:3421 :0]   +--------------------------------+------------------------------------------------------------------------------+
[1790055267.010181] [local:3421 :0]   | ucp_context_0 intra-node cfg#1 | remote memory write by ucp_put*(fast-completion) from host memory to host    |
[1790055267.010182] [local:3421 :0]   +--------------------------------+-----------------------------+------------------------------------------------+
[1790055267.010182] [local:3421 :0]   |                         0..220 | short                       | rc_mlx5/mlx5_2:1/path0                         |
[1790055267.010183] [local:3421 :0]   |                      221..9292 | copy-in                     | rc_mlx5/mlx5_2:1/path0                         |
[1790055267.010183] [local:3421 :0]   |                      9293..inf | zero-copy                   | rc_mlx5/mlx5_2:1 50% on path0 and 50% on path1 |
[1790055267.010184] [local:3421 :0]   +--------------------------------+-----------------------------+------------------------------------------------+
[1790055267.010249] [local:3421 :0]   +--------------------------------+--------------------------------------------------------------------+
[1790055267.010262] [local:3421 :0]   | ucp_context_0 intra-node cfg#1 | remote memory write by ucp_put*(multi) from host memory to host    |
[1790055267.010263] [local:3421 :0]   +--------------------------------+-------------------+------------------------------------------------+
[1790055267.010263] [local:3421 :0]   |                         0..220 | short             | rc_mlx5/mlx5_2:1/path0                         |
[1790055267.010264] [local:3421 :0]   |                      221..1285 | copy-in           | rc_mlx5/mlx5_2:1/path0                         |
[1790055267.010265] [local:3421 :0]   |                      1286..inf | zero-copy         | rc_mlx5/mlx5_2:1 50% on path0 and 50% on path1 |
[1790055267.010265] [local:3421 :0]   +--------------------------------+-------------------+------------------------------------------------+
[1790055267.010532] [local:3421 :0]   +--------------------------------+--------------------------------------------------------------------+
[1790055267.010533] [local:3421 :0]   | ucp_context_0 intra-node cfg#1 | remote memory write by ucp_put* from host memory to cuda/dev[2]    |
[1790055267.010534] [local:3421 :0]   +--------------------------------+-------------------+------------------------------------------------+
[1790055267.010534] [local:3421 :0]   |                         0..220 | short             | rc_mlx5/mlx5_2:1/path0                         |
[1790055267.010535] [local:3421 :0]   |                      221..1193 | copy-in           | rc_mlx5/mlx5_2:1/path0                         |
[1790055267.010535] [local:3421 :0]   |                      1194..inf | zero-copy         | rc_mlx5/mlx5_2:1 50% on path0 and 50% on path1 |
[1790055267.010536] [local:3421 :0]   +--------------------------------+-------------------+------------------------------------------------+
[1790055267.010595] [local:3421 :0]   +--------------------------------+-------------------------------------------------------------------------------------+
[1790055267.010596] [local:3421 :0]   | ucp_context_0 intra-node cfg#1 | remote memory write by ucp_put*(fast-completion) from host memory to cuda/dev[2]    |
[1790055267.010597] [local:3421 :0]   +--------------------------------+------------------------------------+------------------------------------------------+
[1790055267.010597] [local:3421 :0]   |                         0..220 | short                              | rc_mlx5/mlx5_2:1/path0                         |
[1790055267.010598] [local:3421 :0]   |                      221..9292 | copy-in                            | rc_mlx5/mlx5_2:1/path0                         |
[1790055267.010598] [local:3421 :0]   |                      9293..inf | zero-copy                          | rc_mlx5/mlx5_2:1 50% on path0 and 50% on path1 |
[1790055267.010599] [local:3421 :0]   +--------------------------------+------------------------------------+------------------------------------------------+
[1790055267.010667] [local:3421 :0]   +--------------------------------+---------------------------------------------------------------------------+
[1790055267.010668] [local:3421 :0]   | ucp_context_0 intra-node cfg#1 | remote memory write by ucp_put*(multi) from host memory to cuda/dev[2]    |
[1790055267.010668] [local:3421 :0]   +--------------------------------+--------------------------+------------------------------------------------+
[1790055267.010669] [local:3421 :0]   |                         0..220 | short                    | rc_mlx5/mlx5_2:1/path0                         |
[1790055267.010670] [local:3421 :0]   |                      221..1285 | copy-in                  | rc_mlx5/mlx5_2:1/path0                         |
[1790055267.010670] [local:3421 :0]   |                      1286..inf | zero-copy                | rc_mlx5/mlx5_2:1 50% on path0 and 50% on path1 |
[1790055267.010671] [local:3421 :0]   +--------------------------------+--------------------------+------------------------------------------------+
[1790055267.010884] [local:3421 :0]   +--------------------------------+----------------------------------------------------+
[1790055267.010885] [local:3421 :0]   | ucp_context_0 intra-node cfg#1 | active message by ucp_am_send* from host memory    |
[1790055267.010886] [local:3421 :0]   +--------------------------------+---------------------------+------------------------+
[1790055267.010886] [local:3421 :0]   |                         0..226 | short                     | rc_mlx5/mlx5_2:1/path0 |
[1790055267.010887] [local:3421 :0]   |                       227..404 | copy-in                   | rc_mlx5/mlx5_2:1/path0 |
[1790055267.010887] [local:3421 :0]   |                      405..8246 | zero-copy                 | rc_mlx5/mlx5_2:1/path0 |
[1790055267.010888] [local:3421 :0]   |                      8247..inf | multi-frag zero-copy      | rc_mlx5/mlx5_2:1/path0 |
[1790055267.010888] [local:3421 :0]   +--------------------------------+---------------------------+------------------------+
[1790055267.011028] [local:3421 :0]   +--------------------------------+---------------------------------------------------------------------+
[1790055267.011029] [local:3421 :0]   | ucp_context_0 intra-node cfg#1 | active message by ucp_am_send*(fast-completion) from host memory    |
[1790055267.011030] [local:3421 :0]   +--------------------------------+--------------------------------------------+------------------------+
[1790055267.011030] [local:3421 :0]   |                         0..226 | short                                      | rc_mlx5/mlx5_2:1/path0 |
[1790055267.011031] [local:3421 :0]   |                      227..8246 | copy-in                                    | rc_mlx5/mlx5_2:1/path0 |
[1790055267.011031] [local:3421 :0]   |                     8247..9187 | multi-frag copy-in                         | rc_mlx5/mlx5_2:1/path0 |
[1790055267.011032] [local:3421 :0]   |                      9188..inf | multi-frag zero-copy                       | rc_mlx5/mlx5_2:1/path0 |
[1790055267.011032] [local:3421 :0]   +--------------------------------+--------------------------------------------+------------------------+
[1790055267.011505] [local:3421 :0]   +--------------------------------+-----------------------------------------------------------+
[1790055267.011506] [local:3421 :0]   | ucp_context_0 intra-node cfg#1 | active message by ucp_am_send*(multi) from host memory    |
[1790055267.011507] [local:3421 :0]   +--------------------------------+----------------------------------+------------------------+
[1790055267.011507] [local:3421 :0]   |                         0..226 | short                            | rc_mlx5/mlx5_2:1/path0 |
[1790055267.011508] [local:3421 :0]   |                       227..440 | copy-in                          | rc_mlx5/mlx5_2:1/path0 |
[1790055267.011508] [local:3421 :0]   |                      441..8246 | zero-copy                        | rc_mlx5/mlx5_2:1/path0 |
[1790055267.011509] [local:3421 :0]   |                      8247..inf | multi-frag zero-copy             | rc_mlx5/mlx5_2:1/path0 |
[1790055267.011509] [local:3421 :0]   +--------------------------------+----------------------------------+------------------------+
[1790055267.011647] [local:3421 :0]   +--------------------------------+--------------------------------------------------------------------+
[1790055267.011648] [local:3421 :0]   | ucp_context_0 intra-node cfg#1 | active message by ucp_am_send* with reply flag from host memory    |
[1790055267.011649] [local:3421 :0]   +--------------------------------+-------------------------------------------+------------------------+
[1790055267.011649] [local:3421 :0]   |                         0..218 | short                                     | rc_mlx5/mlx5_2:1/path0 |
[1790055267.011650] [local:3421 :0]   |                       219..404 | copy-in                                   | rc_mlx5/mlx5_2:1/path0 |
[1790055267.011650] [local:3421 :0]   |                      405..8238 | zero-copy                                 | rc_mlx5/mlx5_2:1/path0 |
[1790055267.011655] [local:3421 :0]   |                      8239..inf | multi-frag zero-copy                      | rc_mlx5/mlx5_2:1/path0 |
[1790055267.011655] [local:3421 :0]   +--------------------------------+-------------------------------------------+------------------------+
[1790055267.011786] [local:3421 :0]   +--------------------------------+-------------------------------------------------------------------------------------+
[1790055267.011786] [local:3421 :0]   | ucp_context_0 intra-node cfg#1 | active message by ucp_am_send* with reply flag(fast-completion) from host memory    |
[1790055267.011787] [local:3421 :0]   +--------------------------------+------------------------------------------------------------+------------------------+
[1790055267.011788] [local:3421 :0]   |                         0..218 | short                                                      | rc_mlx5/mlx5_2:1/path0 |
[1790055267.011788] [local:3421 :0]   |                      219..8238 | copy-in                                                    | rc_mlx5/mlx5_2:1/path0 |
[1790055267.011789] [local:3421 :0]   |                     8239..9187 | multi-frag copy-in                                         | rc_mlx5/mlx5_2:1/path0 |
[1790055267.011789] [local:3421 :0]   |                      9188..inf | multi-frag zero-copy                                       | rc_mlx5/mlx5_2:1/path0 |
[1790055267.011790] [local:3421 :0]   +--------------------------------+------------------------------------------------------------+------------------------+
[1790055267.011939] [local:3421 :0]   +--------------------------------+---------------------------------------------------------------------------+
[1790055267.011939] [local:3421 :0]   | ucp_context_0 intra-node cfg#1 | active message by ucp_am_send* with reply flag(multi) from host memory    |
[1790055267.011940] [local:3421 :0]   +--------------------------------+--------------------------------------------------+------------------------+
[1790055267.011941] [local:3421 :0]   |                         0..218 | short                                            | rc_mlx5/mlx5_2:1/path0 |
[1790055267.011941] [local:3421 :0]   |                       219..440 | copy-in                                          | rc_mlx5/mlx5_2:1/path0 |
[1790055267.011942] [local:3421 :0]   |                      441..8238 | zero-copy                                        | rc_mlx5/mlx5_2:1/path0 |
[1790055267.011942] [local:3421 :0]   |                      8239..inf | multi-frag zero-copy                             | rc_mlx5/mlx5_2:1/path0 |
[1790055267.011943] [local:3421 :0]   +--------------------------------+--------------------------------------------------+------------------------+
[1790055267.083377] [local:3421 :0]      ucp_worker.c:1984 UCX  INFO    ucp_context_0 intra-node cfg#1 rma(rc_mlx5/mlx5_2:1)  amo(rc_mlx5/mlx5_2:1)  device(cuda_ipc/cuda rc_gda/cuda2-mlx5_2:1 rc_gda/cuda2-mlx5_2:1)  am(rc_mlx5/mlx5_2:1 rc_mlx5/mlx5_2:1 cuda_ipc/cuda)  ka(ud_mlx5/mlx5_2:1)
[1790055267.093578] [local:3421 :0]   +--------------------------------+-------------------------------------------------------------+
[1790055267.093581] [local:3421 :0]   | ucp_context_0 intra-node cfg#1 | remote memory write by ucp_put* from host memory to host    |
[1790055267.093582] [local:3421 :0]   +--------------------------------+------------+------------------------------------------------+
[1790055267.093582] [local:3421 :0]   |                         0..220 | short      | rc_mlx5/mlx5_2:1/path0                         |
[1790055267.093583] [local:3421 :0]   |                      221..1193 | copy-in    | rc_mlx5/mlx5_2:1/path0                         |
[1790055267.093583] [local:3421 :0]   |                      1194..inf | zero-copy  | rc_mlx5/mlx5_2:1 50% on path0 and 50% on path1 |
[1790055267.093584] [local:3421 :0]   +--------------------------------+------------+------------------------------------------------+
[1790055267.093663] [local:3421 :0]   +--------------------------------+------------------------------------------------------------------------------+
[1790055267.093677] [local:3421 :0]   | ucp_context_0 intra-node cfg#1 | remote memory write by ucp_put*(fast-completion) from host memory to host    |
[1790055267.093677] [local:3421 :0]   +--------------------------------+-----------------------------+------------------------------------------------+
[1790055267.093678] [local:3421 :0]   |                         0..220 | short                       | rc_mlx5/mlx5_2:1/path0                         |
[1790055267.093678] [local:3421 :0]   |                      221..9292 | copy-in                     | rc_mlx5/mlx5_2:1/path0                         |
[1790055267.093679] [local:3421 :0]   |                      9293..inf | zero-copy                   | rc_mlx5/mlx5_2:1 50% on path0 and 50% on path1 |
[1790055267.093679] [local:3421 :0]   +--------------------------------+-----------------------------+------------------------------------------------+
[1790055267.093742] [local:3421 :0]   +--------------------------------+--------------------------------------------------------------------+
[1790055267.093743] [local:3421 :0]   | ucp_context_0 intra-node cfg#1 | remote memory write by ucp_put*(multi) from host memory to host    |
[1790055267.093744] [local:3421 :0]   +--------------------------------+-------------------+------------------------------------------------+
[1790055267.093744] [local:3421 :0]   |                         0..220 | short             | rc_mlx5/mlx5_2:1/path0                         |
[1790055267.093745] [local:3421 :0]   |                      221..1285 | copy-in           | rc_mlx5/mlx5_2:1/path0                         |
[1790055267.093745] [local:3421 :0]   |                      1286..inf | zero-copy         | rc_mlx5/mlx5_2:1 50% on path0 and 50% on path1 |
[1790055267.093746] [local:3421 :0]   +--------------------------------+-------------------+------------------------------------------------+
[1790055267.093992] [local:3421 :0]   +--------------------------------+--------------------------------------------------------------------+
[1790055267.093993] [local:3421 :0]   | ucp_context_0 intra-node cfg#1 | remote memory write by ucp_put* from host memory to cuda/dev[2]    |
[1790055267.093993] [local:3421 :0]   +--------------------------------+-------------------+------------------------------------------------+
[1790055267.093994] [local:3421 :0]   |                         0..220 | short             | rc_mlx5/mlx5_2:1/path0                         |
[1790055267.093994] [local:3421 :0]   |                      221..1193 | copy-in           | rc_mlx5/mlx5_2:1/path0                         |
[1790055267.093995] [local:3421 :0]   |                      1194..inf | zero-copy         | rc_mlx5/mlx5_2:1 50% on path0 and 50% on path1 |
[1790055267.093995] [local:3421 :0]   +--------------------------------+-------------------+------------------------------------------------+
[1790055267.094051] [local:3421 :0]   +--------------------------------+-------------------------------------------------------------------------------------+
[1790055267.094052] [local:3421 :0]   | ucp_context_0 intra-node cfg#1 | remote memory write by ucp_put*(fast-completion) from host memory to cuda/dev[2]    |
[1790055267.094052] [local:3421 :0]   +--------------------------------+------------------------------------+------------------------------------------------+
[1790055267.094053] [local:3421 :0]   |                         0..220 | short                              | rc_mlx5/mlx5_2:1/path0                         |
[1790055267.094053] [local:3421 :0]   |                      221..9292 | copy-in                            | rc_mlx5/mlx5_2:1/path0                         |
[1790055267.094054] [local:3421 :0]   |                      9293..inf | zero-copy                          | rc_mlx5/mlx5_2:1 50% on path0 and 50% on path1 |
[1790055267.094054] [local:3421 :0]   +--------------------------------+------------------------------------+------------------------------------------------+
[1790055267.094114] [local:3421 :0]   +--------------------------------+---------------------------------------------------------------------------+
[1790055267.094118] [local:3421 :0]   | ucp_context_0 intra-node cfg#1 | remote memory write by ucp_put*(multi) from host memory to cuda/dev[2]    |
[1790055267.094119] [local:3421 :0]   +--------------------------------+--------------------------+------------------------------------------------+
[1790055267.094119] [local:3421 :0]   |                         0..220 | short                    | rc_mlx5/mlx5_2:1/path0                         |
[1790055267.094120] [local:3421 :0]   |                      221..1285 | copy-in                  | rc_mlx5/mlx5_2:1/path0                         |
[1790055267.094120] [local:3421 :0]   |                      1286..inf | zero-copy                | rc_mlx5/mlx5_2:1 50% on path0 and 50% on path1 |
[1790055267.094121] [local:3421 :0]   +--------------------------------+--------------------------+------------------------------------------------+
[1790055267.094339] [local:3421 :0]   +--------------------------------+----------------------------------------------------+
[1790055267.094340] [local:3421 :0]   | ucp_context_0 intra-node cfg#1 | active message by ucp_am_send* from host memory    |
[1790055267.094341] [local:3421 :0]   +--------------------------------+---------------------------+------------------------+
[1790055267.094341] [local:3421 :0]   |                         0..226 | short                     | rc_mlx5/mlx5_2:1/path0 |
[1790055267.094342] [local:3421 :0]   |                       227..404 | copy-in                   | rc_mlx5/mlx5_2:1/path0 |
[1790055267.094343] [local:3421 :0]   |                      405..8246 | zero-copy                 | rc_mlx5/mlx5_2:1/path0 |
[1790055267.094343] [local:3421 :0]   |                      8247..inf | multi-frag zero-copy      | rc_mlx5/mlx5_2:1/path0 |
[1790055267.094344] [local:3421 :0]   +--------------------------------+---------------------------+------------------------+
[1790055267.094483] [local:3421 :0]   +--------------------------------+---------------------------------------------------------------------+
[1790055267.094484] [local:3421 :0]   | ucp_context_0 intra-node cfg#1 | active message by ucp_am_send*(fast-completion) from host memory    |
[1790055267.094485] [local:3421 :0]   +--------------------------------+--------------------------------------------+------------------------+
[1790055267.094485] [local:3421 :0]   |                         0..226 | short                                      | rc_mlx5/mlx5_2:1/path0 |
[1790055267.094486] [local:3421 :0]   |                      227..8246 | copy-in                                    | rc_mlx5/mlx5_2:1/path0 |
[1790055267.094486] [local:3421 :0]   |                     8247..9187 | multi-frag copy-in                         | rc_mlx5/mlx5_2:1/path0 |
[1790055267.094487] [local:3421 :0]   |                      9188..inf | multi-frag zero-copy                       | rc_mlx5/mlx5_2:1/path0 |
[1790055267.094487] [local:3421 :0]   +--------------------------------+--------------------------------------------+------------------------+
[1790055267.094944] [local:3421 :0]   +--------------------------------+-----------------------------------------------------------+
[1790055267.094945] [local:3421 :0]   | ucp_context_0 intra-node cfg#1 | active message by ucp_am_send*(multi) from host memory    |
[1790055267.094946] [local:3421 :0]   +--------------------------------+----------------------------------+------------------------+
[1790055267.094946] [local:3421 :0]   |                         0..226 | short                            | rc_mlx5/mlx5_2:1/path0 |
[1790055267.094947] [local:3421 :0]   |                       227..440 | copy-in                          | rc_mlx5/mlx5_2:1/path0 |
[1790055267.094947] [local:3421 :0]   |                      441..8246 | zero-copy                        | rc_mlx5/mlx5_2:1/path0 |
[1790055267.094948] [local:3421 :0]   |                      8247..inf | multi-frag zero-copy             | rc_mlx5/mlx5_2:1/path0 |
[1790055267.094948] [local:3421 :0]   +--------------------------------+----------------------------------+------------------------+
[1790055267.095083] [local:3421 :0]   +--------------------------------+--------------------------------------------------------------------+
[1790055267.095083] [local:3421 :0]   | ucp_context_0 intra-node cfg#1 | active message by ucp_am_send* with reply flag from host memory    |
[1790055267.095084] [local:3421 :0]   +--------------------------------+-------------------------------------------+------------------------+
[1790055267.095084] [local:3421 :0]   |                         0..218 | short                                     | rc_mlx5/mlx5_2:1/path0 |
[1790055267.095085] [local:3421 :0]   |                       219..404 | copy-in                                   | rc_mlx5/mlx5_2:1/path0 |
[1790055267.095085] [local:3421 :0]   |                      405..8238 | zero-copy                                 | rc_mlx5/mlx5_2:1/path0 |
[1790055267.095086] [local:3421 :0]   |                      8239..inf | multi-frag zero-copy                      | rc_mlx5/mlx5_2:1/path0 |
[1790055267.095086] [local:3421 :0]   +--------------------------------+-------------------------------------------+------------------------+
[1790055267.095209] [local:3421 :0]   +--------------------------------+-------------------------------------------------------------------------------------+
[1790055267.095209] [local:3421 :0]   | ucp_context_0 intra-node cfg#1 | active message by ucp_am_send* with reply flag(fast-completion) from host memory    |
[1790055267.095210] [local:3421 :0]   +--------------------------------+------------------------------------------------------------+------------------------+
[1790055267.095210] [local:3421 :0]   |                         0..218 | short                                                      | rc_mlx5/mlx5_2:1/path0 |
[1790055267.095211] [local:3421 :0]   |                      219..8238 | copy-in                                                    | rc_mlx5/mlx5_2:1/path0 |
[1790055267.095211] [local:3421 :0]   |                     8239..9187 | multi-frag copy-in                                         | rc_mlx5/mlx5_2:1/path0 |
[1790055267.095212] [local:3421 :0]   |                      9188..inf | multi-frag zero-copy                                       | rc_mlx5/mlx5_2:1/path0 |
[1790055267.095212] [local:3421 :0]   +--------------------------------+------------------------------------------------------------+------------------------+
[1790055267.095369] [local:3421 :0]   +--------------------------------+---------------------------------------------------------------------------+
[1790055267.095370] [local:3421 :0]   | ucp_context_0 intra-node cfg#1 | active message by ucp_am_send* with reply flag(multi) from host memory    |
[1790055267.095371] [local:3421 :0]   +--------------------------------+--------------------------------------------------+------------------------+
[1790055267.095371] [local:3421 :0]   |                         0..218 | short                                            | rc_mlx5/mlx5_2:1/path0 |
[1790055267.095372] [local:3421 :0]   |                       219..440 | copy-in                                          | rc_mlx5/mlx5_2:1/path0 |
[1790055267.095373] [local:3421 :0]   |                      441..8238 | zero-copy                                        | rc_mlx5/mlx5_2:1/path0 |
[1790055267.095373] [local:3421 :0]   |                      8239..inf | multi-frag zero-copy                             | rc_mlx5/mlx5_2:1/path0 |
[1790055267.095374] [local:3421 :0]   +--------------------------------+--------------------------------------------------+------------------------+
[1790055268.461538] [local:3421 :0]   +--------------------------+--------------------------------------------------------------------+
[1790055268.461542] [local:3421 :0]   | ucp_context_0 self cfg#1 | remote memory write by ucp_put* from host memory to cuda/dev[2]    |
[1790055268.461543] [local:3421 :0]   +--------------------------+-------------------+------------------------------------------------+
[1790055268.461567] [local:3421 :0]   |                   0..220 | short             | rc_mlx5/mlx5_2:1/path0                         |
[1790055268.461568] [local:3421 :0]   |                221..1193 | copy-in           | rc_mlx5/mlx5_2:1/path0                         |
[1790055268.461568] [local:3421 :0]   |                1194..inf | zero-copy         | rc_mlx5/mlx5_2:1 50% on path0 and 50% on path1 |
[1790055268.461569] [local:3421 :0]   +--------------------------+-------------------+------------------------------------------------+
[1790055268.461637] [local:3421 :0]   +--------------------------+-------------------------------------------------------------------------------------+
[1790055268.461638] [local:3421 :0]   | ucp_context_0 self cfg#1 | remote memory write by ucp_put*(fast-completion) from host memory to cuda/dev[2]    |
[1790055268.461639] [local:3421 :0]   +--------------------------+------------------------------------+------------------------------------------------+
[1790055268.461639] [local:3421 :0]   |                   0..220 | short                              | rc_mlx5/mlx5_2:1/path0                         |
[1790055268.461640] [local:3421 :0]   |                221..9292 | copy-in                            | rc_mlx5/mlx5_2:1/path0                         |
[1790055268.461641] [local:3421 :0]   |                9293..inf | zero-copy                          | rc_mlx5/mlx5_2:1 50% on path0 and 50% on path1 |
[1790055268.461641] [local:3421 :0]   +--------------------------+------------------------------------+------------------------------------------------+
[1790055268.461714] [local:3421 :0]   +--------------------------+---------------------------------------------------------------------------+
[1790055268.461715] [local:3421 :0]   | ucp_context_0 self cfg#1 | remote memory write by ucp_put*(multi) from host memory to cuda/dev[2]    |
[1790055268.461715] [local:3421 :0]   +--------------------------+--------------------------+------------------------------------------------+
[1790055268.461716] [local:3421 :0]   |                   0..220 | short                    | rc_mlx5/mlx5_2:1/path0                         |
[1790055268.461716] [local:3421 :0]   |                221..1285 | copy-in                  | rc_mlx5/mlx5_2:1/path0                         |
[1790055268.461717] [local:3421 :0]   |                1286..inf | zero-copy                | rc_mlx5/mlx5_2:1 50% on path0 and 50% on path1 |
[1790055268.461717] [local:3421 :0]   +--------------------------+--------------------------+------------------------------------------------+
[1790055287.316057] [local:3421 :1]      ucp_worker.c:1984 UCX  INFO    ucp_context_0 intra-node cfg#2 rma(rc_mlx5/mlx5_2:1)  amo(rc_mlx5/mlx5_2:1)  device(cuda_ipc/cuda rc_gda/cuda2-mlx5_2:1 rc_gda/cuda2-mlx5_2:1)  am(rc_mlx5/mlx5_2:1 rc_mlx5/mlx5_2:1 cuda_ipc/cuda)  ka(ud_mlx5/mlx5_2:1)
[1790055287.316223] [local:3421 :1]   +--------------------------------+-------------------------------------------------------------+
[1790055287.316225] [local:3421 :1]   | ucp_context_0 intra-node cfg#2 | remote memory write by ucp_put* from host memory to host    |
[1790055287.316225] [local:3421 :1]   +--------------------------------+------------+------------------------------------------------+
[1790055287.316226] [local:3421 :1]   |                         0..220 | short      | rc_mlx5/mlx5_2:1/path0                         |
[1790055287.316226] [local:3421 :1]   |                      221..1193 | copy-in    | rc_mlx5/mlx5_2:1/path0                         |
[1790055287.316227] [local:3421 :1]   |                      1194..inf | zero-copy  | rc_mlx5/mlx5_2:1 50% on path0 and 50% on path1 |
[1790055287.316227] [local:3421 :1]   +--------------------------------+------------+------------------------------------------------+
[1790055287.316316] [local:3421 :1]   +--------------------------------+------------------------------------------------------------------------------+
[1790055287.316317] [local:3421 :1]   | ucp_context_0 intra-node cfg#2 | remote memory write by ucp_put*(fast-completion) from host memory to host    |
[1790055287.316333] [local:3421 :1]   +--------------------------------+-----------------------------+------------------------------------------------+
[1790055287.316334] [local:3421 :1]   |                         0..220 | short                       | rc_mlx5/mlx5_2:1/path0                         |
[1790055287.316334] [local:3421 :1]   |                      221..9292 | copy-in                     | rc_mlx5/mlx5_2:1/path0                         |
[1790055287.316335] [local:3421 :1]   |                      9293..inf | zero-copy                   | rc_mlx5/mlx5_2:1 50% on path0 and 50% on path1 |
[1790055287.316335] [local:3421 :1]   +--------------------------------+-----------------------------+------------------------------------------------+
[1790055287.316410] [local:3421 :1]   +--------------------------------+--------------------------------------------------------------------+
[1790055287.316410] [local:3421 :1]   | ucp_context_0 intra-node cfg#2 | remote memory write by ucp_put*(multi) from host memory to host    |
[1790055287.316411] [local:3421 :1]   +--------------------------------+-------------------+------------------------------------------------+
[1790055287.316411] [local:3421 :1]   |                         0..220 | short             | rc_mlx5/mlx5_2:1/path0                         |
[1790055287.316412] [local:3421 :1]   |                      221..1285 | copy-in           | rc_mlx5/mlx5_2:1/path0                         |
[1790055287.316412] [local:3421 :1]   |                      1286..inf | zero-copy         | rc_mlx5/mlx5_2:1 50% on path0 and 50% on path1 |
[1790055287.316413] [local:3421 :1]   +--------------------------------+-------------------+------------------------------------------------+
[1790055287.316696] [local:3421 :1]   +--------------------------------+--------------------------------------------------------------------+
[1790055287.316697] [local:3421 :1]   | ucp_context_0 intra-node cfg#2 | remote memory write by ucp_put* from host memory to cuda/dev[2]    |
[1790055287.316697] [local:3421 :1]   +--------------------------------+-------------------+------------------------------------------------+
[1790055287.316698] [local:3421 :1]   |                         0..220 | short             | rc_mlx5/mlx5_2:1/path0                         |
[1790055287.316699] [local:3421 :1]   |                      221..1193 | copy-in           | rc_mlx5/mlx5_2:1/path0                         |
[1790055287.316699] [local:3421 :1]   |                      1194..inf | zero-copy         | rc_mlx5/mlx5_2:1 50% on path0 and 50% on path1 |
[1790055287.316700] [local:3421 :1]   +--------------------------------+-------------------+------------------------------------------------+
[1790055287.316768] [local:3421 :1]   +--------------------------------+-------------------------------------------------------------------------------------+
[1790055287.316769] [local:3421 :1]   | ucp_context_0 intra-node cfg#2 | remote memory write by ucp_put*(fast-completion) from host memory to cuda/dev[2]    |
[1790055287.316769] [local:3421 :1]   +--------------------------------+------------------------------------+------------------------------------------------+
[1790055287.316770] [local:3421 :1]   |                         0..220 | short                              | rc_mlx5/mlx5_2:1/path0                         |
[1790055287.316770] [local:3421 :1]   |                      221..9292 | copy-in                            | rc_mlx5/mlx5_2:1/path0                         |
[1790055287.316771] [local:3421 :1]   |                      9293..inf | zero-copy                          | rc_mlx5/mlx5_2:1 50% on path0 and 50% on path1 |
[1790055287.316771] [local:3421 :1]   +--------------------------------+------------------------------------+------------------------------------------------+
[1790055287.316848] [local:3421 :1]   +--------------------------------+---------------------------------------------------------------------------+
[1790055287.316852] [local:3421 :1]   | ucp_context_0 intra-node cfg#2 | remote memory write by ucp_put*(multi) from host memory to cuda/dev[2]    |
[1790055287.316852] [local:3421 :1]   +--------------------------------+--------------------------+------------------------------------------------+
[1790055287.316853] [local:3421 :1]   |                         0..220 | short                    | rc_mlx5/mlx5_2:1/path0                         |
[1790055287.316853] [local:3421 :1]   |                      221..1285 | copy-in                  | rc_mlx5/mlx5_2:1/path0                         |
[1790055287.316854] [local:3421 :1]   |                      1286..inf | zero-copy                | rc_mlx5/mlx5_2:1 50% on path0 and 50% on path1 |
[1790055287.316855] [local:3421 :1]   +--------------------------------+--------------------------+------------------------------------------------+
[1790055287.317093] [local:3421 :1]   +--------------------------------+----------------------------------------------------+
[1790055287.317094] [local:3421 :1]   | ucp_context_0 intra-node cfg#2 | active message by ucp_am_send* from host memory    |
[1790055287.317094] [local:3421 :1]   +--------------------------------+---------------------------+------------------------+
[1790055287.317095] [local:3421 :1]   |                         0..226 | short                     | rc_mlx5/mlx5_2:1/path0 |
[1790055287.317095] [local:3421 :1]   |                       227..404 | copy-in                   | rc_mlx5/mlx5_2:1/path0 |
[1790055287.317096] [local:3421 :1]   |                      405..8246 | zero-copy                 | rc_mlx5/mlx5_2:1/path0 |
[1790055287.317096] [local:3421 :1]   |                      8247..inf | multi-frag zero-copy      | rc_mlx5/mlx5_2:1/path0 |
[1790055287.317097] [local:3421 :1]   +--------------------------------+---------------------------+------------------------+
[1790055287.317290] [local:3421 :1]   +--------------------------------+---------------------------------------------------------------------+
[1790055287.317291] [local:3421 :1]   | ucp_context_0 intra-node cfg#2 | active message by ucp_am_send*(fast-completion) from host memory    |
[1790055287.317292] [local:3421 :1]   +--------------------------------+--------------------------------------------+------------------------+
[1790055287.317292] [local:3421 :1]   |                         0..226 | short                                      | rc_mlx5/mlx5_2:1/path0 |
[1790055287.317293] [local:3421 :1]   |                      227..8246 | copy-in                                    | rc_mlx5/mlx5_2:1/path0 |
[1790055287.317293] [local:3421 :1]   |                     8247..9187 | multi-frag copy-in                         | rc_mlx5/mlx5_2:1/path0 |
[1790055287.317294] [local:3421 :1]   |                      9188..inf | multi-frag zero-copy                       | rc_mlx5/mlx5_2:1/path0 |
[1790055287.317294] [local:3421 :1]   +--------------------------------+--------------------------------------------+------------------------+
[1790055287.317823] [local:3421 :1]   +--------------------------------+-----------------------------------------------------------+
[1790055287.317824] [local:3421 :1]   | ucp_context_0 intra-node cfg#2 | active message by ucp_am_send*(multi) from host memory    |
[1790055287.317825] [local:3421 :1]   +--------------------------------+----------------------------------+------------------------+
[1790055287.317825] [local:3421 :1]   |                         0..226 | short                            | rc_mlx5/mlx5_2:1/path0 |
[1790055287.317826] [local:3421 :1]   |                       227..440 | copy-in                          | rc_mlx5/mlx5_2:1/path0 |
[1790055287.317826] [local:3421 :1]   |                      441..8246 | zero-copy                        | rc_mlx5/mlx5_2:1/path0 |
[1790055287.317827] [local:3421 :1]   |                      8247..inf | multi-frag zero-copy             | rc_mlx5/mlx5_2:1/path0 |
[1790055287.317827] [local:3421 :1]   +--------------------------------+----------------------------------+------------------------+
[1790055287.318008] [local:3421 :1]   +--------------------------------+--------------------------------------------------------------------+
[1790055287.318009] [local:3421 :1]   | ucp_context_0 intra-node cfg#2 | active message by ucp_am_send* with reply flag from host memory    |
[1790055287.318009] [local:3421 :1]   +--------------------------------+-------------------------------------------+------------------------+
[1790055287.318010] [local:3421 :1]   |                         0..218 | short                                     | rc_mlx5/mlx5_2:1/path0 |
[1790055287.318010] [local:3421 :1]   |                       219..404 | copy-in                                   | rc_mlx5/mlx5_2:1/path0 |
[1790055287.318011] [local:3421 :1]   |                      405..8238 | zero-copy                                 | rc_mlx5/mlx5_2:1/path0 |
[1790055287.318011] [local:3421 :1]   |                      8239..inf | multi-frag zero-copy                      | rc_mlx5/mlx5_2:1/path0 |
[1790055287.318012] [local:3421 :1]   +--------------------------------+-------------------------------------------+------------------------+
[1790055287.318169] [local:3421 :1]   +--------------------------------+-------------------------------------------------------------------------------------+
[1790055287.318169] [local:3421 :1]   | ucp_context_0 intra-node cfg#2 | active message by ucp_am_send* with reply flag(fast-completion) from host memory    |
[1790055287.318170] [local:3421 :1]   +--------------------------------+------------------------------------------------------------+------------------------+
[1790055287.318170] [local:3421 :1]   |                         0..218 | short                                                      | rc_mlx5/mlx5_2:1/path0 |
[1790055287.318171] [local:3421 :1]   |                      219..8238 | copy-in                                                    | rc_mlx5/mlx5_2:1/path0 |
[1790055287.318172] [local:3421 :1]   |                     8239..9187 | multi-frag copy-in                                         | rc_mlx5/mlx5_2:1/path0 |
[1790055287.318172] [local:3421 :1]   |                      9188..inf | multi-frag zero-copy                                       | rc_mlx5/mlx5_2:1/path0 |
[1790055287.318173] [local:3421 :1]   +--------------------------------+------------------------------------------------------------+------------------------+
[1790055287.318365] [local:3421 :1]   +--------------------------------+---------------------------------------------------------------------------+
[1790055287.318366] [local:3421 :1]   | ucp_context_0 intra-node cfg#2 | active message by ucp_am_send* with reply flag(multi) from host memory    |
[1790055287.318366] [local:3421 :1]   +--------------------------------+--------------------------------------------------+------------------------+
[1790055287.318367] [local:3421 :1]   |                         0..218 | short                                            | rc_mlx5/mlx5_2:1/path0 |
[1790055287.318368] [local:3421 :1]   |                       219..440 | copy-in                                          | rc_mlx5/mlx5_2:1/path0 |
[1790055287.318368] [local:3421 :1]   |                      441..8238 | zero-copy                                        | rc_mlx5/mlx5_2:1/path0 |
[1790055287.318369] [local:3421 :1]   |                      8239..inf | multi-frag zero-copy                             | rc_mlx5/mlx5_2:1/path0 |
[1790055287.318369] [local:3421 :1]   +--------------------------------+--------------------------------------------------+------------------------+
[1790055287.323372] [local:3421 :1]      ucp_worker.c:1984 UCX  INFO    ucp_context_0 intra-node cfg#2 rma(rc_mlx5/mlx5_2:1)  amo(rc_mlx5/mlx5_2:1)  device(cuda_ipc/cuda rc_gda/cuda2-mlx5_2:1 rc_gda/cuda2-mlx5_2:1)  am(rc_mlx5/mlx5_2:1 rc_mlx5/mlx5_2:1 cuda_ipc/cuda)  ka(ud_mlx5/mlx5_2:1)
[1790055287.323539] [local:3421 :1]   +--------------------------------+-------------------------------------------------------------+
[1790055287.323541] [local:3421 :1]   | ucp_context_0 intra-node cfg#2 | remote memory write by ucp_put* from host memory to host    |
[1790055287.323551] [local:3421 :1]   +--------------------------------+------------+------------------------------------------------+
[1790055287.323552] [local:3421 :1]   |                         0..220 | short      | rc_mlx5/mlx5_2:1/path0                         |
[1790055287.323553] [local:3421 :1]   |                      221..1193 | copy-in    | rc_mlx5/mlx5_2:1/path0                         |
[1790055287.323553] [local:3421 :1]   |                      1194..inf | zero-copy  | rc_mlx5/mlx5_2:1 50% on path0 and 50% on path1 |
[1790055287.323554] [local:3421 :1]   +--------------------------------+------------+------------------------------------------------+
[1790055287.323629] [local:3421 :1]   +--------------------------------+------------------------------------------------------------------------------+
[1790055287.323630] [local:3421 :1]   | ucp_context_0 intra-node cfg#2 | remote memory write by ucp_put*(fast-completion) from host memory to host    |
[1790055287.323631] [local:3421 :1]   +--------------------------------+-----------------------------+------------------------------------------------+
[1790055287.323631] [local:3421 :1]   |                         0..220 | short                       | rc_mlx5/mlx5_2:1/path0                         |
[1790055287.323632] [local:3421 :1]   |                      221..9292 | copy-in                     | rc_mlx5/mlx5_2:1/path0                         |
[1790055287.323633] [local:3421 :1]   |                      9293..inf | zero-copy                   | rc_mlx5/mlx5_2:1 50% on path0 and 50% on path1 |
[1790055287.323633] [local:3421 :1]   +--------------------------------+-----------------------------+------------------------------------------------+
[1790055287.323708] [local:3421 :1]   +--------------------------------+--------------------------------------------------------------------+
[1790055287.323709] [local:3421 :1]   | ucp_context_0 intra-node cfg#2 | remote memory write by ucp_put*(multi) from host memory to host    |
[1790055287.323709] [local:3421 :1]   +--------------------------------+-------------------+------------------------------------------------+
[1790055287.323710] [local:3421 :1]   |                         0..220 | short             | rc_mlx5/mlx5_2:1/path0                         |
[1790055287.323711] [local:3421 :1]   |                      221..1285 | copy-in           | rc_mlx5/mlx5_2:1/path0                         |
[1790055287.323711] [local:3421 :1]   |                      1286..inf | zero-copy         | rc_mlx5/mlx5_2:1 50% on path0 and 50% on path1 |
[1790055287.323712] [local:3421 :1]   +--------------------------------+-------------------+------------------------------------------------+
[1790055287.324076] [local:3421 :1]   +--------------------------------+--------------------------------------------------------------------+
[1790055287.324077] [local:3421 :1]   | ucp_context_0 intra-node cfg#2 | remote memory write by ucp_put* from host memory to cuda/dev[2]    |
[1790055287.324077] [local:3421 :1]   +--------------------------------+-------------------+------------------------------------------------+
[1790055287.324078] [local:3421 :1]   |                         0..220 | short             | rc_mlx5/mlx5_2:1/path0                         |
[1790055287.324078] [local:3421 :1]   |                      221..1193 | copy-in           | rc_mlx5/mlx5_2:1/path0                         |
[1790055287.324079] [local:3421 :1]   |                      1194..inf | zero-copy         | rc_mlx5/mlx5_2:1 50% on path0 and 50% on path1 |
[1790055287.324079] [local:3421 :1]   +--------------------------------+-------------------+------------------------------------------------+
[1790055287.324147] [local:3421 :1]   +--------------------------------+-------------------------------------------------------------------------------------+
[1790055287.324148] [local:3421 :1]   | ucp_context_0 intra-node cfg#2 | remote memory write by ucp_put*(fast-completion) from host memory to cuda/dev[2]    |
[1790055287.324152] [local:3421 :1]   +--------------------------------+------------------------------------+------------------------------------------------+
[1790055287.324152] [local:3421 :1]   |                         0..220 | short                              | rc_mlx5/mlx5_2:1/path0                         |
[1790055287.324153] [local:3421 :1]   |                      221..9292 | copy-in                            | rc_mlx5/mlx5_2:1/path0                         |
[1790055287.324153] [local:3421 :1]   |                      9293..inf | zero-copy                          | rc_mlx5/mlx5_2:1 50% on path0 and 50% on path1 |
[1790055287.324154] [local:3421 :1]   +--------------------------------+------------------------------------+------------------------------------------------+
[1790055287.324229] [local:3421 :1]   +--------------------------------+---------------------------------------------------------------------------+
[1790055287.324230] [local:3421 :1]   | ucp_context_0 intra-node cfg#2 | remote memory write by ucp_put*(multi) from host memory to cuda/dev[2]    |
[1790055287.324231] [local:3421 :1]   +--------------------------------+--------------------------+------------------------------------------------+
[1790055287.324231] [local:3421 :1]   |                         0..220 | short                    | rc_mlx5/mlx5_2:1/path0                         |
[1790055287.324232] [local:3421 :1]   |                      221..1285 | copy-in                  | rc_mlx5/mlx5_2:1/path0                         |
[1790055287.324232] [local:3421 :1]   |                      1286..inf | zero-copy                | rc_mlx5/mlx5_2:1 50% on path0 and 50% on path1 |
[1790055287.324233] [local:3421 :1]   +--------------------------------+--------------------------+------------------------------------------------+
[1790055287.324489] [local:3421 :1]   +--------------------------------+----------------------------------------------------+
[1790055287.324490] [local:3421 :1]   | ucp_context_0 intra-node cfg#2 | active message by ucp_am_send* from host memory    |
[1790055287.324491] [local:3421 :1]   +--------------------------------+---------------------------+------------------------+
[1790055287.324491] [local:3421 :1]   |                         0..226 | short                     | rc_mlx5/mlx5_2:1/path0 |
[1790055287.324492] [local:3421 :1]   |                       227..404 | copy-in                   | rc_mlx5/mlx5_2:1/path0 |
[1790055287.324493] [local:3421 :1]   |                      405..8246 | zero-copy                 | rc_mlx5/mlx5_2:1/path0 |
[1790055287.324493] [local:3421 :1]   |                      8247..inf | multi-frag zero-copy      | rc_mlx5/mlx5_2:1/path0 |
[1790055287.324494] [local:3421 :1]   +--------------------------------+---------------------------+------------------------+
[1790055287.324659] [local:3421 :1]   +--------------------------------+---------------------------------------------------------------------+
[1790055287.324659] [local:3421 :1]   | ucp_context_0 intra-node cfg#2 | active message by ucp_am_send*(fast-completion) from host memory    |
[1790055287.324660] [local:3421 :1]   +--------------------------------+--------------------------------------------+------------------------+
[1790055287.324660] [local:3421 :1]   |                         0..226 | short                                      | rc_mlx5/mlx5_2:1/path0 |
[1790055287.324661] [local:3421 :1]   |                      227..8246 | copy-in                                    | rc_mlx5/mlx5_2:1/path0 |
[1790055287.324661] [local:3421 :1]   |                     8247..9187 | multi-frag copy-in                         | rc_mlx5/mlx5_2:1/path0 |
[1790055287.324662] [local:3421 :1]   |                      9188..inf | multi-frag zero-copy                       | rc_mlx5/mlx5_2:1/path0 |
[1790055287.324662] [local:3421 :1]   +--------------------------------+--------------------------------------------+------------------------+
[1790055287.325351] [local:3421 :1]   +--------------------------------+-----------------------------------------------------------+
[1790055287.325356] [local:3421 :1]   | ucp_context_0 intra-node cfg#2 | active message by ucp_am_send*(multi) from host memory    |
[1790055287.325357] [local:3421 :1]   +--------------------------------+----------------------------------+------------------------+
[1790055287.325358] [local:3421 :1]   |                         0..226 | short                            | rc_mlx5/mlx5_2:1/path0 |
[1790055287.325358] [local:3421 :1]   |                       227..440 | copy-in                          | rc_mlx5/mlx5_2:1/path0 |
[1790055287.325359] [local:3421 :1]   |                      441..8246 | zero-copy                        | rc_mlx5/mlx5_2:1/path0 |
[1790055287.325359] [local:3421 :1]   |                      8247..inf | multi-frag zero-copy             | rc_mlx5/mlx5_2:1/path0 |
[1790055287.325360] [local:3421 :1]   +--------------------------------+----------------------------------+------------------------+
[1790055287.325526] [local:3421 :1]   +--------------------------------+--------------------------------------------------------------------+
[1790055287.325526] [local:3421 :1]   | ucp_context_0 intra-node cfg#2 | active message by ucp_am_send* with reply flag from host memory    |
[1790055287.325527] [local:3421 :1]   +--------------------------------+-------------------------------------------+------------------------+
[1790055287.325527] [local:3421 :1]   |                         0..218 | short                                     | rc_mlx5/mlx5_2:1/path0 |
[1790055287.325528] [local:3421 :1]   |                       219..404 | copy-in                                   | rc_mlx5/mlx5_2:1/path0 |
[1790055287.325528] [local:3421 :1]   |                      405..8238 | zero-copy                                 | rc_mlx5/mlx5_2:1/path0 |
[1790055287.325529] [local:3421 :1]   |                      8239..inf | multi-frag zero-copy                      | rc_mlx5/mlx5_2:1/path0 |
[1790055287.325530] [local:3421 :1]   +--------------------------------+-------------------------------------------+------------------------+
[1790055287.325692] [local:3421 :1]   +--------------------------------+-------------------------------------------------------------------------------------+
[1790055287.325693] [local:3421 :1]   | ucp_context_0 intra-node cfg#2 | active message by ucp_am_send* with reply flag(fast-completion) from host memory    |
[1790055287.325693] [local:3421 :1]   +--------------------------------+------------------------------------------------------------+------------------------+
[1790055287.325694] [local:3421 :1]   |                         0..218 | short                                                      | rc_mlx5/mlx5_2:1/path0 |
[1790055287.325695] [local:3421 :1]   |                      219..8238 | copy-in                                                    | rc_mlx5/mlx5_2:1/path0 |
[1790055287.325695] [local:3421 :1]   |                     8239..9187 | multi-frag copy-in                                         | rc_mlx5/mlx5_2:1/path0 |
[1790055287.325696] [local:3421 :1]   |                      9188..inf | multi-frag zero-copy                                       | rc_mlx5/mlx5_2:1/path0 |
[1790055287.325696] [local:3421 :1]   +--------------------------------+------------------------------------------------------------+------------------------+
[1790055287.325873] [local:3421 :1]   +--------------------------------+---------------------------------------------------------------------------+
[1790055287.325874] [local:3421 :1]   | ucp_context_0 intra-node cfg#2 | active message by ucp_am_send* with reply flag(multi) from host memory    |
[1790055287.325874] [local:3421 :1]   +--------------------------------+--------------------------------------------------+------------------------+
[1790055287.325875] [local:3421 :1]   |                         0..218 | short                                            | rc_mlx5/mlx5_2:1/path0 |
[1790055287.325875] [local:3421 :1]   |                       219..440 | copy-in                                          | rc_mlx5/mlx5_2:1/path0 |
[1790055287.325878] [local:3421 :1]   |                      441..8238 | zero-copy                                        | rc_mlx5/mlx5_2:1/path0 |
[1790055287.325878] [local:3421 :1]   |                      8239..inf | multi-frag zero-copy                             | rc_mlx5/mlx5_2:1/path0 |
[1790055287.325879] [local:3421 :1]   +--------------------------------+--------------------------------------------------+------------------------+
[1790055287.328456] [local:3421 :1]      ucp_worker.c:1984 UCX  INFO    ucp_context_0 intra-node cfg#2 rma(rc_mlx5/mlx5_2:1)  amo(rc_mlx5/mlx5_2:1)  device(cuda_ipc/cuda rc_gda/cuda2-mlx5_2:1 rc_gda/cuda2-mlx5_2:1)  am(rc_mlx5/mlx5_2:1 rc_mlx5/mlx5_2:1 cuda_ipc/cuda)  ka(ud_mlx5/mlx5_2:1)
[1790055287.328601] [local:3421 :1]   +--------------------------------+-------------------------------------------------------------+
[1790055287.328602] [local:3421 :1]   | ucp_context_0 intra-node cfg#2 | remote memory write by ucp_put* from host memory to host    |
[1790055287.328603] [local:3421 :1]   +--------------------------------+------------+------------------------------------------------+
[1790055287.328603] [local:3421 :1]   |                         0..220 | short      | rc_mlx5/mlx5_2:1/path0                         |
[1790055287.328604] [local:3421 :1]   |                      221..1193 | copy-in    | rc_mlx5/mlx5_2:1/path0                         |
[1790055287.328604] [local:3421 :1]   |                      1194..inf | zero-copy  | rc_mlx5/mlx5_2:1 50% on path0 and 50% on path1 |
[1790055287.328605] [local:3421 :1]   +--------------------------------+------------+------------------------------------------------+
[1790055287.328679] [local:3421 :1]   +--------------------------------+------------------------------------------------------------------------------+
[1790055287.328679] [local:3421 :1]   | ucp_context_0 intra-node cfg#2 | remote memory write by ucp_put*(fast-completion) from host memory to host    |
[1790055287.328680] [local:3421 :1]   +--------------------------------+-----------------------------+------------------------------------------------+
[1790055287.328681] [local:3421 :1]   |                         0..220 | short                       | rc_mlx5/mlx5_2:1/path0                         |
[1790055287.328681] [local:3421 :1]   |                      221..9292 | copy-in                     | rc_mlx5/mlx5_2:1/path0                         |
[1790055287.328682] [local:3421 :1]   |                      9293..inf | zero-copy                   | rc_mlx5/mlx5_2:1 50% on path0 and 50% on path1 |
[1790055287.328682] [local:3421 :1]   +--------------------------------+-----------------------------+------------------------------------------------+
[1790055287.328757] [local:3421 :1]   +--------------------------------+--------------------------------------------------------------------+
[1790055287.328758] [local:3421 :1]   | ucp_context_0 intra-node cfg#2 | remote memory write by ucp_put*(multi) from host memory to host    |
[1790055287.328758] [local:3421 :1]   +--------------------------------+-------------------+------------------------------------------------+
[1790055287.328759] [local:3421 :1]   |                         0..220 | short             | rc_mlx5/mlx5_2:1/path0                         |
[1790055287.328759] [local:3421 :1]   |                      221..1285 | copy-in           | rc_mlx5/mlx5_2:1/path0                         |
[1790055287.328760] [local:3421 :1]   |                      1286..inf | zero-copy         | rc_mlx5/mlx5_2:1 50% on path0 and 50% on path1 |
[1790055287.328760] [local:3421 :1]   +--------------------------------+-------------------+------------------------------------------------+
[1790055287.329039] [local:3421 :1]   +--------------------------------+--------------------------------------------------------------------+
[1790055287.329040] [local:3421 :1]   | ucp_context_0 intra-node cfg#2 | remote memory write by ucp_put* from host memory to cuda/dev[2]    |
[1790055287.329040] [local:3421 :1]   +--------------------------------+-------------------+------------------------------------------------+
[1790055287.329051] [local:3421 :1]   |                         0..220 | short             | rc_mlx5/mlx5_2:1/path0                         |
[1790055287.329051] [local:3421 :1]   |                      221..1193 | copy-in           | rc_mlx5/mlx5_2:1/path0                         |
[1790055287.329052] [local:3421 :1]   |                      1194..inf | zero-copy         | rc_mlx5/mlx5_2:1 50% on path0 and 50% on path1 |
[1790055287.329052] [local:3421 :1]   +--------------------------------+-------------------+------------------------------------------------+
[1790055287.329123] [local:3421 :1]   +--------------------------------+-------------------------------------------------------------------------------------+
[1790055287.329124] [local:3421 :1]   | ucp_context_0 intra-node cfg#2 | remote memory write by ucp_put*(fast-completion) from host memory to cuda/dev[2]    |
[1790055287.329124] [local:3421 :1]   +--------------------------------+------------------------------------+------------------------------------------------+
[1790055287.329125] [local:3421 :1]   |                         0..220 | short                              | rc_mlx5/mlx5_2:1/path0                         |
[1790055287.329125] [local:3421 :1]   |                      221..9292 | copy-in                            | rc_mlx5/mlx5_2:1/path0                         |
[1790055287.329126] [local:3421 :1]   |                      9293..inf | zero-copy                          | rc_mlx5/mlx5_2:1 50% on path0 and 50% on path1 |
[1790055287.329126] [local:3421 :1]   +--------------------------------+------------------------------------+------------------------------------------------+
[1790055287.329203] [local:3421 :1]   +--------------------------------+---------------------------------------------------------------------------+
[1790055287.329203] [local:3421 :1]   | ucp_context_0 intra-node cfg#2 | remote memory write by ucp_put*(multi) from host memory to cuda/dev[2]    |
[1790055287.329204] [local:3421 :1]   +--------------------------------+--------------------------+------------------------------------------------+
[1790055287.329205] [local:3421 :1]   |                         0..220 | short                    | rc_mlx5/mlx5_2:1/path0                         |
[1790055287.329205] [local:3421 :1]   |                      221..1285 | copy-in                  | rc_mlx5/mlx5_2:1/path0                         |
[1790055287.329206] [local:3421 :1]   |                      1286..inf | zero-copy                | rc_mlx5/mlx5_2:1 50% on path0 and 50% on path1 |
[1790055287.329206] [local:3421 :1]   +--------------------------------+--------------------------+------------------------------------------------+
[1790055287.329466] [local:3421 :1]   +--------------------------------+----------------------------------------------------+
[1790055287.329467] [local:3421 :1]   | ucp_context_0 intra-node cfg#2 | active message by ucp_am_send* from host memory    |
[1790055287.329467] [local:3421 :1]   +--------------------------------+---------------------------+------------------------+
[1790055287.329468] [local:3421 :1]   |                         0..226 | short                     | rc_mlx5/mlx5_2:1/path0 |
[1790055287.329469] [local:3421 :1]   |                       227..404 | copy-in                   | rc_mlx5/mlx5_2:1/path0 |
[1790055287.329469] [local:3421 :1]   |                      405..8246 | zero-copy                 | rc_mlx5/mlx5_2:1/path0 |
[1790055287.329470] [local:3421 :1]   |                      8247..inf | multi-frag zero-copy      | rc_mlx5/mlx5_2:1/path0 |
[1790055287.329470] [local:3421 :1]   +--------------------------------+---------------------------+------------------------+
[1790055287.329642] [local:3421 :1]   +--------------------------------+---------------------------------------------------------------------+
[1790055287.329643] [local:3421 :1]   | ucp_context_0 intra-node cfg#2 | active message by ucp_am_send*(fast-completion) from host memory    |
[1790055287.329648] [local:3421 :1]   +--------------------------------+--------------------------------------------+------------------------+
[1790055287.329648] [local:3421 :1]   |                         0..226 | short                                      | rc_mlx5/mlx5_2:1/path0 |
[1790055287.329649] [local:3421 :1]   |                      227..8246 | copy-in                                    | rc_mlx5/mlx5_2:1/path0 |
[1790055287.329650] [local:3421 :1]   |                     8247..9187 | multi-frag copy-in                         | rc_mlx5/mlx5_2:1/path0 |
[1790055287.329650] [local:3421 :1]   |                      9188..inf | multi-frag zero-copy                       | rc_mlx5/mlx5_2:1/path0 |
[1790055287.329651] [local:3421 :1]   +--------------------------------+--------------------------------------------+------------------------+
[1790055287.330194] [local:3421 :1]   +--------------------------------+-----------------------------------------------------------+
[1790055287.330195] [local:3421 :1]   | ucp_context_0 intra-node cfg#2 | active message by ucp_am_send*(multi) from host memory    |
[1790055287.330196] [local:3421 :1]   +--------------------------------+----------------------------------+------------------------+
[1790055287.330196] [local:3421 :1]   |                         0..226 | short                            | rc_mlx5/mlx5_2:1/path0 |
[1790055287.330197] [local:3421 :1]   |                       227..440 | copy-in                          | rc_mlx5/mlx5_2:1/path0 |
[1790055287.330197] [local:3421 :1]   |                      441..8246 | zero-copy                        | rc_mlx5/mlx5_2:1/path0 |
[1790055287.330198] [local:3421 :1]   |                      8247..inf | multi-frag zero-copy             | rc_mlx5/mlx5_2:1/path0 |
[1790055287.330198] [local:3421 :1]   +--------------------------------+----------------------------------+------------------------+
[1790055287.330389] [local:3421 :1]   +--------------------------------+--------------------------------------------------------------------+
[1790055287.330390] [local:3421 :1]   | ucp_context_0 intra-node cfg#2 | active message by ucp_am_send* with reply flag from host memory    |
[1790055287.330391] [local:3421 :1]   +--------------------------------+-------------------------------------------+------------------------+
[1790055287.330391] [local:3421 :1]   |                         0..218 | short                                     | rc_mlx5/mlx5_2:1/path0 |
[1790055287.330392] [local:3421 :1]   |                       219..404 | copy-in                                   | rc_mlx5/mlx5_2:1/path0 |
[1790055287.330393] [local:3421 :1]   |                      405..8238 | zero-copy                                 | rc_mlx5/mlx5_2:1/path0 |
[1790055287.330393] [local:3421 :1]   |                      8239..inf | multi-frag zero-copy                      | rc_mlx5/mlx5_2:1/path0 |
[1790055287.330394] [local:3421 :1]   +--------------------------------+-------------------------------------------+------------------------+
[1790055287.330566] [local:3421 :1]   +--------------------------------+-------------------------------------------------------------------------------------+
[1790055287.330567] [local:3421 :1]   | ucp_context_0 intra-node cfg#2 | active message by ucp_am_send* with reply flag(fast-completion) from host memory    |
[1790055287.330568] [local:3421 :1]   +--------------------------------+------------------------------------------------------------+------------------------+
[1790055287.330568] [local:3421 :1]   |                         0..218 | short                                                      | rc_mlx5/mlx5_2:1/path0 |
[1790055287.330569] [local:3421 :1]   |                      219..8238 | copy-in                                                    | rc_mlx5/mlx5_2:1/path0 |
[1790055287.330569] [local:3421 :1]   |                     8239..9187 | multi-frag copy-in                                         | rc_mlx5/mlx5_2:1/path0 |
[1790055287.330570] [local:3421 :1]   |                      9188..inf | multi-frag zero-copy                                       | rc_mlx5/mlx5_2:1/path0 |
[1790055287.330575] [local:3421 :1]   +--------------------------------+------------------------------------------------------------+------------------------+
[1790055287.330759] [local:3421 :1]   +--------------------------------+---------------------------------------------------------------------------+
[1790055287.330759] [local:3421 :1]   | ucp_context_0 intra-node cfg#2 | active message by ucp_am_send* with reply flag(multi) from host memory    |
[1790055287.330760] [local:3421 :1]   +--------------------------------+--------------------------------------------------+------------------------+
[1790055287.330761] [local:3421 :1]   |                         0..218 | short                                            | rc_mlx5/mlx5_2:1/path0 |
[1790055287.330761] [local:3421 :1]   |                       219..440 | copy-in                                          | rc_mlx5/mlx5_2:1/path0 |
[1790055287.330762] [local:3421 :1]   |                      441..8238 | zero-copy                                        | rc_mlx5/mlx5_2:1/path0 |
[1790055287.330762] [local:3421 :1]   |                      8239..inf | multi-frag zero-copy                             | rc_mlx5/mlx5_2:1/path0 |
[1790055287.330763] [local:3421 :1]   +--------------------------------+--------------------------------------------------+------------------------+
[1790055287.333277] [local:3421 :1]      ucp_worker.c:1984 UCX  INFO    ucp_context_0 intra-node cfg#2 rma(rc_mlx5/mlx5_2:1)  amo(rc_mlx5/mlx5_2:1)  device(cuda_ipc/cuda rc_gda/cuda2-mlx5_2:1 rc_gda/cuda2-mlx5_2:1)  am(rc_mlx5/mlx5_2:1 rc_mlx5/mlx5_2:1 cuda_ipc/cuda)  ka(ud_mlx5/mlx5_2:1)
[1790055287.333423] [local:3421 :1]   +--------------------------------+-------------------------------------------------------------+
[1790055287.333424] [local:3421 :1]   | ucp_context_0 intra-node cfg#2 | remote memory write by ucp_put* from host memory to host    |
[1790055287.333424] [local:3421 :1]   +--------------------------------+------------+------------------------------------------------+
[1790055287.333425] [local:3421 :1]   |                         0..220 | short      | rc_mlx5/mlx5_2:1/path0                         |
[1790055287.333425] [local:3421 :1]   |                      221..1193 | copy-in    | rc_mlx5/mlx5_2:1/path0                         |
[1790055287.333426] [local:3421 :1]   |                      1194..inf | zero-copy  | rc_mlx5/mlx5_2:1 50% on path0 and 50% on path1 |
[1790055287.333426] [local:3421 :1]   +--------------------------------+------------+------------------------------------------------+
[1790055287.333495] [local:3421 :1]   +--------------------------------+------------------------------------------------------------------------------+
[1790055287.333496] [local:3421 :1]   | ucp_context_0 intra-node cfg#2 | remote memory write by ucp_put*(fast-completion) from host memory to host    |
[1790055287.333497] [local:3421 :1]   +--------------------------------+-----------------------------+------------------------------------------------+
[1790055287.333497] [local:3421 :1]   |                         0..220 | short                       | rc_mlx5/mlx5_2:1/path0                         |
[1790055287.333498] [local:3421 :1]   |                      221..9292 | copy-in                     | rc_mlx5/mlx5_2:1/path0                         |
[1790055287.333498] [local:3421 :1]   |                      9293..inf | zero-copy                   | rc_mlx5/mlx5_2:1 50% on path0 and 50% on path1 |
[1790055287.333499] [local:3421 :1]   +--------------------------------+-----------------------------+------------------------------------------------+
[1790055287.333574] [local:3421 :1]   +--------------------------------+--------------------------------------------------------------------+
[1790055287.333575] [local:3421 :1]   | ucp_context_0 intra-node cfg#2 | remote memory write by ucp_put*(multi) from host memory to host    |
[1790055287.333576] [local:3421 :1]   +--------------------------------+-------------------+------------------------------------------------+
[1790055287.333584] [local:3421 :1]   |                         0..220 | short             | rc_mlx5/mlx5_2:1/path0                         |
[1790055287.333584] [local:3421 :1]   |                      221..1285 | copy-in           | rc_mlx5/mlx5_2:1/path0                         |
[1790055287.333585] [local:3421 :1]   |                      1286..inf | zero-copy         | rc_mlx5/mlx5_2:1 50% on path0 and 50% on path1 |
[1790055287.333585] [local:3421 :1]   +--------------------------------+-------------------+------------------------------------------------+
[1790055287.333858] [local:3421 :1]   +--------------------------------+--------------------------------------------------------------------+
[1790055287.333859] [local:3421 :1]   | ucp_context_0 intra-node cfg#2 | remote memory write by ucp_put* from host memory to cuda/dev[2]    |
[1790055287.333860] [local:3421 :1]   +--------------------------------+-------------------+------------------------------------------------+
[1790055287.333860] [local:3421 :1]   |                         0..220 | short             | rc_mlx5/mlx5_2:1/path0                         |
[1790055287.333861] [local:3421 :1]   |                      221..1193 | copy-in           | rc_mlx5/mlx5_2:1/path0                         |
[1790055287.333861] [local:3421 :1]   |                      1194..inf | zero-copy         | rc_mlx5/mlx5_2:1 50% on path0 and 50% on path1 |
[1790055287.333862] [local:3421 :1]   +--------------------------------+-------------------+------------------------------------------------+
[1790055287.333932] [local:3421 :1]   +--------------------------------+-------------------------------------------------------------------------------------+
[1790055287.333932] [local:3421 :1]   | ucp_context_0 intra-node cfg#2 | remote memory write by ucp_put*(fast-completion) from host memory to cuda/dev[2]    |
[1790055287.333933] [local:3421 :1]   +--------------------------------+------------------------------------+------------------------------------------------+
[1790055287.333934] [local:3421 :1]   |                         0..220 | short                              | rc_mlx5/mlx5_2:1/path0                         |
[1790055287.333934] [local:3421 :1]   |                      221..9292 | copy-in                            | rc_mlx5/mlx5_2:1/path0                         |
[1790055287.333935] [local:3421 :1]   |                      9293..inf | zero-copy                          | rc_mlx5/mlx5_2:1 50% on path0 and 50% on path1 |
[1790055287.333935] [local:3421 :1]   +--------------------------------+------------------------------------+------------------------------------------------+
[1790055287.334010] [local:3421 :1]   +--------------------------------+---------------------------------------------------------------------------+
[1790055287.334011] [local:3421 :1]   | ucp_context_0 intra-node cfg#2 | remote memory write by ucp_put*(multi) from host memory to cuda/dev[2]    |
[1790055287.334011] [local:3421 :1]   +--------------------------------+--------------------------+------------------------------------------------+
[1790055287.334012] [local:3421 :1]   |                         0..220 | short                    | rc_mlx5/mlx5_2:1/path0                         |
[1790055287.334012] [local:3421 :1]   |                      221..1285 | copy-in                  | rc_mlx5/mlx5_2:1/path0                         |
[1790055287.334013] [local:3421 :1]   |                      1286..inf | zero-copy                | rc_mlx5/mlx5_2:1 50% on path0 and 50% on path1 |
[1790055287.334013] [local:3421 :1]   +--------------------------------+--------------------------+------------------------------------------------+
[1790055287.334243] [local:3421 :1]   +--------------------------------+----------------------------------------------------+
[1790055287.334244] [local:3421 :1]   | ucp_context_0 intra-node cfg#2 | active message by ucp_am_send* from host memory    |
[1790055287.334245] [local:3421 :1]   +--------------------------------+---------------------------+------------------------+
[1790055287.334248] [local:3421 :1]   |                         0..226 | short                     | rc_mlx5/mlx5_2:1/path0 |
[1790055287.334249] [local:3421 :1]   |                       227..404 | copy-in                   | rc_mlx5/mlx5_2:1/path0 |
[1790055287.334249] [local:3421 :1]   |                      405..8246 | zero-copy                 | rc_mlx5/mlx5_2:1/path0 |
[1790055287.334250] [local:3421 :1]   |                      8247..inf | multi-frag zero-copy      | rc_mlx5/mlx5_2:1/path0 |
[1790055287.334250] [local:3421 :1]   +--------------------------------+---------------------------+------------------------+
[1790055287.334434] [local:3421 :1]   +--------------------------------+---------------------------------------------------------------------+
[1790055287.334435] [local:3421 :1]   | ucp_context_0 intra-node cfg#2 | active message by ucp_am_send*(fast-completion) from host memory    |
[1790055287.334435] [local:3421 :1]   +--------------------------------+--------------------------------------------+------------------------+
[1790055287.334436] [local:3421 :1]   |                         0..226 | short                                      | rc_mlx5/mlx5_2:1/path0 |
[1790055287.334436] [local:3421 :1]   |                      227..8246 | copy-in                                    | rc_mlx5/mlx5_2:1/path0 |
[1790055287.334437] [local:3421 :1]   |                     8247..9187 | multi-frag copy-in                         | rc_mlx5/mlx5_2:1/path0 |
[1790055287.334438] [local:3421 :1]   |                      9188..inf | multi-frag zero-copy                       | rc_mlx5/mlx5_2:1/path0 |
[1790055287.334438] [local:3421 :1]   +--------------------------------+--------------------------------------------+------------------------+
[1790055287.334964] [local:3421 :1]   +--------------------------------+-----------------------------------------------------------+
[1790055287.334964] [local:3421 :1]   | ucp_context_0 intra-node cfg#2 | active message by ucp_am_send*(multi) from host memory    |
[1790055287.334965] [local:3421 :1]   +--------------------------------+----------------------------------+------------------------+
[1790055287.334966] [local:3421 :1]   |                         0..226 | short                            | rc_mlx5/mlx5_2:1/path0 |
[1790055287.334966] [local:3421 :1]   |                       227..440 | copy-in                          | rc_mlx5/mlx5_2:1/path0 |
[1790055287.334967] [local:3421 :1]   |                      441..8246 | zero-copy                        | rc_mlx5/mlx5_2:1/path0 |
[1790055287.334967] [local:3421 :1]   |                      8247..inf | multi-frag zero-copy             | rc_mlx5/mlx5_2:1/path0 |
[1790055287.334968] [local:3421 :1]   +--------------------------------+----------------------------------+------------------------+
[1790055287.337203] [local:3421 :1]   +--------------------------------+--------------------------------------------------------------------+
[1790055287.337204] [local:3421 :1]   | ucp_context_0 intra-node cfg#2 | active message by ucp_am_send* with reply flag from host memory    |
[1790055287.337204] [local:3421 :1]   +--------------------------------+-------------------------------------------+------------------------+
[1790055287.337205] [local:3421 :1]   |                         0..218 | short                                     | rc_mlx5/mlx5_2:1/path0 |
[1790055287.337205] [local:3421 :1]   |                       219..404 | copy-in                                   | rc_mlx5/mlx5_2:1/path0 |
[1790055287.337206] [local:3421 :1]   |                      405..8238 | zero-copy                                 | rc_mlx5/mlx5_2:1/path0 |
[1790055287.337206] [local:3421 :1]   |                      8239..inf | multi-frag zero-copy                      | rc_mlx5/mlx5_2:1/path0 |
[1790055287.337207] [local:3421 :1]   +--------------------------------+-------------------------------------------+------------------------+
[1790055287.337384] [local:3421 :1]   +--------------------------------+-------------------------------------------------------------------------------------+
[1790055287.337390] [local:3421 :1]   | ucp_context_0 intra-node cfg#2 | active message by ucp_am_send* with reply flag(fast-completion) from host memory    |
[1790055287.337391] [local:3421 :1]   +--------------------------------+------------------------------------------------------------+------------------------+
[1790055287.337391] [local:3421 :1]   |                         0..218 | short                                                      | rc_mlx5/mlx5_2:1/path0 |
[1790055287.337392] [local:3421 :1]   |                      219..8238 | copy-in                                                    | rc_mlx5/mlx5_2:1/path0 |
[1790055287.337392] [local:3421 :1]   |                     8239..9187 | multi-frag copy-in                                         | rc_mlx5/mlx5_2:1/path0 |
[1790055287.337393] [local:3421 :1]   |                      9188..inf | multi-frag zero-copy                                       | rc_mlx5/mlx5_2:1/path0 |
[1790055287.337394] [local:3421 :1]   +--------------------------------+------------------------------------------------------------+------------------------+
[1790055287.337580] [local:3421 :1]   +--------------------------------+---------------------------------------------------------------------------+
[1790055287.337581] [local:3421 :1]   | ucp_context_0 intra-node cfg#2 | active message by ucp_am_send* with reply flag(multi) from host memory    |
[1790055287.337582] [local:3421 :1]   +--------------------------------+--------------------------------------------------+------------------------+
[1790055287.337582] [local:3421 :1]   |                         0..218 | short                                            | rc_mlx5/mlx5_2:1/path0 |
[1790055287.337583] [local:3421 :1]   |                       219..440 | copy-in                                          | rc_mlx5/mlx5_2:1/path0 |
[1790055287.337583] [local:3421 :1]   |                      441..8238 | zero-copy                                        | rc_mlx5/mlx5_2:1/path0 |
[1790055287.337584] [local:3421 :1]   |                      8239..inf | multi-frag zero-copy                             | rc_mlx5/mlx5_2:1/path0 |
[1790055287.337584] [local:3421 :1]   +--------------------------------+--------------------------------------------------+------------------------+
[1790055287.340187] [local:3421 :1]      ucp_worker.c:1984 UCX  INFO    ucp_context_0 intra-node cfg#2 rma(rc_mlx5/mlx5_2:1)  amo(rc_mlx5/mlx5_2:1)  device(cuda_ipc/cuda rc_gda/cuda2-mlx5_2:1 rc_gda/cuda2-mlx5_2:1)  am(rc_mlx5/mlx5_2:1 rc_mlx5/mlx5_2:1 cuda_ipc/cuda)  ka(ud_mlx5/mlx5_2:1)
[1790055287.340340] [local:3421 :1]   +--------------------------------+-------------------------------------------------------------+
[1790055287.340341] [local:3421 :1]   | ucp_context_0 intra-node cfg#2 | remote memory write by ucp_put* from host memory to host    |
[1790055287.340342] [local:3421 :1]   +--------------------------------+------------+------------------------------------------------+
[1790055287.340342] [local:3421 :1]   |                         0..220 | short      | rc_mlx5/mlx5_2:1/path0                         |
[1790055287.340343] [local:3421 :1]   |                      221..1193 | copy-in    | rc_mlx5/mlx5_2:1/path0                         |
[1790055287.340343] [local:3421 :1]   |                      1194..inf | zero-copy  | rc_mlx5/mlx5_2:1 50% on path0 and 50% on path1 |
[1790055287.340344] [local:3421 :1]   +--------------------------------+------------+------------------------------------------------+
[1790055287.340418] [local:3421 :1]   +--------------------------------+------------------------------------------------------------------------------+
[1790055287.340419] [local:3421 :1]   | ucp_context_0 intra-node cfg#2 | remote memory write by ucp_put*(fast-completion) from host memory to host    |
[1790055287.340419] [local:3421 :1]   +--------------------------------+-----------------------------+------------------------------------------------+
[1790055287.340428] [local:3421 :1]   |                         0..220 | short                       | rc_mlx5/mlx5_2:1/path0                         |
[1790055287.340429] [local:3421 :1]   |                      221..9292 | copy-in                     | rc_mlx5/mlx5_2:1/path0                         |
[1790055287.340429] [local:3421 :1]   |                      9293..inf | zero-copy                   | rc_mlx5/mlx5_2:1 50% on path0 and 50% on path1 |
[1790055287.340430] [local:3421 :1]   +--------------------------------+-----------------------------+------------------------------------------------+
[1790055287.340503] [local:3421 :1]   +--------------------------------+--------------------------------------------------------------------+
[1790055287.340503] [local:3421 :1]   | ucp_context_0 intra-node cfg#2 | remote memory write by ucp_put*(multi) from host memory to host    |
[1790055287.340504] [local:3421 :1]   +--------------------------------+-------------------+------------------------------------------------+
[1790055287.340505] [local:3421 :1]   |                         0..220 | short             | rc_mlx5/mlx5_2:1/path0                         |
[1790055287.340505] [local:3421 :1]   |                      221..1285 | copy-in           | rc_mlx5/mlx5_2:1/path0                         |
[1790055287.340506] [local:3421 :1]   |                      1286..inf | zero-copy         | rc_mlx5/mlx5_2:1 50% on path0 and 50% on path1 |
[1790055287.340506] [local:3421 :1]   +--------------------------------+-------------------+------------------------------------------------+
[1790055287.340778] [local:3421 :1]   +--------------------------------+--------------------------------------------------------------------+
[1790055287.340779] [local:3421 :1]   | ucp_context_0 intra-node cfg#2 | remote memory write by ucp_put* from host memory to cuda/dev[2]    |
[1790055287.340779] [local:3421 :1]   +--------------------------------+-------------------+------------------------------------------------+
[1790055287.340780] [local:3421 :1]   |                         0..220 | short             | rc_mlx5/mlx5_2:1/path0                         |
[1790055287.340780] [local:3421 :1]   |                      221..1193 | copy-in           | rc_mlx5/mlx5_2:1/path0                         |
[1790055287.340781] [local:3421 :1]   |                      1194..inf | zero-copy         | rc_mlx5/mlx5_2:1 50% on path0 and 50% on path1 |
[1790055287.340781] [local:3421 :1]   +--------------------------------+-------------------+------------------------------------------------+
[1790055287.340850] [local:3421 :1]   +--------------------------------+-------------------------------------------------------------------------------------+
[1790055287.340851] [local:3421 :1]   | ucp_context_0 intra-node cfg#2 | remote memory write by ucp_put*(fast-completion) from host memory to cuda/dev[2]    |
[1790055287.340851] [local:3421 :1]   +--------------------------------+------------------------------------+------------------------------------------------+
[1790055287.340852] [local:3421 :1]   |                         0..220 | short                              | rc_mlx5/mlx5_2:1/path0                         |
[1790055287.340852] [local:3421 :1]   |                      221..9292 | copy-in                            | rc_mlx5/mlx5_2:1/path0                         |
[1790055287.340853] [local:3421 :1]   |                      9293..inf | zero-copy                          | rc_mlx5/mlx5_2:1 50% on path0 and 50% on path1 |
[1790055287.340853] [local:3421 :1]   +--------------------------------+------------------------------------+------------------------------------------------+
[1790055287.340930] [local:3421 :1]   +--------------------------------+---------------------------------------------------------------------------+
[1790055287.340931] [local:3421 :1]   | ucp_context_0 intra-node cfg#2 | remote memory write by ucp_put*(multi) from host memory to cuda/dev[2]    |
[1790055287.340931] [local:3421 :1]   +--------------------------------+--------------------------+------------------------------------------------+
[1790055287.340935] [local:3421 :1]   |                         0..220 | short                    | rc_mlx5/mlx5_2:1/path0                         |
[1790055287.340935] [local:3421 :1]   |                      221..1285 | copy-in                  | rc_mlx5/mlx5_2:1/path0                         |
[1790055287.340936] [local:3421 :1]   |                      1286..inf | zero-copy                | rc_mlx5/mlx5_2:1 50% on path0 and 50% on path1 |
[1790055287.340936] [local:3421 :1]   +--------------------------------+--------------------------+------------------------------------------------+
[1790055287.341176] [local:3421 :1]   +--------------------------------+----------------------------------------------------+
[1790055287.341177] [local:3421 :1]   | ucp_context_0 intra-node cfg#2 | active message by ucp_am_send* from host memory    |
[1790055287.341178] [local:3421 :1]   +--------------------------------+---------------------------+------------------------+
[1790055287.341178] [local:3421 :1]   |                         0..226 | short                     | rc_mlx5/mlx5_2:1/path0 |
[1790055287.341179] [local:3421 :1]   |                       227..404 | copy-in                   | rc_mlx5/mlx5_2:1/path0 |
[1790055287.341179] [local:3421 :1]   |                      405..8246 | zero-copy                 | rc_mlx5/mlx5_2:1/path0 |
[1790055287.341180] [local:3421 :1]   |                      8247..inf | multi-frag zero-copy      | rc_mlx5/mlx5_2:1/path0 |
[1790055287.341181] [local:3421 :1]   +--------------------------------+---------------------------+------------------------+
[1790055287.341370] [local:3421 :1]   +--------------------------------+---------------------------------------------------------------------+
[1790055287.341371] [local:3421 :1]   | ucp_context_0 intra-node cfg#2 | active message by ucp_am_send*(fast-completion) from host memory    |
[1790055287.341371] [local:3421 :1]   +--------------------------------+--------------------------------------------+------------------------+
[1790055287.341372] [local:3421 :1]   |                         0..226 | short                                      | rc_mlx5/mlx5_2:1/path0 |
[1790055287.341373] [local:3421 :1]   |                      227..8246 | copy-in                                    | rc_mlx5/mlx5_2:1/path0 |
[1790055287.341373] [local:3421 :1]   |                     8247..9187 | multi-frag copy-in                         | rc_mlx5/mlx5_2:1/path0 |
[1790055287.341374] [local:3421 :1]   |                      9188..inf | multi-frag zero-copy                       | rc_mlx5/mlx5_2:1/path0 |
[1790055287.341374] [local:3421 :1]   +--------------------------------+--------------------------------------------+------------------------+
[1790055287.341912] [local:3421 :1]   +--------------------------------+-----------------------------------------------------------+
[1790055287.341913] [local:3421 :1]   | ucp_context_0 intra-node cfg#2 | active message by ucp_am_send*(multi) from host memory    |
[1790055287.341913] [local:3421 :1]   +--------------------------------+----------------------------------+------------------------+
[1790055287.341914] [local:3421 :1]   |                         0..226 | short                            | rc_mlx5/mlx5_2:1/path0 |
[1790055287.341914] [local:3421 :1]   |                       227..440 | copy-in                          | rc_mlx5/mlx5_2:1/path0 |
[1790055287.341915] [local:3421 :1]   |                      441..8246 | zero-copy                        | rc_mlx5/mlx5_2:1/path0 |
[1790055287.341915] [local:3421 :1]   |                      8247..inf | multi-frag zero-copy             | rc_mlx5/mlx5_2:1/path0 |
[1790055287.341916] [local:3421 :1]   +--------------------------------+----------------------------------+------------------------+
[1790055287.342082] [local:3421 :1]   +--------------------------------+--------------------------------------------------------------------+
[1790055287.342083] [local:3421 :1]   | ucp_context_0 intra-node cfg#2 | active message by ucp_am_send* with reply flag from host memory    |
[1790055287.342089] [local:3421 :1]   +--------------------------------+-------------------------------------------+------------------------+
[1790055287.342090] [local:3421 :1]   |                         0..218 | short                                     | rc_mlx5/mlx5_2:1/path0 |
[1790055287.342090] [local:3421 :1]   |                       219..404 | copy-in                                   | rc_mlx5/mlx5_2:1/path0 |
[1790055287.342091] [local:3421 :1]   |                      405..8238 | zero-copy                                 | rc_mlx5/mlx5_2:1/path0 |
[1790055287.342092] [local:3421 :1]   |                      8239..inf | multi-frag zero-copy                      | rc_mlx5/mlx5_2:1/path0 |
[1790055287.342092] [local:3421 :1]   +--------------------------------+-------------------------------------------+------------------------+
[1790055287.342255] [local:3421 :1]   +--------------------------------+-------------------------------------------------------------------------------------+
[1790055287.342255] [local:3421 :1]   | ucp_context_0 intra-node cfg#2 | active message by ucp_am_send* with reply flag(fast-completion) from host memory    |
[1790055287.342256] [local:3421 :1]   +--------------------------------+------------------------------------------------------------+------------------------+
[1790055287.342257] [local:3421 :1]   |                         0..218 | short                                                      | rc_mlx5/mlx5_2:1/path0 |
[1790055287.342257] [local:3421 :1]   |                      219..8238 | copy-in                                                    | rc_mlx5/mlx5_2:1/path0 |
[1790055287.342258] [local:3421 :1]   |                     8239..9187 | multi-frag copy-in                                         | rc_mlx5/mlx5_2:1/path0 |
[1790055287.342258] [local:3421 :1]   |                      9188..inf | multi-frag zero-copy                                       | rc_mlx5/mlx5_2:1/path0 |
[1790055287.342259] [local:3421 :1]   +--------------------------------+------------------------------------------------------------+------------------------+
[1790055287.342457] [local:3421 :1]   +--------------------------------+---------------------------------------------------------------------------+
[1790055287.342458] [local:3421 :1]   | ucp_context_0 intra-node cfg#2 | active message by ucp_am_send* with reply flag(multi) from host memory    |
[1790055287.342458] [local:3421 :1]   +--------------------------------+--------------------------------------------------+------------------------+
[1790055287.342459] [local:3421 :1]   |                         0..218 | short                                            | rc_mlx5/mlx5_2:1/path0 |
[1790055287.342459] [local:3421 :1]   |                       219..440 | copy-in                                          | rc_mlx5/mlx5_2:1/path0 |
[1790055287.342460] [local:3421 :1]   |                      441..8238 | zero-copy                                        | rc_mlx5/mlx5_2:1/path0 |
[1790055287.342460] [local:3421 :1]   |                      8239..inf | multi-frag zero-copy                             | rc_mlx5/mlx5_2:1/path0 |
[1790055287.342461] [local:3421 :1]   +--------------------------------+--------------------------------------------------+------------------------+
[1790055287.555721] [local:3421 :2]   +--------------------------------+--------------------------------------------------------------------------+
[1790055287.555730] [local:3421 :2]   | ucp_context_0 intra-node cfg#2 | remote memory read by ucp_get*(multi) into cuda/GPU2 from cuda/dev[2]    |
[1790055287.555731] [local:3421 :2]   +--------------------------------+-------------------------------------------------+------------------------+
[1790055287.555732] [local:3421 :2]   |                              0 | copy-out                                        | rc_mlx5/mlx5_2:1/path0 |
[1790055287.555733] [local:3421 :2]   |                         1..inf | zero-copy                                       | cuda_ipc/cuda          |
[1790055287.555751] [local:3421 :2]   +--------------------------------+-------------------------------------------------+------------------------+
[1790055287.555721] [local:3421 :3]   +--------------------------------+--------------------------------------------------------------------------+
[1790055287.555760] [local:3421 :3]   | ucp_context_0 intra-node cfg#2 | remote memory read by ucp_get*(multi) into cuda/GPU2 from cuda/dev[2]    |
[1790055287.555761] [local:3421 :3]   +--------------------------------+-------------------------------------------------+------------------------+
[1790055287.555762] [local:3421 :3]   |                              0 | copy-out                                        | rc_mlx5/mlx5_2:1/path0 |
[1790055287.555762] [local:3421 :3]   |                         1..inf | zero-copy                                       | cuda_ipc/cuda          |
[1790055287.555763] [local:3421 :3]   +--------------------------------+-------------------------------------------------+------------------------+
[1790055287.555778] [local:3421 :4]   +--------------------------------+--------------------------------------------------------------------------+
[1790055287.555781] [local:3421 :4]   | ucp_context_0 intra-node cfg#2 | remote memory read by ucp_get*(multi) into cuda/GPU2 from cuda/dev[2]    |
[1790055287.555782] [local:3421 :4]   +--------------------------------+-------------------------------------------------+------------------------+
[1790055287.555783] [local:3421 :4]   |                              0 | copy-out                                        | rc_mlx5/mlx5_2:1/path0 |
[1790055287.555783] [local:3421 :5]   +--------------------------------+--------------------------------------------------------------------------+
[1790055287.555790] [local:3421 :5]   | ucp_context_0 intra-node cfg#2 | remote memory read by ucp_get*(multi) into cuda/GPU2 from cuda/dev[2]    |
[1790055287.555791] [local:3421 :5]   +--------------------------------+-------------------------------------------------+------------------------+
[1790055287.555792] [local:3421 :5]   |                              0 | copy-out                                        | rc_mlx5/mlx5_2:1/path0 |
[1790055287.555793] [local:3421 :5]   |                         1..inf | zero-copy                                       | cuda_ipc/cuda          |
[1790055287.555793] [local:3421 :5]   +--------------------------------+-------------------------------------------------+------------------------+
[1790055287.555784] [local:3421 :4]   |                         1..inf | zero-copy                                       | cuda_ipc/cuda          |
[1790055287.555797] [local:3421 :4]   +--------------------------------+-------------------------------------------------+------------------------+
[1790055287.611886] [local:3421 :6]      ucp_worker.c:1984 UCX  INFO    ucp_context_0 intra-node cfg#3 rma(rc_mlx5/mlx5_2:1)  amo(rc_mlx5/mlx5_2:1)  device(cuda_ipc/cuda rc_gda/cuda2-mlx5_2:1 rc_gda/cuda2-mlx5_2:1)  am(rc_mlx5/mlx5_2:1 rc_mlx5/mlx5_2:1 cuda_ipc/cuda)  ka(ud_mlx5/mlx5_2:1)
[1790055287.612061] [local:3421 :6]   +--------------------------------+-------------------------------------------------------------+
[1790055287.612063] [local:3421 :6]   | ucp_context_0 intra-node cfg#3 | remote memory write by ucp_put* from host memory to host    |
[1790055287.612064] [local:3421 :6]   +--------------------------------+------------+------------------------------------------------+
[1790055287.612064] [local:3421 :6]   |                         0..220 | short      | rc_mlx5/mlx5_2:1/path0                         |
[1790055287.612065] [local:3421 :6]   |                      221..1193 | copy-in    | rc_mlx5/mlx5_2:1/path0                         |
[1790055287.612065] [local:3421 :6]   |                      1194..inf | zero-copy  | rc_mlx5/mlx5_2:1 50% on path0 and 50% on path1 |
[1790055287.612066] [local:3421 :6]   +--------------------------------+------------+------------------------------------------------+
[1790055287.612151] [local:3421 :6]   +--------------------------------+------------------------------------------------------------------------------+
[1790055287.612152] [local:3421 :6]   | ucp_context_0 intra-node cfg#3 | remote memory write by ucp_put*(fast-completion) from host memory to host    |
[1790055287.612152] [local:3421 :6]   +--------------------------------+-----------------------------+------------------------------------------------+
[1790055287.612153] [local:3421 :6]   |                         0..220 | short                       | rc_mlx5/mlx5_2:1/path0                         |
[1790055287.612153] [local:3421 :6]   |                      221..9292 | copy-in                     | rc_mlx5/mlx5_2:1/path0                         |
[1790055287.612154] [local:3421 :6]   |                      9293..inf | zero-copy                   | rc_mlx5/mlx5_2:1 50% on path0 and 50% on path1 |
[1790055287.612155] [local:3421 :6]   +--------------------------------+-----------------------------+------------------------------------------------+
[1790055287.612225] [local:3421 :6]   +--------------------------------+--------------------------------------------------------------------+
[1790055287.612226] [local:3421 :6]   | ucp_context_0 intra-node cfg#3 | remote memory write by ucp_put*(multi) from host memory to host    |
[1790055287.612226] [local:3421 :6]   +--------------------------------+-------------------+------------------------------------------------+
[1790055287.612227] [local:3421 :6]   |                         0..220 | short             | rc_mlx5/mlx5_2:1/path0                         |
[1790055287.612227] [local:3421 :6]   |                      221..1285 | copy-in           | rc_mlx5/mlx5_2:1/path0                         |
[1790055287.612228] [local:3421 :6]   |                      1286..inf | zero-copy         | rc_mlx5/mlx5_2:1 50% on path0 and 50% on path1 |
[1790055287.612229] [local:3421 :6]   +--------------------------------+-------------------+------------------------------------------------+
[1790055287.612518] [local:3421 :6]   +--------------------------------+--------------------------------------------------------------------+
[1790055287.612519] [local:3421 :6]   | ucp_context_0 intra-node cfg#3 | remote memory write by ucp_put* from host memory to cuda/dev[2]    |
[1790055287.612519] [local:3421 :6]   +--------------------------------+-------------------+------------------------------------------------+
[1790055287.612520] [local:3421 :6]   |                         0..220 | short             | rc_mlx5/mlx5_2:1/path0                         |
[1790055287.612520] [local:3421 :6]   |                      221..1193 | copy-in           | rc_mlx5/mlx5_2:1/path0                         |
[1790055287.612521] [local:3421 :6]   |                      1194..inf | zero-copy         | rc_mlx5/mlx5_2:1 50% on path0 and 50% on path1 |
[1790055287.612521] [local:3421 :6]   +--------------------------------+-------------------+------------------------------------------------+
[1790055287.612588] [local:3421 :6]   +--------------------------------+-------------------------------------------------------------------------------------+
[1790055287.612589] [local:3421 :6]   | ucp_context_0 intra-node cfg#3 | remote memory write by ucp_put*(fast-completion) from host memory to cuda/dev[2]    |
[1790055287.612589] [local:3421 :6]   +--------------------------------+------------------------------------+------------------------------------------------+
[1790055287.612590] [local:3421 :6]   |                         0..220 | short                              | rc_mlx5/mlx5_2:1/path0                         |
[1790055287.612590] [local:3421 :6]   |                      221..9292 | copy-in                            | rc_mlx5/mlx5_2:1/path0                         |
[1790055287.612591] [local:3421 :6]   |                      9293..inf | zero-copy                          | rc_mlx5/mlx5_2:1 50% on path0 and 50% on path1 |
[1790055287.612591] [local:3421 :6]   +--------------------------------+------------------------------------+------------------------------------------------+
[1790055287.612666] [local:3421 :6]   +--------------------------------+---------------------------------------------------------------------------+
[1790055287.612667] [local:3421 :6]   | ucp_context_0 intra-node cfg#3 | remote memory write by ucp_put*(multi) from host memory to cuda/dev[2]    |
[1790055287.612668] [local:3421 :6]   +--------------------------------+--------------------------+------------------------------------------------+
[1790055287.612668] [local:3421 :6]   |                         0..220 | short                    | rc_mlx5/mlx5_2:1/path0                         |
[1790055287.612669] [local:3421 :6]   |                      221..1285 | copy-in                  | rc_mlx5/mlx5_2:1/path0                         |
[1790055287.612669] [local:3421 :6]   |                      1286..inf | zero-copy                | rc_mlx5/mlx5_2:1 50% on path0 and 50% on path1 |
[1790055287.612670] [local:3421 :6]   +--------------------------------+--------------------------+------------------------------------------------+
[1790055287.612896] [local:3421 :6]   +--------------------------------+----------------------------------------------------+
[1790055287.612897] [local:3421 :6]   | ucp_context_0 intra-node cfg#3 | active message by ucp_am_send* from host memory    |
[1790055287.612898] [local:3421 :6]   +--------------------------------+---------------------------+------------------------+
[1790055287.612898] [local:3421 :6]   |                         0..226 | short                     | rc_mlx5/mlx5_2:1/path0 |
[1790055287.612899] [local:3421 :6]   |                       227..404 | copy-in                   | rc_mlx5/mlx5_2:1/path0 |
[1790055287.612899] [local:3421 :6]   |                      405..8246 | zero-copy                 | rc_mlx5/mlx5_2:1/path0 |
[1790055287.612900] [local:3421 :6]   |                      8247..inf | multi-frag zero-copy      | rc_mlx5/mlx5_2:1/path0 |
[1790055287.612900] [local:3421 :6]   +--------------------------------+---------------------------+------------------------+
[1790055287.613055] [local:3421 :6]   +--------------------------------+---------------------------------------------------------------------+
[1790055287.613056] [local:3421 :6]   | ucp_context_0 intra-node cfg#3 | active message by ucp_am_send*(fast-completion) from host memory    |
[1790055287.613056] [local:3421 :6]   +--------------------------------+--------------------------------------------+------------------------+
[1790055287.613057] [local:3421 :6]   |                         0..226 | short                                      | rc_mlx5/mlx5_2:1/path0 |
[1790055287.613058] [local:3421 :6]   |                      227..8246 | copy-in                                    | rc_mlx5/mlx5_2:1/path0 |
[1790055287.613058] [local:3421 :6]   |                     8247..9187 | multi-frag copy-in                         | rc_mlx5/mlx5_2:1/path0 |
[1790055287.613059] [local:3421 :6]   |                      9188..inf | multi-frag zero-copy                       | rc_mlx5/mlx5_2:1/path0 |
[1790055287.613059] [local:3421 :6]   +--------------------------------+--------------------------------------------+------------------------+
[1790055287.613577] [local:3421 :6]   +--------------------------------+-----------------------------------------------------------+
[1790055287.613578] [local:3421 :6]   | ucp_context_0 intra-node cfg#3 | active message by ucp_am_send*(multi) from host memory    |
[1790055287.613578] [local:3421 :6]   +--------------------------------+----------------------------------+------------------------+
[1790055287.613579] [local:3421 :6]   |                         0..226 | short                            | rc_mlx5/mlx5_2:1/path0 |
[1790055287.613579] [local:3421 :6]   |                       227..440 | copy-in                          | rc_mlx5/mlx5_2:1/path0 |
[1790055287.613580] [local:3421 :6]   |                      441..8246 | zero-copy                        | rc_mlx5/mlx5_2:1/path0 |
[1790055287.613580] [local:3421 :6]   |                      8247..inf | multi-frag zero-copy             | rc_mlx5/mlx5_2:1/path0 |
[1790055287.613584] [local:3421 :6]   +--------------------------------+----------------------------------+------------------------+
[1790055287.613738] [local:3421 :6]   +--------------------------------+--------------------------------------------------------------------+
[1790055287.613739] [local:3421 :6]   | ucp_context_0 intra-node cfg#3 | active message by ucp_am_send* with reply flag from host memory    |
[1790055287.613739] [local:3421 :6]   +--------------------------------+-------------------------------------------+------------------------+
[1790055287.613740] [local:3421 :6]   |                         0..218 | short                                     | rc_mlx5/mlx5_2:1/path0 |
[1790055287.613740] [local:3421 :6]   |                       219..404 | copy-in                                   | rc_mlx5/mlx5_2:1/path0 |
[1790055287.613741] [local:3421 :6]   |                      405..8238 | zero-copy                                 | rc_mlx5/mlx5_2:1/path0 |
[1790055287.613742] [local:3421 :6]   |                      8239..inf | multi-frag zero-copy                      | rc_mlx5/mlx5_2:1/path0 |
[1790055287.613742] [local:3421 :6]   +--------------------------------+-------------------------------------------+------------------------+
[1790055287.613893] [local:3421 :6]   +--------------------------------+-------------------------------------------------------------------------------------+
[1790055287.613894] [local:3421 :6]   | ucp_context_0 intra-node cfg#3 | active message by ucp_am_send* with reply flag(fast-completion) from host memory    |
[1790055287.613895] [local:3421 :6]   +--------------------------------+------------------------------------------------------------+------------------------+
[1790055287.613895] [local:3421 :6]   |                         0..218 | short                                                      | rc_mlx5/mlx5_2:1/path0 |
[1790055287.613896] [local:3421 :6]   |                      219..8238 | copy-in                                                    | rc_mlx5/mlx5_2:1/path0 |
[1790055287.613896] [local:3421 :6]   |                     8239..9187 | multi-frag copy-in                                         | rc_mlx5/mlx5_2:1/path0 |
[1790055287.613897] [local:3421 :6]   |                      9188..inf | multi-frag zero-copy                                       | rc_mlx5/mlx5_2:1/path0 |
[1790055287.613897] [local:3421 :6]   +--------------------------------+------------------------------------------------------------+------------------------+
[1790055287.614064] [local:3421 :6]   +--------------------------------+---------------------------------------------------------------------------+
[1790055287.614064] [local:3421 :6]   | ucp_context_0 intra-node cfg#3 | active message by ucp_am_send* with reply flag(multi) from host memory    |
[1790055287.614065] [local:3421 :6]   +--------------------------------+--------------------------------------------------+------------------------+
[1790055287.614066] [local:3421 :6]   |                         0..218 | short                                            | rc_mlx5/mlx5_2:1/path0 |
[1790055287.614066] [local:3421 :6]   |                       219..440 | copy-in                                          | rc_mlx5/mlx5_2:1/path0 |
[1790055287.614067] [local:3421 :6]   |                      441..8238 | zero-copy                                        | rc_mlx5/mlx5_2:1/path0 |
[1790055287.614067] [local:3421 :6]   |                      8239..inf | multi-frag zero-copy                             | rc_mlx5/mlx5_2:1/path0 |
[1790055287.614068] [local:3421 :6]   +--------------------------------+--------------------------------------------------+------------------------+
[1790055287.637451] [local:3421 :0]   +--------------------------------+---------------------------------------------------------+
[1790055287.637455] [local:3421 :0]   | ucp_context_0 intra-node cfg#2 | active message by ucp_am_send*(egr) from host memory   