[1790055259.813105] [local:3419 :0]     ucp_context.c:2659 UCX  INFO  Version 1.21.0 (loaded from /usr/local/lib/python3.12/dist-packages/nixl_ep_cu13/../nixl_cu13.libs/libucp-bcc5ee2e.so.0.0.0)
[1790055265.227991] [local:3419 :0]   +--------------------------+-------------------------------------------------------------+
[1790055265.227995] [local:3419 :0]   | ucp_context_0 self cfg#0 | remote memory write by ucp_put* from host memory to host    |
[1790055265.227996] [local:3419 :0]   +--------------------------+--------------------------------------------+----------------+
[1790055265.227996] [local:3419 :0]   |            0..4294967295 | short                                      | cuda_copy/cuda |
[1790055265.227997] [local:3419 :0]   +--------------------------+--------------------------------------------+----------------+
[1790055265.228029] [local:3419 :0]   +--------------------------+------------------------------------------------------------------------------+
[1790055265.228030] [local:3419 :0]   | ucp_context_0 self cfg#0 | remote memory write by ucp_put*(fast-completion) from host memory to host    |
[1790055265.228031] [local:3419 :0]   +--------------------------+-------------------------------------------------------------+----------------+
[1790055265.228032] [local:3419 :0]   |            0..4294967295 | short                                                       | cuda_copy/cuda |
[1790055265.228032] [local:3419 :0]   +--------------------------+-------------------------------------------------------------+----------------+
[1790055265.228062] [local:3419 :0]   +--------------------------+--------------------------------------------------------------------+
[1790055265.228063] [local:3419 :0]   | ucp_context_0 self cfg#0 | remote memory write by ucp_put*(multi) from host memory to host    |
[1790055265.228063] [local:3419 :0]   +--------------------------+---------------------------------------------------+----------------+
[1790055265.228064] [local:3419 :0]   |            0..4294967295 | short                                             | cuda_copy/cuda |
[1790055265.228065] [local:3419 :0]   +--------------------------+---------------------------------------------------+----------------+
[1790055265.228108] [local:3419 :0]   +--------------------------+----------------------------------------------------+
[1790055265.228109] [local:3419 :0]   | ucp_context_0 self cfg#0 | active message by ucp_am_send* from host memory    |
[1790055265.228109] [local:3419 :0]   +--------------------------+-------------------------------------------------+--+
[1790055265.228110] [local:3419 :0]   +--------------------------+-------------------------------------------------+--+
[1790055265.228123] [local:3419 :0]   +--------------------------+--------------------------------------------------------------------+
[1790055265.228124] [local:3419 :0]   | ucp_context_0 self cfg#0 | active message by ucp_am_send* with reply flag from host memory    |
[1790055265.228125] [local:3419 :0]   +--------------------------+-----------------------------------------------------------------+--+
[1790055265.228125] [local:3419 :0]   +--------------------------+-----------------------------------------------------------------+--+
[1790055265.228255] [local:3419 :0]          parser.c:2364 UCX  INFO  UCX_* env variables: UCX_PROTO_INFO=y UCX_LOG_LEVEL=info UCX_LOG_FILE=/results/default-a/ucx-decode.%p.log UCX_RCACHE_MAX_UNRELEASED=1024
[1790055265.622993] [local:3419 :0]   +--------------------------+-------------------------------------------------------------+
[1790055265.622998] [local:3419 :0]   | ucp_context_0 self cfg#0 | remote memory write by ucp_put* from host memory to host    |
[1790055265.622999] [local:3419 :0]   +--------------------------+--------------------------------------------+----------------+
[1790055265.622999] [local:3419 :0]   |            0..4294967295 | short                                      | cuda_copy/cuda |
[1790055265.623000] [local:3419 :0]   +--------------------------+--------------------------------------------+----------------+
[1790055265.623076] [local:3419 :0]   +--------------------------+------------------------------------------------------------------------------+
[1790055265.623077] [local:3419 :0]   | ucp_context_0 self cfg#0 | remote memory write by ucp_put*(fast-completion) from host memory to host    |
[1790055265.623077] [local:3419 :0]   +--------------------------+-------------------------------------------------------------+----------------+
[1790055265.623078] [local:3419 :0]   |            0..4294967295 | short                                                       | cuda_copy/cuda |
[1790055265.623078] [local:3419 :0]   +--------------------------+-------------------------------------------------------------+----------------+
[1790055265.623108] [local:3419 :0]   +--------------------------+--------------------------------------------------------------------+
[1790055265.623108] [local:3419 :0]   | ucp_context_0 self cfg#0 | remote memory write by ucp_put*(multi) from host memory to host    |
[1790055265.623109] [local:3419 :0]   +--------------------------+---------------------------------------------------+----------------+
[1790055265.623109] [local:3419 :0]   |            0..4294967295 | short                                             | cuda_copy/cuda |
[1790055265.623110] [local:3419 :0]   +--------------------------+---------------------------------------------------+----------------+
[1790055265.623156] [local:3419 :0]   +--------------------------+----------------------------------------------------+
[1790055265.623156] [local:3419 :0]   | ucp_context_0 self cfg#0 | active message by ucp_am_send* from host memory    |
[1790055265.623157] [local:3419 :0]   +--------------------------+-------------------------------------------------+--+
[1790055265.623158] [local:3419 :0]   +--------------------------+-------------------------------------------------+--+
[1790055265.623168] [local:3419 :0]   +--------------------------+--------------------------------------------------------------------+
[1790055265.623169] [local:3419 :0]   | ucp_context_0 self cfg#0 | active message by ucp_am_send* with reply flag from host memory    |
[1790055265.623169] [local:3419 :0]   +--------------------------+-----------------------------------------------------------------+--+
[1790055265.623170] [local:3419 :0]   +--------------------------+-----------------------------------------------------------------+--+
[1790055265.976786] [local:3419 :0]   +--------------------------+-------------------------------------------------------------+
[1790055265.976792] [local:3419 :0]   | ucp_context_0 self cfg#0 | remote memory write by ucp_put* from host memory to host    |
[1790055265.976793] [local:3419 :0]   +--------------------------+--------------------------------------------+----------------+
[1790055265.976793] [local:3419 :0]   |            0..4294967295 | short                                      | cuda_copy/cuda |
[1790055265.976794] [local:3419 :0]   +--------------------------+--------------------------------------------+----------------+
[1790055265.976824] [local:3419 :0]   +--------------------------+------------------------------------------------------------------------------+
[1790055265.976825] [local:3419 :0]   | ucp_context_0 self cfg#0 | remote memory write by ucp_put*(fast-completion) from host memory to host    |
[1790055265.976825] [local:3419 :0]   +--------------------------+-------------------------------------------------------------+----------------+
[1790055265.976826] [local:3419 :0]   |            0..4294967295 | short                                                       | cuda_copy/cuda |
[1790055265.976826] [local:3419 :0]   +--------------------------+-------------------------------------------------------------+----------------+
[1790055265.976855] [local:3419 :0]   +--------------------------+--------------------------------------------------------------------+
[1790055265.976855] [local:3419 :0]   | ucp_context_0 self cfg#0 | remote memory write by ucp_put*(multi) from host memory to host    |
[1790055265.976886] [local:3419 :0]   +--------------------------+---------------------------------------------------+----------------+
[1790055265.976887] [local:3419 :0]   |            0..4294967295 | short                                             | cuda_copy/cuda |
[1790055265.976887] [local:3419 :0]   +--------------------------+---------------------------------------------------+----------------+
[1790055265.976929] [local:3419 :0]   +--------------------------+----------------------------------------------------+
[1790055265.976930] [local:3419 :0]   | ucp_context_0 self cfg#0 | active message by ucp_am_send* from host memory    |
[1790055265.976931] [local:3419 :0]   +--------------------------+-------------------------------------------------+--+
[1790055265.976931] [local:3419 :0]   +--------------------------+-------------------------------------------------+--+
[1790055265.976941] [local:3419 :0]   +--------------------------+--------------------------------------------------------------------+
[1790055265.976942] [local:3419 :0]   | ucp_context_0 self cfg#0 | active message by ucp_am_send* with reply flag from host memory    |
[1790055265.976942] [local:3419 :0]   +--------------------------+-----------------------------------------------------------------+--+
[1790055265.976943] [local:3419 :0]   +--------------------------+-----------------------------------------------------------------+--+
[1790055266.354727] [local:3419 :0]   +--------------------------+-------------------------------------------------------------+
[1790055266.354732] [local:3419 :0]   | ucp_context_0 self cfg#0 | remote memory write by ucp_put* from host memory to host    |
[1790055266.354733] [local:3419 :0]   +--------------------------+--------------------------------------------+----------------+
[1790055266.354734] [local:3419 :0]   |            0..4294967295 | short                                      | cuda_copy/cuda |
[1790055266.354734] [local:3419 :0]   +--------------------------+--------------------------------------------+----------------+
[1790055266.354764] [local:3419 :0]   +--------------------------+------------------------------------------------------------------------------+
[1790055266.354765] [local:3419 :0]   | ucp_context_0 self cfg#0 | remote memory write by ucp_put*(fast-completion) from host memory to host    |
[1790055266.354766] [local:3419 :0]   +--------------------------+-------------------------------------------------------------+----------------+
[1790055266.354767] [local:3419 :0]   |            0..4294967295 | short                                                       | cuda_copy/cuda |
[1790055266.354767] [local:3419 :0]   +--------------------------+-------------------------------------------------------------+----------------+
[1790055266.354794] [local:3419 :0]   +--------------------------+--------------------------------------------------------------------+
[1790055266.354794] [local:3419 :0]   | ucp_context_0 self cfg#0 | remote memory write by ucp_put*(multi) from host memory to host    |
[1790055266.354795] [local:3419 :0]   +--------------------------+---------------------------------------------------+----------------+
[1790055266.354796] [local:3419 :0]   |            0..4294967295 | short                                             | cuda_copy/cuda |
[1790055266.354797] [local:3419 :0]   +--------------------------+---------------------------------------------------+----------------+
[1790055266.354835] [local:3419 :0]   +--------------------------+----------------------------------------------------+
[1790055266.354836] [local:3419 :0]   | ucp_context_0 self cfg#0 | active message by ucp_am_send* from host memory    |
[1790055266.354836] [local:3419 :0]   +--------------------------+-------------------------------------------------+--+
[1790055266.354837] [local:3419 :0]   +--------------------------+-------------------------------------------------+--+
[1790055266.354847] [local:3419 :0]   +--------------------------+--------------------------------------------------------------------+
[1790055266.354876] [local:3419 :0]   | ucp_context_0 self cfg#0 | active message by ucp_am_send* with reply flag from host memory    |
[1790055266.354876] [local:3419 :0]   +--------------------------+-----------------------------------------------------------------+--+
[1790055266.354877] [local:3419 :0]   +--------------------------+-----------------------------------------------------------------+--+
[1790055266.712085] [local:3419 :0]   +--------------------------+-------------------------------------------------------------+
[1790055266.712091] [local:3419 :0]   | ucp_context_0 self cfg#0 | remote memory write by ucp_put* from host memory to host    |
[1790055266.712091] [local:3419 :0]   +--------------------------+--------------------------------------------+----------------+
[1790055266.712092] [local:3419 :0]   |            0..4294967295 | short                                      | cuda_copy/cuda |
[1790055266.712093] [local:3419 :0]   +--------------------------+--------------------------------------------+----------------+
[1790055266.712120] [local:3419 :0]   +--------------------------+------------------------------------------------------------------------------+
[1790055266.712121] [local:3419 :0]   | ucp_context_0 self cfg#0 | remote memory write by ucp_put*(fast-completion) from host memory to host    |
[1790055266.712121] [local:3419 :0]   +--------------------------+-------------------------------------------------------------+----------------+
[1790055266.712122] [local:3419 :0]   |            0..4294967295 | short                                                       | cuda_copy/cuda |
[1790055266.712123] [local:3419 :0]   +--------------------------+-------------------------------------------------------------+----------------+
[1790055266.712149] [local:3419 :0]   +--------------------------+--------------------------------------------------------------------+
[1790055266.712149] [local:3419 :0]   | ucp_context_0 self cfg#0 | remote memory write by ucp_put*(multi) from host memory to host    |
[1790055266.712150] [local:3419 :0]   +--------------------------+---------------------------------------------------+----------------+
[1790055266.712151] [local:3419 :0]   |            0..4294967295 | short                                             | cuda_copy/cuda |
[1790055266.712151] [local:3419 :0]   +--------------------------+---------------------------------------------------+----------------+
[1790055266.712187] [local:3419 :0]   +--------------------------+----------------------------------------------------+
[1790055266.712187] [local:3419 :0]   | ucp_context_0 self cfg#0 | active message by ucp_am_send* from host memory    |
[1790055266.712188] [local:3419 :0]   +--------------------------+-------------------------------------------------+--+
[1790055266.712189] [local:3419 :0]   +--------------------------+-------------------------------------------------+--+
[1790055266.712200] [local:3419 :0]   +--------------------------+--------------------------------------------------------------------+
[1790055266.712201] [local:3419 :0]   | ucp_context_0 self cfg#0 | active message by ucp_am_send* with reply flag from host memory    |
[1790055266.712201] [local:3419 :0]   +--------------------------+-----------------------------------------------------------------+--+
[1790055266.712202] [local:3419 :0]   +--------------------------+-----------------------------------------------------------------+--+
[1790055266.714892] [local:3419 :0]      ucp_worker.c:1984 UCX  INFO    ucp_context_0 self cfg#1 rma(rc_mlx5/mlx5_0:1)  amo(rc_mlx5/mlx5_0:1)  device(cuda_ipc/cuda rc_gda/cuda0-mlx5_0:1 rc_gda/cuda0-mlx5_0:1)  am(rc_mlx5/mlx5_0:1 rc_mlx5/mlx5_0:1 cuda_ipc/cuda)  ka(ud_mlx5/mlx5_0:1)
[1790055266.722348] [local:3419 :0]   +--------------------------+-------------------------------------------------------------+
[1790055266.722351] [local:3419 :0]   | ucp_context_0 self cfg#1 | remote memory write by ucp_put* from host memory to host    |
[1790055266.722352] [local:3419 :0]   +--------------------------+------------+------------------------------------------------+
[1790055266.722383] [local:3419 :0]   |                   0..220 | short      | rc_mlx5/mlx5_0:1/path0                         |
[1790055266.722384] [local:3419 :0]   |                221..1193 | copy-in    | rc_mlx5/mlx5_0:1/path0                         |
[1790055266.722384] [local:3419 :0]   |                1194..inf | zero-copy  | rc_mlx5/mlx5_0:1 50% on path0 and 50% on path1 |
[1790055266.722385] [local:3419 :0]   +--------------------------+------------+------------------------------------------------+
[1790055266.722503] [local:3419 :0]   +--------------------------+------------------------------------------------------------------------------+
[1790055266.722504] [local:3419 :0]   | ucp_context_0 self cfg#1 | remote memory write by ucp_put*(fast-completion) from host memory to host    |
[1790055266.722504] [local:3419 :0]   +--------------------------+-----------------------------+------------------------------------------------+
[1790055266.722505] [local:3419 :0]   |                   0..220 | short                       | rc_mlx5/mlx5_0:1/path0                         |
[1790055266.722505] [local:3419 :0]   |                221..9292 | copy-in                     | rc_mlx5/mlx5_0:1/path0                         |
[1790055266.722506] [local:3419 :0]   |                9293..inf | zero-copy                   | rc_mlx5/mlx5_0:1 50% on path0 and 50% on path1 |
[1790055266.722506] [local:3419 :0]   +--------------------------+-----------------------------+------------------------------------------------+
[1790055266.722594] [local:3419 :0]   +--------------------------+--------------------------------------------------------------------+
[1790055266.722595] [local:3419 :0]   | ucp_context_0 self cfg#1 | remote memory write by ucp_put*(multi) from host memory to host    |
[1790055266.722595] [local:3419 :0]   +--------------------------+-------------------+------------------------------------------------+
[1790055266.722596] [local:3419 :0]   |                   0..220 | short             | rc_mlx5/mlx5_0:1/path0                         |
[1790055266.722597] [local:3419 :0]   |                221..1285 | copy-in           | rc_mlx5/mlx5_0:1/path0                         |
[1790055266.722597] [local:3419 :0]   |                1286..inf | zero-copy         | rc_mlx5/mlx5_0:1 50% on path0 and 50% on path1 |
[1790055266.722598] [local:3419 :0]   +--------------------------+-------------------+------------------------------------------------+
[1790055266.731144] [local:3419 :0]   +--------------------------+--------------------------------------------------------------------+
[1790055266.731147] [local:3419 :0]   | ucp_context_0 self cfg#1 | remote memory write by ucp_put* from host memory to cuda/dev[0]    |
[1790055266.731148] [local:3419 :0]   +--------------------------+-------------------+------------------------------------------------+
[1790055266.731148] [local:3419 :0]   |                   0..220 | short             | rc_mlx5/mlx5_0:1/path0                         |
[1790055266.731149] [local:3419 :0]   |                221..1193 | copy-in           | rc_mlx5/mlx5_0:1/path0                         |
[1790055266.731149] [local:3419 :0]   |                1194..inf | zero-copy         | rc_mlx5/mlx5_0:1 50% on path0 and 50% on path1 |
[1790055266.731150] [local:3419 :0]   +--------------------------+-------------------+------------------------------------------------+
[1790055266.731236] [local:3419 :0]   +--------------------------+-------------------------------------------------------------------------------------+
[1790055266.731237] [local:3419 :0]   | ucp_context_0 self cfg#1 | remote memory write by ucp_put*(fast-completion) from host memory to cuda/dev[0]    |
[1790055266.731237] [local:3419 :0]   +--------------------------+------------------------------------+------------------------------------------------+
[1790055266.731238] [local:3419 :0]   |                   0..220 | short                              | rc_mlx5/mlx5_0:1/path0                         |
[1790055266.731251] [local:3419 :0]   |                221..9292 | copy-in                            | rc_mlx5/mlx5_0:1/path0                         |
[1790055266.731252] [local:3419 :0]   |                9293..inf | zero-copy                          | rc_mlx5/mlx5_0:1 50% on path0 and 50% on path1 |
[1790055266.731252] [local:3419 :0]   +--------------------------+------------------------------------+------------------------------------------------+
[1790055266.731355] [local:3419 :0]   +--------------------------+---------------------------------------------------------------------------+
[1790055266.731356] [local:3419 :0]   | ucp_context_0 self cfg#1 | remote memory write by ucp_put*(multi) from host memory to cuda/dev[0]    |
[1790055266.731356] [local:3419 :0]   +--------------------------+--------------------------+------------------------------------------------+
[1790055266.731357] [local:3419 :0]   |                   0..220 | short                    | rc_mlx5/mlx5_0:1/path0                         |
[1790055266.731357] [local:3419 :0]   |                221..1285 | copy-in                  | rc_mlx5/mlx5_0:1/path0                         |
[1790055266.731358] [local:3419 :0]   |                1286..inf | zero-copy                | rc_mlx5/mlx5_0:1 50% on path0 and 50% on path1 |
[1790055266.731358] [local:3419 :0]   +--------------------------+--------------------------+------------------------------------------------+
[1790055266.731644] [local:3419 :0]   +--------------------------+----------------------------------------------------+
[1790055266.731645] [local:3419 :0]   | ucp_context_0 self cfg#1 | active message by ucp_am_send* from host memory    |
[1790055266.731646] [local:3419 :0]   +--------------------------+---------------------------+------------------------+
[1790055266.731646] [local:3419 :0]   |                   0..226 | short                     | rc_mlx5/mlx5_0:1/path0 |
[1790055266.731647] [local:3419 :0]   |                 227..404 | copy-in                   | rc_mlx5/mlx5_0:1/path0 |
[1790055266.731647] [local:3419 :0]   |                405..8246 | zero-copy                 | rc_mlx5/mlx5_0:1/path0 |
[1790055266.731648] [local:3419 :0]   |                8247..inf | multi-frag zero-copy      | rc_mlx5/mlx5_0:1/path0 |
[1790055266.731648] [local:3419 :0]   +--------------------------+---------------------------+------------------------+
[1790055266.731840] [local:3419 :0]   +--------------------------+---------------------------------------------------------------------+
[1790055266.731841] [local:3419 :0]   | ucp_context_0 self cfg#1 | active message by ucp_am_send*(fast-completion) from host memory    |
[1790055266.731841] [local:3419 :0]   +--------------------------+--------------------------------------------+------------------------+
[1790055266.731842] [local:3419 :0]   |                   0..226 | short                                      | rc_mlx5/mlx5_0:1/path0 |
[1790055266.731842] [local:3419 :0]   |                227..8246 | copy-in                                    | rc_mlx5/mlx5_0:1/path0 |
[1790055266.731843] [local:3419 :0]   |               8247..9187 | multi-frag copy-in                         | rc_mlx5/mlx5_0:1/path0 |
[1790055266.731844] [local:3419 :0]   |                9188..inf | multi-frag zero-copy                       | rc_mlx5/mlx5_0:1/path0 |
[1790055266.731844] [local:3419 :0]   +--------------------------+--------------------------------------------+------------------------+
[1790055266.732431] [local:3419 :0]   +--------------------------+-----------------------------------------------------------+
[1790055266.732433] [local:3419 :0]   | ucp_context_0 self cfg#1 | active message by ucp_am_send*(multi) from host memory    |
[1790055266.732433] [local:3419 :0]   +--------------------------+----------------------------------+------------------------+
[1790055266.732434] [local:3419 :0]   |                   0..226 | short                            | rc_mlx5/mlx5_0:1/path0 |
[1790055266.732434] [local:3419 :0]   |                 227..440 | copy-in                          | rc_mlx5/mlx5_0:1/path0 |
[1790055266.732440] [local:3419 :0]   |                441..8246 | zero-copy                        | rc_mlx5/mlx5_0:1/path0 |
[1790055266.732441] [local:3419 :0]   |                8247..inf | multi-frag zero-copy             | rc_mlx5/mlx5_0:1/path0 |
[1790055266.732441] [local:3419 :0]   +--------------------------+----------------------------------+------------------------+
[1790055266.732619] [local:3419 :0]   +--------------------------+--------------------------------------------------------------------+
[1790055266.732619] [local:3419 :0]   | ucp_context_0 self cfg#1 | active message by ucp_am_send* with reply flag from host memory    |
[1790055266.732620] [local:3419 :0]   +--------------------------+-------------------------------------------+------------------------+
[1790055266.732620] [local:3419 :0]   |                   0..218 | short                                     | rc_mlx5/mlx5_0:1/path0 |
[1790055266.732621] [local:3419 :0]   |                 219..404 | copy-in                                   | rc_mlx5/mlx5_0:1/path0 |
[1790055266.732621] [local:3419 :0]   |                405..8238 | zero-copy                                 | rc_mlx5/mlx5_0:1/path0 |
[1790055266.732622] [local:3419 :0]   |                8239..inf | multi-frag zero-copy                      | rc_mlx5/mlx5_0:1/path0 |
[1790055266.732622] [local:3419 :0]   +--------------------------+-------------------------------------------+------------------------+
[1790055266.732792] [local:3419 :0]   +--------------------------+-------------------------------------------------------------------------------------+
[1790055266.732793] [local:3419 :0]   | ucp_context_0 self cfg#1 | active message by ucp_am_send* with reply flag(fast-completion) from host memory    |
[1790055266.732793] [local:3419 :0]   +--------------------------+------------------------------------------------------------+------------------------+
[1790055266.732794] [local:3419 :0]   |                   0..218 | short                                                      | rc_mlx5/mlx5_0:1/path0 |
[1790055266.732795] [local:3419 :0]   |                219..8238 | copy-in                                                    | rc_mlx5/mlx5_0:1/path0 |
[1790055266.732795] [local:3419 :0]   |               8239..9187 | multi-frag copy-in                                         | rc_mlx5/mlx5_0:1/path0 |
[1790055266.732796] [local:3419 :0]   |                9188..inf | multi-frag zero-copy                                       | rc_mlx5/mlx5_0:1/path0 |
[1790055266.732796] [local:3419 :0]   +--------------------------+------------------------------------------------------------+------------------------+
[1790055266.732980] [local:3419 :0]   +--------------------------+---------------------------------------------------------------------------+
[1790055266.732981] [local:3419 :0]   | ucp_context_0 self cfg#1 | active message by ucp_am_send* with reply flag(multi) from host memory    |
[1790055266.732981] [local:3419 :0]   +--------------------------+--------------------------------------------------+------------------------+
[1790055266.732982] [local:3419 :0]   |                   0..218 | short                                            | rc_mlx5/mlx5_0:1/path0 |
[1790055266.732982] [local:3419 :0]   |                 219..440 | copy-in                                          | rc_mlx5/mlx5_0:1/path0 |
[1790055266.732983] [local:3419 :0]   |                441..8238 | zero-copy                                        | rc_mlx5/mlx5_0:1/path0 |
[1790055266.732984] [local:3419 :0]   |                8239..inf | multi-frag zero-copy                             | rc_mlx5/mlx5_0:1/path0 |
[1790055266.732984] [local:3419 :0]   +--------------------------+--------------------------------------------------+------------------------+
[1790055266.804303] [local:3419 :0]      ucp_worker.c:1984 UCX  INFO    ucp_context_0 intra-node cfg#1 rma(rc_mlx5/mlx5_0:1)  amo(rc_mlx5/mlx5_0:1)  device(cuda_ipc/cuda rc_gda/cuda0-mlx5_0:1 rc_gda/cuda0-mlx5_0:1)  am(rc_mlx5/mlx5_0:1 rc_mlx5/mlx5_0:1 cuda_ipc/cuda)  ka(ud_mlx5/mlx5_0:1)
[1790055266.815987] [local:3419 :0]   +--------------------------------+-------------------------------------------------------------+
[1790055266.815991] [local:3419 :0]   | ucp_context_0 intra-node cfg#1 | remote memory write by ucp_put* from host memory to host    |
[1790055266.815992] [local:3419 :0]   +--------------------------------+------------+------------------------------------------------+
[1790055266.815992] [local:3419 :0]   |                         0..220 | short      | rc_mlx5/mlx5_0:1/path0                         |
[1790055266.815993] [local:3419 :0]   |                      221..1193 | copy-in    | rc_mlx5/mlx5_0:1/path0                         |
[1790055266.815994] [local:3419 :0]   |                      1194..inf | zero-copy  | rc_mlx5/mlx5_0:1 50% on path0 and 50% on path1 |
[1790055266.815994] [local:3419 :0]   +--------------------------------+------------+------------------------------------------------+
[1790055266.816095] [local:3419 :0]   +--------------------------------+------------------------------------------------------------------------------+
[1790055266.816096] [local:3419 :0]   | ucp_context_0 intra-node cfg#1 | remote memory write by ucp_put*(fast-completion) from host memory to host    |
[1790055266.816097] [local:3419 :0]   +--------------------------------+-----------------------------+------------------------------------------------+
[1790055266.816098] [local:3419 :0]   |                         0..220 | short                       | rc_mlx5/mlx5_0:1/path0                         |
[1790055266.816098] [local:3419 :0]   |                      221..9292 | copy-in                     | rc_mlx5/mlx5_0:1/path0                         |
[1790055266.816099] [local:3419 :0]   |                      9293..inf | zero-copy                   | rc_mlx5/mlx5_0:1 50% on path0 and 50% on path1 |
[1790055266.816100] [local:3419 :0]   +--------------------------------+-----------------------------+------------------------------------------------+
[1790055266.816170] [local:3419 :0]   +--------------------------------+--------------------------------------------------------------------+
[1790055266.816170] [local:3419 :0]   | ucp_context_0 intra-node cfg#1 | remote memory write by ucp_put*(multi) from host memory to host    |
[1790055266.816171] [local:3419 :0]   +--------------------------------+-------------------+------------------------------------------------+
[1790055266.816171] [local:3419 :0]   |                         0..220 | short             | rc_mlx5/mlx5_0:1/path0                         |
[1790055266.816172] [local:3419 :0]   |                      221..1285 | copy-in           | rc_mlx5/mlx5_0:1/path0                         |
[1790055266.816172] [local:3419 :0]   |                      1286..inf | zero-copy         | rc_mlx5/mlx5_0:1 50% on path0 and 50% on path1 |
[1790055266.816173] [local:3419 :0]   +--------------------------------+-------------------+------------------------------------------------+
[1790055266.816465] [local:3419 :0]   +--------------------------------+--------------------------------------------------------------------+
[1790055266.816466] [local:3419 :0]   | ucp_context_0 intra-node cfg#1 | remote memory write by ucp_put* from host memory to cuda/dev[0]    |
[1790055266.816467] [local:3419 :0]   +--------------------------------+-------------------+------------------------------------------------+
[1790055266.816468] [local:3419 :0]   |                         0..220 | short             | rc_mlx5/mlx5_0:1/path0                         |
[1790055266.816468] [local:3419 :0]   |                      221..1193 | copy-in           | rc_mlx5/mlx5_0:1/path0                         |
[1790055266.816469] [local:3419 :0]   |                      1194..inf | zero-copy         | rc_mlx5/mlx5_0:1 50% on path0 and 50% on path1 |
[1790055266.816469] [local:3419 :0]   +--------------------------------+-------------------+------------------------------------------------+
[1790055266.816560] [local:3419 :0]   +--------------------------------+-------------------------------------------------------------------------------------+
[1790055266.816560] [local:3419 :0]   | ucp_context_0 intra-node cfg#1 | remote memory write by ucp_put*(fast-completion) from host memory to cuda/dev[0]    |
[1790055266.816561] [local:3419 :0]   +--------------------------------+------------------------------------+------------------------------------------------+
[1790055266.816562] [local:3419 :0]   |                         0..220 | short                              | rc_mlx5/mlx5_0:1/path0                         |
[1790055266.816562] [local:3419 :0]   |                      221..9292 | copy-in                            | rc_mlx5/mlx5_0:1/path0                         |
[1790055266.816563] [local:3419 :0]   |                      9293..inf | zero-copy                          | rc_mlx5/mlx5_0:1 50% on path0 and 50% on path1 |
[1790055266.816563] [local:3419 :0]   +--------------------------------+------------------------------------+------------------------------------------------+
[1790055266.816641] [local:3419 :0]   +--------------------------------+---------------------------------------------------------------------------+
[1790055266.816642] [local:3419 :0]   | ucp_context_0 intra-node cfg#1 | remote memory write by ucp_put*(multi) from host memory to cuda/dev[0]    |
[1790055266.816643] [local:3419 :0]   +--------------------------------+--------------------------+------------------------------------------------+
[1790055266.816643] [local:3419 :0]   |                         0..220 | short                    | rc_mlx5/mlx5_0:1/path0                         |
[1790055266.816644] [local:3419 :0]   |                      221..1285 | copy-in                  | rc_mlx5/mlx5_0:1/path0                         |
[1790055266.816644] [local:3419 :0]   |                      1286..inf | zero-copy                | rc_mlx5/mlx5_0:1 50% on path0 and 50% on path1 |
[1790055266.816645] [local:3419 :0]   +--------------------------------+--------------------------+------------------------------------------------+
[1790055266.816881] [local:3419 :0]   +--------------------------------+----------------------------------------------------+
[1790055266.816882] [local:3419 :0]   | ucp_context_0 intra-node cfg#1 | active message by ucp_am_send* from host memory    |
[1790055266.816883] [local:3419 :0]   +--------------------------------+---------------------------+------------------------+
[1790055266.816883] [local:3419 :0]   |                         0..226 | short                     | rc_mlx5/mlx5_0:1/path0 |
[1790055266.816884] [local:3419 :0]   |                       227..404 | copy-in                   | rc_mlx5/mlx5_0:1/path0 |
[1790055266.816884] [local:3419 :0]   |                      405..8246 | zero-copy                 | rc_mlx5/mlx5_0:1/path0 |
[1790055266.816885] [local:3419 :0]   |                      8247..inf | multi-frag zero-copy      | rc_mlx5/mlx5_0:1/path0 |
[1790055266.816885] [local:3419 :0]   +--------------------------------+---------------------------+------------------------+
[1790055266.817036] [local:3419 :0]   +--------------------------------+---------------------------------------------------------------------+
[1790055266.817037] [local:3419 :0]   | ucp_context_0 intra-node cfg#1 | active message by ucp_am_send*(fast-completion) from host memory    |
[1790055266.817038] [local:3419 :0]   +--------------------------------+--------------------------------------------+------------------------+
[1790055266.817038] [local:3419 :0]   |                         0..226 | short                                      | rc_mlx5/mlx5_0:1/path0 |
[1790055266.817039] [local:3419 :0]   |                      227..8246 | copy-in                                    | rc_mlx5/mlx5_0:1/path0 |
[1790055266.817039] [local:3419 :0]   |                     8247..9187 | multi-frag copy-in                         | rc_mlx5/mlx5_0:1/path0 |
[1790055266.817040] [local:3419 :0]   |                      9188..inf | multi-frag zero-copy                       | rc_mlx5/mlx5_0:1/path0 |
[1790055266.817043] [local:3419 :0]   +--------------------------------+--------------------------------------------+------------------------+
[1790055266.817552] [local:3419 :0]   +--------------------------------+-----------------------------------------------------------+
[1790055266.817553] [local:3419 :0]   | ucp_context_0 intra-node cfg#1 | active message by ucp_am_send*(multi) from host memory    |
[1790055266.817554] [local:3419 :0]   +--------------------------------+----------------------------------+------------------------+
[1790055266.817554] [local:3419 :0]   |                         0..226 | short                            | rc_mlx5/mlx5_0:1/path0 |
[1790055266.817555] [local:3419 :0]   |                       227..440 | copy-in                          | rc_mlx5/mlx5_0:1/path0 |
[1790055266.817555] [local:3419 :0]   |                      441..8246 | zero-copy                        | rc_mlx5/mlx5_0:1/path0 |
[1790055266.817556] [local:3419 :0]   |                      8247..inf | multi-frag zero-copy             | rc_mlx5/mlx5_0:1/path0 |
[1790055266.817556] [local:3419 :0]   +--------------------------------+----------------------------------+------------------------+
[1790055266.817717] [local:3419 :0]   +--------------------------------+--------------------------------------------------------------------+
[1790055266.817718] [local:3419 :0]   | ucp_context_0 intra-node cfg#1 | active message by ucp_am_send* with reply flag from host memory    |
[1790055266.817718] [local:3419 :0]   +--------------------------------+-------------------------------------------+------------------------+
[1790055266.817719] [local:3419 :0]   |                         0..218 | short                                     | rc_mlx5/mlx5_0:1/path0 |
[1790055266.817719] [local:3419 :0]   |                       219..404 | copy-in                                   | rc_mlx5/mlx5_0:1/path0 |
[1790055266.817720] [local:3419 :0]   |                      405..8238 | zero-copy                                 | rc_mlx5/mlx5_0:1/path0 |
[1790055266.817720] [local:3419 :0]   |                      8239..inf | multi-frag zero-copy                      | rc_mlx5/mlx5_0:1/path0 |
[1790055266.817721] [local:3419 :0]   +--------------------------------+-------------------------------------------+------------------------+
[1790055266.817876] [local:3419 :0]   +--------------------------------+-------------------------------------------------------------------------------------+
[1790055266.817876] [local:3419 :0]   | ucp_context_0 intra-node cfg#1 | active message by ucp_am_send* with reply flag(fast-completion) from host memory    |
[1790055266.817877] [local:3419 :0]   +--------------------------------+------------------------------------------------------------+------------------------+
[1790055266.817878] [local:3419 :0]   |                         0..218 | short                                                      | rc_mlx5/mlx5_0:1/path0 |
[1790055266.817878] [local:3419 :0]   |                      219..8238 | copy-in                                                    | rc_mlx5/mlx5_0:1/path0 |
[1790055266.817879] [local:3419 :0]   |                     8239..9187 | multi-frag copy-in                                         | rc_mlx5/mlx5_0:1/path0 |
[1790055266.817879] [local:3419 :0]   |                      9188..inf | multi-frag zero-copy                                       | rc_mlx5/mlx5_0:1/path0 |
[1790055266.817880] [local:3419 :0]   +--------------------------------+------------------------------------------------------------+------------------------+
[1790055266.818056] [local:3419 :0]   +--------------------------------+---------------------------------------------------------------------------+
[1790055266.818057] [local:3419 :0]   | ucp_context_0 intra-node cfg#1 | active message by ucp_am_send* with reply flag(multi) from host memory    |
[1790055266.818058] [local:3419 :0]   +--------------------------------+--------------------------------------------------+------------------------+
[1790055266.818062] [local:3419 :0]   |                         0..218 | short                                            | rc_mlx5/mlx5_0:1/path0 |
[1790055266.818063] [local:3419 :0]   |                       219..440 | copy-in                                          | rc_mlx5/mlx5_0:1/path0 |
[1790055266.818063] [local:3419 :0]   |                      441..8238 | zero-copy                                        | rc_mlx5/mlx5_0:1/path0 |
[1790055266.818064] [local:3419 :0]   |                      8239..inf | multi-frag zero-copy                             | rc_mlx5/mlx5_0:1/path0 |
[1790055266.818064] [local:3419 :0]   +--------------------------------+--------------------------------------------------+------------------------+
[1790055266.888575] [local:3419 :0]      ucp_worker.c:1984 UCX  INFO    ucp_context_0 intra-node cfg#1 rma(rc_mlx5/mlx5_0:1)  amo(rc_mlx5/mlx5_0:1)  device(cuda_ipc/cuda rc_gda/cuda0-mlx5_0:1 rc_gda/cuda0-mlx5_0:1)  am(rc_mlx5/mlx5_0:1 rc_mlx5/mlx5_0:1 cuda_ipc/cuda)  ka(ud_mlx5/mlx5_0:1)
[1790055266.897958] [local:3419 :0]   +--------------------------------+-------------------------------------------------------------+
[1790055266.897961] [local:3419 :0]   | ucp_context_0 intra-node cfg#1 | remote memory write by ucp_put* from host memory to host    |
[1790055266.897962] [local:3419 :0]   +--------------------------------+------------+------------------------------------------------+
[1790055266.897963] [local:3419 :0]   |                         0..220 | short      | rc_mlx5/mlx5_0:1/path0                         |
[1790055266.897963] [local:3419 :0]   |                      221..1193 | copy-in    | rc_mlx5/mlx5_0:1/path0                         |
[1790055266.897964] [local:3419 :0]   |                      1194..inf | zero-copy  | rc_mlx5/mlx5_0:1 50% on path0 and 50% on path1 |
[1790055266.897964] [local:3419 :0]   +--------------------------------+------------+------------------------------------------------+
[1790055266.898049] [local:3419 :0]   +--------------------------------+------------------------------------------------------------------------------+
[1790055266.898050] [local:3419 :0]   | ucp_context_0 intra-node cfg#1 | remote memory write by ucp_put*(fast-completion) from host memory to host    |
[1790055266.898051] [local:3419 :0]   +--------------------------------+-----------------------------+------------------------------------------------+
[1790055266.898051] [local:3419 :0]   |                         0..220 | short                       | rc_mlx5/mlx5_0:1/path0                         |
[1790055266.898052] [local:3419 :0]   |                      221..9292 | copy-in                     | rc_mlx5/mlx5_0:1/path0                         |
[1790055266.898053] [local:3419 :0]   |                      9293..inf | zero-copy                   | rc_mlx5/mlx5_0:1 50% on path0 and 50% on path1 |
[1790055266.898053] [local:3419 :0]   +--------------------------------+-----------------------------+------------------------------------------------+
[1790055266.898119] [local:3419 :0]   +--------------------------------+--------------------------------------------------------------------+
[1790055266.898120] [local:3419 :0]   | ucp_context_0 intra-node cfg#1 | remote memory write by ucp_put*(multi) from host memory to host    |
[1790055266.898121] [local:3419 :0]   +--------------------------------+-------------------+------------------------------------------------+
[1790055266.898121] [local:3419 :0]   |                         0..220 | short             | rc_mlx5/mlx5_0:1/path0                         |
[1790055266.898122] [local:3419 :0]   |                      221..1285 | copy-in           | rc_mlx5/mlx5_0:1/path0                         |
[1790055266.898122] [local:3419 :0]   |                      1286..inf | zero-copy         | rc_mlx5/mlx5_0:1 50% on path0 and 50% on path1 |
[1790055266.898123] [local:3419 :0]   +--------------------------------+-------------------+------------------------------------------------+
[1790055266.898404] [local:3419 :0]   +--------------------------------+--------------------------------------------------------------------+
[1790055266.898405] [local:3419 :0]   | ucp_context_0 intra-node cfg#1 | remote memory write by ucp_put* from host memory to cuda/dev[0]    |
[1790055266.898406] [local:3419 :0]   +--------------------------------+-------------------+------------------------------------------------+
[1790055266.898406] [local:3419 :0]   |                         0..220 | short             | rc_mlx5/mlx5_0:1/path0                         |
[1790055266.898407] [local:3419 :0]   |                      221..1193 | copy-in           | rc_mlx5/mlx5_0:1/path0                         |
[1790055266.898407] [local:3419 :0]   |                      1194..inf | zero-copy         | rc_mlx5/mlx5_0:1 50% on path0 and 50% on path1 |
[1790055266.898408] [local:3419 :0]   +--------------------------------+-------------------+------------------------------------------------+
[1790055266.898466] [local:3419 :0]   +--------------------------------+-------------------------------------------------------------------------------------+
[1790055266.898466] [local:3419 :0]   | ucp_context_0 intra-node cfg#1 | remote memory write by ucp_put*(fast-completion) from host memory to cuda/dev[0]    |
[1790055266.898467] [local:3419 :0]   +--------------------------------+------------------------------------+------------------------------------------------+
[1790055266.898468] [local:3419 :0]   |                         0..220 | short                              | rc_mlx5/mlx5_0:1/path0                         |
[1790055266.898468] [local:3419 :0]   |                      221..9292 | copy-in                            | rc_mlx5/mlx5_0:1/path0                         |
[1790055266.898469] [local:3419 :0]   |                      9293..inf | zero-copy                          | rc_mlx5/mlx5_0:1 50% on path0 and 50% on path1 |
[1790055266.898469] [local:3419 :0]   +--------------------------------+------------------------------------+------------------------------------------------+
[1790055266.898534] [local:3419 :0]   +--------------------------------+---------------------------------------------------------------------------+
[1790055266.898535] [local:3419 :0]   | ucp_context_0 intra-node cfg#1 | remote memory write by ucp_put*(multi) from host memory to cuda/dev[0]    |
[1790055266.898535] [local:3419 :0]   +--------------------------------+--------------------------+------------------------------------------------+
[1790055266.898536] [local:3419 :0]   |                         0..220 | short                    | rc_mlx5/mlx5_0:1/path0                         |
[1790055266.898536] [local:3419 :0]   |                      221..1285 | copy-in                  | rc_mlx5/mlx5_0:1/path0                         |
[1790055266.898537] [local:3419 :0]   |                      1286..inf | zero-copy                | rc_mlx5/mlx5_0:1 50% on path0 and 50% on path1 |
[1790055266.898537] [local:3419 :0]   +--------------------------------+--------------------------+------------------------------------------------+
[1790055266.898740] [local:3419 :0]   +--------------------------------+----------------------------------------------------+
[1790055266.898741] [local:3419 :0]   | ucp_context_0 intra-node cfg#1 | active message by ucp_am_send* from host memory    |
[1790055266.898741] [local:3419 :0]   +--------------------------------+---------------------------+------------------------+
[1790055266.898742] [local:3419 :0]   |                         0..226 | short                     | rc_mlx5/mlx5_0:1/path0 |
[1790055266.898742] [local:3419 :0]   |                       227..404 | copy-in                   | rc_mlx5/mlx5_0:1/path0 |
[1790055266.898743] [local:3419 :0]   |                      405..8246 | zero-copy                 | rc_mlx5/mlx5_0:1/path0 |
[1790055266.898743] [local:3419 :0]   |                      8247..inf | multi-frag zero-copy      | rc_mlx5/mlx5_0:1/path0 |
[1790055266.898744] [local:3419 :0]   +--------------------------------+---------------------------+------------------------+
[1790055266.898875] [local:3419 :0]   +--------------------------------+---------------------------------------------------------------------+
[1790055266.898876] [local:3419 :0]   | ucp_context_0 intra-node cfg#1 | active message by ucp_am_send*(fast-completion) from host memory    |
[1790055266.898877] [local:3419 :0]   +--------------------------------+--------------------------------------------+------------------------+
[1790055266.898877] [local:3419 :0]   |                         0..226 | short                                      | rc_mlx5/mlx5_0:1/path0 |
[1790055266.898878] [local:3419 :0]   |                      227..8246 | copy-in                                    | rc_mlx5/mlx5_0:1/path0 |
[1790055266.898878] [local:3419 :0]   |                     8247..9187 | multi-frag copy-in                         | rc_mlx5/mlx5_0:1/path0 |
[1790055266.898878] [local:3419 :0]   |                      9188..inf | multi-frag zero-copy                       | rc_mlx5/mlx5_0:1/path0 |
[1790055266.898879] [local:3419 :0]   +--------------------------------+--------------------------------------------+------------------------+
[1790055266.899317] [local:3419 :0]   +--------------------------------+-----------------------------------------------------------+
[1790055266.899317] [local:3419 :0]   | ucp_context_0 intra-node cfg#1 | active message by ucp_am_send*(multi) from host memory    |
[1790055266.899318] [local:3419 :0]   +--------------------------------+----------------------------------+------------------------+
[1790055266.899318] [local:3419 :0]   |                         0..226 | short                            | rc_mlx5/mlx5_0:1/path0 |
[1790055266.899319] [local:3419 :0]   |                       227..440 | copy-in                          | rc_mlx5/mlx5_0:1/path0 |
[1790055266.899319] [local:3419 :0]   |                      441..8246 | zero-copy                        | rc_mlx5/mlx5_0:1/path0 |
[1790055266.899320] [local:3419 :0]   |                      8247..inf | multi-frag zero-copy             | rc_mlx5/mlx5_0:1/path0 |
[1790055266.899320] [local:3419 :0]   +--------------------------------+----------------------------------+------------------------+
[1790055266.899463] [local:3419 :0]   +--------------------------------+--------------------------------------------------------------------+
[1790055266.899464] [local:3419 :0]   | ucp_context_0 intra-node cfg#1 | active message by ucp_am_send* with reply flag from host memory    |
[1790055266.899464] [local:3419 :0]   +--------------------------------+-------------------------------------------+------------------------+
[1790055266.899465] [local:3419 :0]   |                         0..218 | short                                     | rc_mlx5/mlx5_0:1/path0 |
[1790055266.899465] [local:3419 :0]   |                       219..404 | copy-in                                   | rc_mlx5/mlx5_0:1/path0 |
[1790055266.899466] [local:3419 :0]   |                      405..8238 | zero-copy                                 | rc_mlx5/mlx5_0:1/path0 |
[1790055266.899466] [local:3419 :0]   |                      8239..inf | multi-frag zero-copy                      | rc_mlx5/mlx5_0:1/path0 |
[1790055266.899467] [local:3419 :0]   +--------------------------------+-------------------------------------------+------------------------+
[1790055266.899606] [local:3419 :0]   +--------------------------------+-------------------------------------------------------------------------------------+
[1790055266.899607] [local:3419 :0]   | ucp_context_0 intra-node cfg#1 | active message by ucp_am_send* with reply flag(fast-completion) from host memory    |
[1790055266.899607] [local:3419 :0]   +--------------------------------+------------------------------------------------------------+------------------------+
[1790055266.899608] [local:3419 :0]   |                         0..218 | short                                                      | rc_mlx5/mlx5_0:1/path0 |
[1790055266.899608] [local:3419 :0]   |                      219..8238 | copy-in                                                    | rc_mlx5/mlx5_0:1/path0 |
[1790055266.899614] [local:3419 :0]   |                     8239..9187 | multi-frag copy-in                                         | rc_mlx5/mlx5_0:1/path0 |
[1790055266.899614] [local:3419 :0]   |                      9188..inf | multi-frag zero-copy                                       | rc_mlx5/mlx5_0:1/path0 |
[1790055266.899615] [local:3419 :0]   +--------------------------------+------------------------------------------------------------+------------------------+
[1790055266.899771] [local:3419 :0]   +--------------------------------+---------------------------------------------------------------------------+
[1790055266.899771] [local:3419 :0]   | ucp_context_0 intra-node cfg#1 | active message by ucp_am_send* with reply flag(multi) from host memory    |
[1790055266.899772] [local:3419 :0]   +--------------------------------+--------------------------------------------------+------------------------+
[1790055266.899772] [local:3419 :0]   |                         0..218 | short                                            | rc_mlx5/mlx5_0:1/path0 |
[1790055266.899773] [local:3419 :0]   |                       219..440 | copy-in                                          | rc_mlx5/mlx5_0:1/path0 |
[1790055266.899773] [local:3419 :0]   |                      441..8238 | zero-copy                                        | rc_mlx5/mlx5_0:1/path0 |
[1790055266.899774] [local:3419 :0]   |                      8239..inf | multi-frag zero-copy                             | rc_mlx5/mlx5_0:1/path0 |
[1790055266.899774] [local:3419 :0]   +--------------------------------+--------------------------------------------------+------------------------+
[1790055266.970052] [local:3419 :0]      ucp_worker.c:1984 UCX  INFO    ucp_context_0 intra-node cfg#1 rma(rc_mlx5/mlx5_0:1)  amo(rc_mlx5/mlx5_0:1)  device(cuda_ipc/cuda rc_gda/cuda0-mlx5_0:1 rc_gda/cuda0-mlx5_0:1)  am(rc_mlx5/mlx5_0:1 rc_mlx5/mlx5_0:1 cuda_ipc/cuda)  ka(ud_mlx5/mlx5_0:1)
[1790055266.979582] [local:3419 :0]   +--------------------------------+-------------------------------------------------------------+
[1790055266.979585] [local:3419 :0]   | ucp_context_0 intra-node cfg#1 | remote memory write by ucp_put* from host memory to host    |
[1790055266.979586] [local:3419 :0]   +--------------------------------+------------+------------------------------------------------+
[1790055266.979586] [local:3419 :0]   |                         0..220 | short      | rc_mlx5/mlx5_0:1/path0                         |
[1790055266.979587] [local:3419 :0]   |                      221..1193 | copy-in    | rc_mlx5/mlx5_0:1/path0                         |
[1790055266.979588] [local:3419 :0]   |                      1194..inf | zero-copy  | rc_mlx5/mlx5_0:1 50% on path0 and 50% on path1 |
[1790055266.979588] [local:3419 :0]   +--------------------------------+------------+------------------------------------------------+
[1790055266.979672] [local:3419 :0]   +--------------------------------+------------------------------------------------------------------------------+
[1790055266.979673] [local:3419 :0]   | ucp_context_0 intra-node cfg#1 | remote memory write by ucp_put*(fast-completion) from host memory to host    |
[1790055266.979674] [local:3419 :0]   +--------------------------------+-----------------------------+------------------------------------------------+
[1790055266.979675] [local:3419 :0]   |                         0..220 | short                       | rc_mlx5/mlx5_0:1/path0                         |
[1790055266.979675] [local:3419 :0]   |                      221..9292 | copy-in                     | rc_mlx5/mlx5_0:1/path0                         |
[1790055266.979676] [local:3419 :0]   |                      9293..inf | zero-copy                   | rc_mlx5/mlx5_0:1 50% on path0 and 50% on path1 |
[1790055266.979676] [local:3419 :0]   +--------------------------------+-----------------------------+------------------------------------------------+
[1790055266.979745] [local:3419 :0]   +--------------------------------+--------------------------------------------------------------------+
[1790055266.979758] [local:3419 :0]   | ucp_context_0 intra-node cfg#1 | remote memory write by ucp_put*(multi) from host memory to host    |
[1790055266.979759] [local:3419 :0]   +--------------------------------+-------------------+------------------------------------------------+
[1790055266.979759] [local:3419 :0]   |                         0..220 | short             | rc_mlx5/mlx5_0:1/path0                         |
[1790055266.979760] [local:3419 :0]   |                      221..1285 | copy-in           | rc_mlx5/mlx5_0:1/path0                         |
[1790055266.979760] [local:3419 :0]   |                      1286..inf | zero-copy         | rc_mlx5/mlx5_0:1 50% on path0 and 50% on path1 |
[1790055266.979761] [local:3419 :0]   +--------------------------------+-------------------+------------------------------------------------+
[1790055266.980020] [local:3419 :0]   +--------------------------------+--------------------------------------------------------------------+
[1790055266.980021] [local:3419 :0]   | ucp_context_0 intra-node cfg#1 | remote memory write by ucp_put* from host memory to cuda/dev[0]    |
[1790055266.980022] [local:3419 :0]   +--------------------------------+-------------------+------------------------------------------------+
[1790055266.980022] [local:3419 :0]   |                         0..220 | short             | rc_mlx5/mlx5_0:1/path0                         |
[1790055266.980023] [local:3419 :0]   |                      221..1193 | copy-in           | rc_mlx5/mlx5_0:1/path0                         |
[1790055266.980023] [local:3419 :0]   |                      1194..inf | zero-copy         | rc_mlx5/mlx5_0:1 50% on path0 and 50% on path1 |
[1790055266.980024] [local:3419 :0]   +--------------------------------+-------------------+------------------------------------------------+
[1790055266.980086] [local:3419 :0]   +--------------------------------+-------------------------------------------------------------------------------------+
[1790055266.980086] [local:3419 :0]   | ucp_context_0 intra-node cfg#1 | remote memory write by ucp_put*(fast-completion) from host memory to cuda/dev[0]    |
[1790055266.980087] [local:3419 :0]   +--------------------------------+------------------------------------+------------------------------------------------+
[1790055266.980088] [local:3419 :0]   |                         0..220 | short                              | rc_mlx5/mlx5_0:1/path0                         |
[1790055266.980088] [local:3419 :0]   |                      221..9292 | copy-in                            | rc_mlx5/mlx5_0:1/path0                         |
[1790055266.980089] [local:3419 :0]   |                      9293..inf | zero-copy                          | rc_mlx5/mlx5_0:1 50% on path0 and 50% on path1 |
[1790055266.980089] [local:3419 :0]   +--------------------------------+------------------------------------+------------------------------------------------+
[1790055266.980152] [local:3419 :0]   +--------------------------------+---------------------------------------------------------------------------+
[1790055266.980153] [local:3419 :0]   | ucp_context_0 intra-node cfg#1 | remote memory write by ucp_put*(multi) from host memory to cuda/dev[0]    |
[1790055266.980153] [local:3419 :0]   +--------------------------------+--------------------------+------------------------------------------------+
[1790055266.980154] [local:3419 :0]   |                         0..220 | short                    | rc_mlx5/mlx5_0:1/path0                         |
[1790055266.980155] [local:3419 :0]   |                      221..1285 | copy-in                  | rc_mlx5/mlx5_0:1/path0                         |
[1790055266.980155] [local:3419 :0]   |                      1286..inf | zero-copy                | rc_mlx5/mlx5_0:1 50% on path0 and 50% on path1 |
[1790055266.980156] [local:3419 :0]   +--------------------------------+--------------------------+------------------------------------------------+
[1790055266.980379] [local:3419 :0]   +--------------------------------+----------------------------------------------------+
[1790055266.980380] [local:3419 :0]   | ucp_context_0 intra-node cfg#1 | active message by ucp_am_send* from host memory    |
[1790055266.980381] [local:3419 :0]   +--------------------------------+---------------------------+------------------------+
[1790055266.980381] [local:3419 :0]   |                         0..226 | short                     | rc_mlx5/mlx5_0:1/path0 |
[1790055266.980382] [local:3419 :0]   |                       227..404 | copy-in                   | rc_mlx5/mlx5_0:1/path0 |
[1790055266.980382] [local:3419 :0]   |                      405..8246 | zero-copy                 | rc_mlx5/mlx5_0:1/path0 |
[1790055266.980383] [local:3419 :0]   |                      8247..inf | multi-frag zero-copy      | rc_mlx5/mlx5_0:1/path0 |
[1790055266.980383] [local:3419 :0]   +--------------------------------+---------------------------+------------------------+
[1790055266.980520] [local:3419 :0]   +--------------------------------+---------------------------------------------------------------------+
[1790055266.980520] [local:3419 :0]   | ucp_context_0 intra-node cfg#1 | active message by ucp_am_send*(fast-completion) from host memory    |
[1790055266.980521] [local:3419 :0]   +--------------------------------+--------------------------------------------+------------------------+
[1790055266.980521] [local:3419 :0]   |                         0..226 | short                                      | rc_mlx5/mlx5_0:1/path0 |
[1790055266.980522] [local:3419 :0]   |                      227..8246 | copy-in                                    | rc_mlx5/mlx5_0:1/path0 |
[1790055266.980522] [local:3419 :0]   |                     8247..9187 | multi-frag copy-in                         | rc_mlx5/mlx5_0:1/path0 |
[1790055266.980523] [local:3419 :0]   |                      9188..inf | multi-frag zero-copy                       | rc_mlx5/mlx5_0:1/path0 |
[1790055266.980523] [local:3419 :0]   +--------------------------------+--------------------------------------------+------------------------+
[1790055266.980975] [local:3419 :0]   +--------------------------------+-----------------------------------------------------------+
[1790055266.980976] [local:3419 :0]   | ucp_context_0 intra-node cfg#1 | active message by ucp_am_send*(multi) from host memory    |
[1790055266.980976] [local:3419 :0]   +--------------------------------+----------------------------------+------------------------+
[1790055266.980977] [local:3419 :0]   |                         0..226 | short                            | rc_mlx5/mlx5_0:1/path0 |
[1790055266.980977] [local:3419 :0]   |                       227..440 | copy-in                          | rc_mlx5/mlx5_0:1/path0 |
[1790055266.980978] [local:3419 :0]   |                      441..8246 | zero-copy                        | rc_mlx5/mlx5_0:1/path0 |
[1790055266.980978] [local:3419 :0]   |                      8247..inf | multi-frag zero-copy             | rc_mlx5/mlx5_0:1/path0 |
[1790055266.980979] [local:3419 :0]   +--------------------------------+----------------------------------+------------------------+
[1790055266.981111] [local:3419 :0]   +--------------------------------+--------------------------------------------------------------------+
[1790055266.981112] [local:3419 :0]   | ucp_context_0 intra-node cfg#1 | active message by ucp_am_send* with reply flag from host memory    |
[1790055266.981113] [local:3419 :0]   +--------------------------------+-------------------------------------------+------------------------+
[1790055266.981113] [local:3419 :0]   |                         0..218 | short                                     | rc_mlx5/mlx5_0:1/path0 |
[1790055266.981114] [local:3419 :0]   |                       219..404 | copy-in                                   | rc_mlx5/mlx5_0:1/path0 |
[1790055266.981114] [local:3419 :0]   |                      405..8238 | zero-copy                                 | rc_mlx5/mlx5_0:1/path0 |
[1790055266.981119] [local:3419 :0]   |                      8239..inf | multi-frag zero-copy                      | rc_mlx5/mlx5_0:1/path0 |
[1790055266.981120] [local:3419 :0]   +--------------------------------+-------------------------------------------+------------------------+
[1790055266.981246] [local:3419 :0]   +--------------------------------+-------------------------------------------------------------------------------------+
[1790055266.981247] [local:3419 :0]   | ucp_context_0 intra-node cfg#1 | active message by ucp_am_send* with reply flag(fast-completion) from host memory    |
[1790055266.981247] [local:3419 :0]   +--------------------------------+------------------------------------------------------------+------------------------+
[1790055266.981248] [local:3419 :0]   |                         0..218 | short                                                      | rc_mlx5/mlx5_0:1/path0 |
[1790055266.981248] [local:3419 :0]   |                      219..8238 | copy-in                                                    | rc_mlx5/mlx5_0:1/path0 |
[1790055266.981249] [local:3419 :0]   |                     8239..9187 | multi-frag copy-in                                         | rc_mlx5/mlx5_0:1/path0 |
[1790055266.981249] [local:3419 :0]   |                      9188..inf | multi-frag zero-copy                                       | rc_mlx5/mlx5_0:1/path0 |
[1790055266.981250] [local:3419 :0]   +--------------------------------+------------------------------------------------------------+------------------------+
[1790055266.981408] [local:3419 :0]   +--------------------------------+---------------------------------------------------------------------------+
[1790055266.981409] [local:3419 :0]   | ucp_context_0 intra-node cfg#1 | active message by ucp_am_send* with reply flag(multi) from host memory    |
[1790055266.981409] [local:3419 :0]   +--------------------------------+--------------------------------------------------+------------------------+
[1790055266.981410] [local:3419 :0]   |                         0..218 | short                                            | rc_mlx5/mlx5_0:1/path0 |
[1790055266.981410] [local:3419 :0]   |                       219..440 | copy-in                                          | rc_mlx5/mlx5_0:1/path0 |
[1790055266.981411] [local:3419 :0]   |                      441..8238 | zero-copy                                        | rc_mlx5/mlx5_0:1/path0 |
[1790055266.981411] [local:3419 :0]   |                      8239..inf | multi-frag zero-copy                             | rc_mlx5/mlx5_0:1/path0 |
[1790055266.981412] [local:3419 :0]   +--------------------------------+--------------------------------------------------+------------------------+
[1790055267.051507] [local:3419 :0]      ucp_worker.c:1984 UCX  INFO    ucp_context_0 intra-node cfg#1 rma(rc_mlx5/mlx5_0:1)  amo(rc_mlx5/mlx5_0:1)  device(cuda_ipc/cuda rc_gda/cuda0-mlx5_0:1 rc_gda/cuda0-mlx5_0:1)  am(rc_mlx5/mlx5_0:1 rc_mlx5/mlx5_0:1 cuda_ipc/cuda)  ka(ud_mlx5/mlx5_0:1)
[1790055267.061068] [local:3419 :0]   +--------------------------------+-------------------------------------------------------------+
[1790055267.061071] [local:3419 :0]   | ucp_context_0 intra-node cfg#1 | remote memory write by ucp_put* from host memory to host    |
[1790055267.061072] [local:3419 :0]   +--------------------------------+------------+------------------------------------------------+
[1790055267.061073] [local:3419 :0]   |                         0..220 | short      | rc_mlx5/mlx5_0:1/path0                         |
[1790055267.061073] [local:3419 :0]   |                      221..1193 | copy-in    | rc_mlx5/mlx5_0:1/path0                         |
[1790055267.061074] [local:3419 :0]   |                      1194..inf | zero-copy  | rc_mlx5/mlx5_0:1 50% on path0 and 50% on path1 |
[1790055267.061075] [local:3419 :0]   +--------------------------------+------------+------------------------------------------------+
[1790055267.061162] [local:3419 :0]   +--------------------------------+------------------------------------------------------------------------------+
[1790055267.061176] [local:3419 :0]   | ucp_context_0 intra-node cfg#1 | remote memory write by ucp_put*(fast-completion) from host memory to host    |
[1790055267.061177] [local:3419 :0]   +--------------------------------+-----------------------------+------------------------------------------------+
[1790055267.061177] [local:3419 :0]   |                         0..220 | short                       | rc_mlx5/mlx5_0:1/path0                         |
[1790055267.061178] [local:3419 :0]   |                      221..9292 | copy-in                     | rc_mlx5/mlx5_0:1/path0                         |
[1790055267.061179] [local:3419 :0]   |                      9293..inf | zero-copy                   | rc_mlx5/mlx5_0:1 50% on path0 and 50% on path1 |
[1790055267.061179] [local:3419 :0]   +--------------------------------+-----------------------------+------------------------------------------------+
[1790055267.061244] [local:3419 :0]   +--------------------------------+--------------------------------------------------------------------+
[1790055267.061245] [local:3419 :0]   | ucp_context_0 intra-node cfg#1 | remote memory write by ucp_put*(multi) from host memory to host    |
[1790055267.061246] [local:3419 :0]   +--------------------------------+-------------------+------------------------------------------------+
[1790055267.061246] [local:3419 :0]   |                         0..220 | short             | rc_mlx5/mlx5_0:1/path0                         |
[1790055267.061247] [local:3419 :0]   |                      221..1285 | copy-in           | rc_mlx5/mlx5_0:1/path0                         |
[1790055267.061247] [local:3419 :0]   |                      1286..inf | zero-copy         | rc_mlx5/mlx5_0:1 50% on path0 and 50% on path1 |
[1790055267.061248] [local:3419 :0]   +--------------------------------+-------------------+------------------------------------------------+
[1790055267.061522] [local:3419 :0]   +--------------------------------+--------------------------------------------------------------------+
[1790055267.061523] [local:3419 :0]   | ucp_context_0 intra-node cfg#1 | remote memory write by ucp_put* from host memory to cuda/dev[0]    |
[1790055267.061523] [local:3419 :0]   +--------------------------------+-------------------+------------------------------------------------+
[1790055267.061524] [local:3419 :0]   |                         0..220 | short             | rc_mlx5/mlx5_0:1/path0                         |
[1790055267.061524] [local:3419 :0]   |                      221..1193 | copy-in           | rc_mlx5/mlx5_0:1/path0                         |
[1790055267.061525] [local:3419 :0]   |                      1194..inf | zero-copy         | rc_mlx5/mlx5_0:1 50% on path0 and 50% on path1 |
[1790055267.061525] [local:3419 :0]   +--------------------------------+-------------------+------------------------------------------------+
[1790055267.061583] [local:3419 :0]   +--------------------------------+-------------------------------------------------------------------------------------+
[1790055267.061584] [local:3419 :0]   | ucp_context_0 intra-node cfg#1 | remote memory write by ucp_put*(fast-completion) from host memory to cuda/dev[0]    |
[1790055267.061584] [local:3419 :0]   +--------------------------------+------------------------------------+------------------------------------------------+
[1790055267.061585] [local:3419 :0]   |                         0..220 | short                              | rc_mlx5/mlx5_0:1/path0                         |
[1790055267.061586] [local:3419 :0]   |                      221..9292 | copy-in                            | rc_mlx5/mlx5_0:1/path0                         |
[1790055267.061586] [local:3419 :0]   |                      9293..inf | zero-copy                          | rc_mlx5/mlx5_0:1 50% on path0 and 50% on path1 |
[1790055267.061587] [local:3419 :0]   +--------------------------------+------------------------------------+------------------------------------------------+
[1790055267.061653] [local:3419 :0]   +--------------------------------+---------------------------------------------------------------------------+
[1790055267.061658] [local:3419 :0]   | ucp_context_0 intra-node cfg#1 | remote memory write by ucp_put*(multi) from host memory to cuda/dev[0]    |
[1790055267.061658] [local:3419 :0]   +--------------------------------+--------------------------+------------------------------------------------+
[1790055267.061659] [local:3419 :0]   |                         0..220 | short                    | rc_mlx5/mlx5_0:1/path0                         |
[1790055267.061660] [local:3419 :0]   |                      221..1285 | copy-in                  | rc_mlx5/mlx5_0:1/path0                         |
[1790055267.061660] [local:3419 :0]   |                      1286..inf | zero-copy                | rc_mlx5/mlx5_0:1 50% on path0 and 50% on path1 |
[1790055267.061661] [local:3419 :0]   +--------------------------------+--------------------------+------------------------------------------------+
[1790055267.061865] [local:3419 :0]   +--------------------------------+----------------------------------------------------+
[1790055267.061866] [local:3419 :0]   | ucp_context_0 intra-node cfg#1 | active message by ucp_am_send* from host memory    |
[1790055267.061866] [local:3419 :0]   +--------------------------------+---------------------------+------------------------+
[1790055267.061867] [local:3419 :0]   |                         0..226 | short                     | rc_mlx5/mlx5_0:1/path0 |
[1790055267.061867] [local:3419 :0]   |                       227..404 | copy-in                   | rc_mlx5/mlx5_0:1/path0 |
[1790055267.061868] [local:3419 :0]   |                      405..8246 | zero-copy                 | rc_mlx5/mlx5_0:1/path0 |
[1790055267.061868] [local:3419 :0]   |                      8247..inf | multi-frag zero-copy      | rc_mlx5/mlx5_0:1/path0 |
[1790055267.061869] [local:3419 :0]   +--------------------------------+---------------------------+------------------------+
[1790055267.062004] [local:3419 :0]   +--------------------------------+---------------------------------------------------------------------+
[1790055267.062005] [local:3419 :0]   | ucp_context_0 intra-node cfg#1 | active message by ucp_am_send*(fast-completion) from host memory    |
[1790055267.062006] [local:3419 :0]   +--------------------------------+--------------------------------------------+------------------------+
[1790055267.062006] [local:3419 :0]   |                         0..226 | short                                      | rc_mlx5/mlx5_0:1/path0 |
[1790055267.062007] [local:3419 :0]   |                      227..8246 | copy-in                                    | rc_mlx5/mlx5_0:1/path0 |
[1790055267.062007] [local:3419 :0]   |                     8247..9187 | multi-frag copy-in                         | rc_mlx5/mlx5_0:1/path0 |
[1790055267.062008] [local:3419 :0]   |                      9188..inf | multi-frag zero-copy                       | rc_mlx5/mlx5_0:1/path0 |
[1790055267.062008] [local:3419 :0]   +--------------------------------+--------------------------------------------+------------------------+
[1790055267.062479] [local:3419 :0]   +--------------------------------+-----------------------------------------------------------+
[1790055267.062480] [local:3419 :0]   | ucp_context_0 intra-node cfg#1 | active message by ucp_am_send*(multi) from host memory    |
[1790055267.062480] [local:3419 :0]   +--------------------------------+----------------------------------+------------------------+
[1790055267.062481] [local:3419 :0]   |                         0..226 | short                            | rc_mlx5/mlx5_0:1/path0 |
[1790055267.062481] [local:3419 :0]   |                       227..440 | copy-in                          | rc_mlx5/mlx5_0:1/path0 |
[1790055267.062482] [local:3419 :0]   |                      441..8246 | zero-copy                        | rc_mlx5/mlx5_0:1/path0 |
[1790055267.062482] [local:3419 :0]   |                      8247..inf | multi-frag zero-copy             | rc_mlx5/mlx5_0:1/path0 |
[1790055267.062483] [local:3419 :0]   +--------------------------------+----------------------------------+------------------------+
[1790055267.062618] [local:3419 :0]   +--------------------------------+--------------------------------------------------------------------+
[1790055267.062619] [local:3419 :0]   | ucp_context_0 intra-node cfg#1 | active message by ucp_am_send* with reply flag from host memory    |
[1790055267.062619] [local:3419 :0]   +--------------------------------+-------------------------------------------+------------------------+
[1790055267.062620] [local:3419 :0]   |                         0..218 | short                                     | rc_mlx5/mlx5_0:1/path0 |
[1790055267.062620] [local:3419 :0]   |                       219..404 | copy-in                                   | rc_mlx5/mlx5_0:1/path0 |
[1790055267.062621] [local:3419 :0]   |                      405..8238 | zero-copy                                 | rc_mlx5/mlx5_0:1/path0 |
[1790055267.062621] [local:3419 :0]   |                      8239..inf | multi-frag zero-copy                      | rc_mlx5/mlx5_0:1/path0 |
[1790055267.062622] [local:3419 :0]   +--------------------------------+-------------------------------------------+------------------------+
[1790055267.062751] [local:3419 :0]   +--------------------------------+-------------------------------------------------------------------------------------+
[1790055267.062751] [local:3419 :0]   | ucp_context_0 intra-node cfg#1 | active message by ucp_am_send* with reply flag(fast-completion) from host memory    |
[1790055267.062752] [local:3419 :0]   +--------------------------------+------------------------------------------------------------+------------------------+
[1790055267.062752] [local:3419 :0]   |                         0..218 | short                                                      | rc_mlx5/mlx5_0:1/path0 |
[1790055267.062753] [local:3419 :0]   |                      219..8238 | copy-in                                                    | rc_mlx5/mlx5_0:1/path0 |
[1790055267.062753] [local:3419 :0]   |                     8239..9187 | multi-frag copy-in                                         | rc_mlx5/mlx5_0:1/path0 |
[1790055267.062754] [local:3419 :0]   |                      9188..inf | multi-frag zero-copy                                       | rc_mlx5/mlx5_0:1/path0 |
[1790055267.062754] [local:3419 :0]   +--------------------------------+------------------------------------------------------------+------------------------+
[1790055267.062901] [local:3419 :0]   +--------------------------------+---------------------------------------------------------------------------+
[1790055267.062902] [local:3419 :0]   | ucp_context_0 intra-node cfg#1 | active message by ucp_am_send* with reply flag(multi) from host memory    |
[1790055267.062903] [local:3419 :0]   +--------------------------------+--------------------------------------------------+------------------------+
[1790055267.062903] [local:3419 :0]   |                         0..218 | short                                            | rc_mlx5/mlx5_0:1/path0 |
[1790055267.062904] [local:3419 :0]   |                       219..440 | copy-in                                          | rc_mlx5/mlx5_0:1/path0 |
[1790055267.062904] [local:3419 :0]   |                      441..8238 | zero-copy                                        | rc_mlx5/mlx5_0:1/path0 |
[1790055267.062905] [local:3419 :0]   |                      8239..inf | multi-frag zero-copy                             | rc_mlx5/mlx5_0:1/path0 |
[1790055267.062905] [local:3419 :0]   +--------------------------------+--------------------------------------------------+------------------------+
[1790055268.398020] [local:3419 :0]   +--------------------------+--------------------------------------------------------------------+
[1790055268.398025] [local:3419 :0]   | ucp_context_0 self cfg#1 | remote memory write by ucp_put* from host memory to cuda/dev[0]    |
[1790055268.398026] [local:3419 :0]   +--------------------------+-------------------+------------------------------------------------+
[1790055268.398049] [local:3419 :0]   |                   0..220 | short             | rc_mlx5/mlx5_0:1/path0                         |
[1790055268.398050] [local:3419 :0]   |                221..1193 | copy-in           | rc_mlx5/mlx5_0:1/path0                         |
[1790055268.398051] [local:3419 :0]   |                1194..inf | zero-copy         | rc_mlx5/mlx5_0:1 50% on path0 and 50% on path1 |
[1790055268.398051] [local:3419 :0]   +--------------------------+-------------------+------------------------------------------------+
[1790055268.398120] [local:3419 :0]   +--------------------------+-------------------------------------------------------------------------------------+
[1790055268.398121] [local:3419 :0]   | ucp_context_0 self cfg#1 | remote memory write by ucp_put*(fast-completion) from host memory to cuda/dev[0]    |
[1790055268.398121] [local:3419 :0]   +--------------------------+------------------------------------+------------------------------------------------+
[1790055268.398122] [local:3419 :0]   |                   0..220 | short                              | rc_mlx5/mlx5_0:1/path0                         |
[1790055268.398123] [local:3419 :0]   |                221..9292 | copy-in                            | rc_mlx5/mlx5_0:1/path0                         |
[1790055268.398123] [local:3419 :0]   |                9293..inf | zero-copy                          | rc_mlx5/mlx5_0:1 50% on path0 and 50% on path1 |
[1790055268.398124] [local:3419 :0]   +--------------------------+------------------------------------+------------------------------------------------+
[1790055268.398200] [local:3419 :0]   +--------------------------+---------------------------------------------------------------------------+
[1790055268.398200] [local:3419 :0]   | ucp_context_0 self cfg#1 | remote memory write by ucp_put*(multi) from host memory to cuda/dev[0]    |
[1790055268.398201] [local:3419 :0]   +--------------------------+--------------------------+------------------------------------------------+
[1790055268.398202] [local:3419 :0]   |                   0..220 | short                    | rc_mlx5/mlx5_0:1/path0                         |
[1790055268.398202] [local:3419 :0]   |                221..1285 | copy-in                  | rc_mlx5/mlx5_0:1/path0                         |
[1790055268.398203] [local:3419 :0]   |                1286..inf | zero-copy                | rc_mlx5/mlx5_0:1 50% on path0 and 50% on path1 |
[1790055268.398203] [local:3419 :0]   +--------------------------+--------------------------+------------------------------------------------+
[1790055287.315260] [local:3419 :1]      ucp_worker.c:1984 UCX  INFO    ucp_context_0 intra-node cfg#2 rma(rc_mlx5/mlx5_0:1)  amo(rc_mlx5/mlx5_0:1)  device(cuda_ipc/cuda rc_gda/cuda0-mlx5_0:1 rc_gda/cuda0-mlx5_0:1)  am(rc_mlx5/mlx5_0:1 rc_mlx5/mlx5_0:1 cuda_ipc/cuda)  ka(ud_mlx5/mlx5_0:1)
[1790055287.315469] [local:3419 :1]   +--------------------------------+-------------------------------------------------------------+
[1790055287.315471] [local:3419 :1]   | ucp_context_0 intra-node cfg#2 | remote memory write by ucp_put* from host memory to host    |
[1790055287.315471] [local:3419 :1]   +--------------------------------+------------+------------------------------------------------+
[1790055287.315472] [local:3419 :1]   |                         0..220 | short      | rc_mlx5/mlx5_0:1/path0                         |
[1790055287.315473] [local:3419 :1]   |                      221..1193 | copy-in    | rc_mlx5/mlx5_0:1/path0                         |
[1790055287.315473] [local:3419 :1]   |                      1194..inf | zero-copy  | rc_mlx5/mlx5_0:1 50% on path0 and 50% on path1 |
[1790055287.315474] [local:3419 :1]   +--------------------------------+------------+------------------------------------------------+
[1790055287.315551] [local:3419 :1]   +--------------------------------+------------------------------------------------------------------------------+
[1790055287.315552] [local:3419 :1]   | ucp_context_0 intra-node cfg#2 | remote memory write by ucp_put*(fast-completion) from host memory to host    |
[1790055287.315565] [local:3419 :1]   +--------------------------------+-----------------------------+------------------------------------------------+
[1790055287.315566] [local:3419 :1]   |                         0..220 | short                       | rc_mlx5/mlx5_0:1/path0                         |
[1790055287.315566] [local:3419 :1]   |                      221..9292 | copy-in                     | rc_mlx5/mlx5_0:1/path0                         |
[1790055287.315567] [local:3419 :1]   |                      9293..inf | zero-copy                   | rc_mlx5/mlx5_0:1 50% on path0 and 50% on path1 |
[1790055287.315568] [local:3419 :1]   +--------------------------------+-----------------------------+------------------------------------------------+
[1790055287.315642] [local:3419 :1]   +--------------------------------+--------------------------------------------------------------------+
[1790055287.315643] [local:3419 :1]   | ucp_context_0 intra-node cfg#2 | remote memory write by ucp_put*(multi) from host memory to host    |
[1790055287.315644] [local:3419 :1]   +--------------------------------+-------------------+------------------------------------------------+
[1790055287.315644] [local:3419 :1]   |                         0..220 | short             | rc_mlx5/mlx5_0:1/path0                         |
[1790055287.315645] [local:3419 :1]   |                      221..1285 | copy-in           | rc_mlx5/mlx5_0:1/path0                         |
[1790055287.315645] [local:3419 :1]   |                      1286..inf | zero-copy         | rc_mlx5/mlx5_0:1 50% on path0 and 50% on path1 |
[1790055287.315646] [local:3419 :1]   +--------------------------------+-------------------+------------------------------------------------+
[1790055287.315941] [local:3419 :1]   +--------------------------------+--------------------------------------------------------------------+
[1790055287.315942] [local:3419 :1]   | ucp_context_0 intra-node cfg#2 | remote memory write by ucp_put* from host memory to cuda/dev[0]    |
[1790055287.315942] [local:3419 :1]   +--------------------------------+-------------------+------------------------------------------------+
[1790055287.315943] [local:3419 :1]   |                         0..220 | short             | rc_mlx5/mlx5_0:1/path0                         |
[1790055287.315943] [local:3419 :1]   |                      221..1193 | copy-in           | rc_mlx5/mlx5_0:1/path0                         |
[1790055287.315944] [local:3419 :1]   |                      1194..inf | zero-copy         | rc_mlx5/mlx5_0:1 50% on path0 and 50% on path1 |
[1790055287.315944] [local:3419 :1]   +--------------------------------+-------------------+------------------------------------------------+
[1790055287.316014] [local:3419 :1]   +--------------------------------+-------------------------------------------------------------------------------------+
[1790055287.316015] [local:3419 :1]   | ucp_context_0 intra-node cfg#2 | remote memory write by ucp_put*(fast-completion) from host memory to cuda/dev[0]    |
[1790055287.316015] [local:3419 :1]   +--------------------------------+------------------------------------+------------------------------------------------+
[1790055287.316016] [local:3419 :1]   |                         0..220 | short                              | rc_mlx5/mlx5_0:1/path0                         |
[1790055287.316016] [local:3419 :1]   |                      221..9292 | copy-in                            | rc_mlx5/mlx5_0:1/path0                         |
[1790055287.316017] [local:3419 :1]   |                      9293..inf | zero-copy                          | rc_mlx5/mlx5_0:1 50% on path0 and 50% on path1 |
[1790055287.316018] [local:3419 :1]   +--------------------------------+------------------------------------+------------------------------------------------+
[1790055287.316093] [local:3419 :1]   +--------------------------------+---------------------------------------------------------------------------+
[1790055287.316097] [local:3419 :1]   | ucp_context_0 intra-node cfg#2 | remote memory write by ucp_put*(multi) from host memory to cuda/dev[0]    |
[1790055287.316097] [local:3419 :1]   +--------------------------------+--------------------------+------------------------------------------------+
[1790055287.316098] [local:3419 :1]   |                         0..220 | short                    | rc_mlx5/mlx5_0:1/path0                         |
[1790055287.316099] [local:3419 :1]   |                      221..1285 | copy-in                  | rc_mlx5/mlx5_0:1/path0                         |
[1790055287.316099] [local:3419 :1]   |                      1286..inf | zero-copy                | rc_mlx5/mlx5_0:1 50% on path0 and 50% on path1 |
[1790055287.316100] [local:3419 :1]   +--------------------------------+--------------------------+------------------------------------------------+
[1790055287.316355] [local:3419 :1]   +--------------------------------+----------------------------------------------------+
[1790055287.316356] [local:3419 :1]   | ucp_context_0 intra-node cfg#2 | active message by ucp_am_send* from host memory    |
[1790055287.316357] [local:3419 :1]   +--------------------------------+---------------------------+------------------------+
[1790055287.316357] [local:3419 :1]   |                         0..226 | short                     | rc_mlx5/mlx5_0:1/path0 |
[1790055287.316358] [local:3419 :1]   |                       227..404 | copy-in                   | rc_mlx5/mlx5_0:1/path0 |
[1790055287.316359] [local:3419 :1]   |                      405..8246 | zero-copy                 | rc_mlx5/mlx5_0:1/path0 |
[1790055287.316359] [local:3419 :1]   |                      8247..inf | multi-frag zero-copy      | rc_mlx5/mlx5_0:1/path0 |
[1790055287.316360] [local:3419 :1]   +--------------------------------+---------------------------+------------------------+
[1790055287.316529] [local:3419 :1]   +--------------------------------+---------------------------------------------------------------------+
[1790055287.316530] [local:3419 :1]   | ucp_context_0 intra-node cfg#2 | active message by ucp_am_send*(fast-completion) from host memory    |
[1790055287.316530] [local:3419 :1]   +--------------------------------+--------------------------------------------+------------------------+
[1790055287.316531] [local:3419 :1]   |                         0..226 | short                                      | rc_mlx5/mlx5_0:1/path0 |
[1790055287.316531] [local:3419 :1]   |                      227..8246 | copy-in                                    | rc_mlx5/mlx5_0:1/path0 |
[1790055287.316532] [local:3419 :1]   |                     8247..9187 | multi-frag copy-in                         | rc_mlx5/mlx5_0:1/path0 |
[1790055287.316532] [local:3419 :1]   |                      9188..inf | multi-frag zero-copy                       | rc_mlx5/mlx5_0:1/path0 |
[1790055287.316533] [local:3419 :1]   +--------------------------------+--------------------------------------------+------------------------+
[1790055287.317087] [local:3419 :1]   +--------------------------------+-----------------------------------------------------------+
[1790055287.317088] [local:3419 :1]   | ucp_context_0 intra-node cfg#2 | active message by ucp_am_send*(multi) from host memory    |
[1790055287.317089] [local:3419 :1]   +--------------------------------+----------------------------------+------------------------+
[1790055287.317089] [local:3419 :1]   |                         0..226 | short                            | rc_mlx5/mlx5_0:1/path0 |
[1790055287.317090] [local:3419 :1]   |                       227..440 | copy-in                          | rc_mlx5/mlx5_0:1/path0 |
[1790055287.317090] [local:3419 :1]   |                      441..8246 | zero-copy                        | rc_mlx5/mlx5_0:1/path0 |
[1790055287.317091] [local:3419 :1]   |                      8247..inf | multi-frag zero-copy             | rc_mlx5/mlx5_0:1/path0 |
[1790055287.317091] [local:3419 :1]   +--------------------------------+----------------------------------+------------------------+
[1790055287.317265] [local:3419 :1]   +--------------------------------+--------------------------------------------------------------------+
[1790055287.317265] [local:3419 :1]   | ucp_context_0 intra-node cfg#2 | active message by ucp_am_send* with reply flag from host memory    |
[1790055287.317266] [local:3419 :1]   +--------------------------------+-------------------------------------------+------------------------+
[1790055287.317276] [local:3419 :1]   |                         0..218 | short                                     | rc_mlx5/mlx5_0:1/path0 |
[1790055287.317276] [local:3419 :1]   |                       219..404 | copy-in                                   | rc_mlx5/mlx5_0:1/path0 |
[1790055287.317277] [local:3419 :1]   |                      405..8238 | zero-copy                                 | rc_mlx5/mlx5_0:1/path0 |
[1790055287.317278] [local:3419 :1]   |                      8239..inf | multi-frag zero-copy                      | rc_mlx5/mlx5_0:1/path0 |
[1790055287.317278] [local:3419 :1]   +--------------------------------+-------------------------------------------+------------------------+
[1790055287.317499] [local:3419 :1]   +--------------------------------+-------------------------------------------------------------------------------------+
[1790055287.317500] [local:3419 :1]   | ucp_context_0 intra-node cfg#2 | active message by ucp_am_send* with reply flag(fast-completion) from host memory    |
[1790055287.317501] [local:3419 :1]   +--------------------------------+------------------------------------------------------------+------------------------+
[1790055287.317501] [local:3419 :1]   |                         0..218 | short                                                      | rc_mlx5/mlx5_0:1/path0 |
[1790055287.317502] [local:3419 :1]   |                      219..8238 | copy-in                                                    | rc_mlx5/mlx5_0:1/path0 |
[1790055287.317503] [local:3419 :1]   |                     8239..9187 | multi-frag copy-in                                         | rc_mlx5/mlx5_0:1/path0 |
[1790055287.317503] [local:3419 :1]   |                      9188..inf | multi-frag zero-copy                                       | rc_mlx5/mlx5_0:1/path0 |
[1790055287.317504] [local:3419 :1]   +--------------------------------+------------------------------------------------------------+------------------------+
[1790055287.317689] [local:3419 :1]   +--------------------------------+---------------------------------------------------------------------------+
[1790055287.317690] [local:3419 :1]   | ucp_context_0 intra-node cfg#2 | active message by ucp_am_send* with reply flag(multi) from host memory    |
[1790055287.317691] [local:3419 :1]   +--------------------------------+--------------------------------------------------+------------------------+
[1790055287.317691] [local:3419 :1]   |                         0..218 | short                                            | rc_mlx5/mlx5_0:1/path0 |
[1790055287.317692] [local:3419 :1]   |                       219..440 | copy-in                                          | rc_mlx5/mlx5_0:1/path0 |
[1790055287.317692] [local:3419 :1]   |                      441..8238 | zero-copy                                        | rc_mlx5/mlx5_0:1/path0 |
[1790055287.317693] [local:3419 :1]   |                      8239..inf | multi-frag zero-copy                             | rc_mlx5/mlx5_0:1/path0 |
[1790055287.317694] [local:3419 :1]   +--------------------------------+--------------------------------------------------+------------------------+
[1790055287.322748] [local:3419 :1]      ucp_worker.c:1984 UCX  INFO    ucp_context_0 intra-node cfg#2 rma(rc_mlx5/mlx5_0:1)  amo(rc_mlx5/mlx5_0:1)  device(cuda_ipc/cuda rc_gda/cuda0-mlx5_0:1 rc_gda/cuda0-mlx5_0:1)  am(rc_mlx5/mlx5_0:1 rc_mlx5/mlx5_0:1 cuda_ipc/cuda)  ka(ud_mlx5/mlx5_0:1)
[1790055287.322897] [local:3419 :1]   +--------------------------------+-------------------------------------------------------------+
[1790055287.322898] [local:3419 :1]   | ucp_context_0 intra-node cfg#2 | remote memory write by ucp_put* from host memory to host    |
[1790055287.322909] [local:3419 :1]   +--------------------------------+------------+------------------------------------------------+
[1790055287.322909] [local:3419 :1]   |                         0..220 | short      | rc_mlx5/mlx5_0:1/path0                         |
[1790055287.322910] [local:3419 :1]   |                      221..1193 | copy-in    | rc_mlx5/mlx5_0:1/path0                         |
[1790055287.322910] [local:3419 :1]   |                      1194..inf | zero-copy  | rc_mlx5/mlx5_0:1 50% on path0 and 50% on path1 |
[1790055287.322911] [local:3419 :1]   +--------------------------------+------------+------------------------------------------------+
[1790055287.322982] [local:3419 :1]   +--------------------------------+------------------------------------------------------------------------------+
[1790055287.322983] [local:3419 :1]   | ucp_context_0 intra-node cfg#2 | remote memory write by ucp_put*(fast-completion) from host memory to host    |
[1790055287.322984] [local:3419 :1]   +--------------------------------+-----------------------------+------------------------------------------------+
[1790055287.322984] [local:3419 :1]   |                         0..220 | short                       | rc_mlx5/mlx5_0:1/path0                         |
[1790055287.322985] [local:3419 :1]   |                      221..9292 | copy-in                     | rc_mlx5/mlx5_0:1/path0                         |
[1790055287.322985] [local:3419 :1]   |                      9293..inf | zero-copy                   | rc_mlx5/mlx5_0:1 50% on path0 and 50% on path1 |
[1790055287.322986] [local:3419 :1]   +--------------------------------+-----------------------------+------------------------------------------------+
[1790055287.323057] [local:3419 :1]   +--------------------------------+--------------------------------------------------------------------+
[1790055287.323058] [local:3419 :1]   | ucp_context_0 intra-node cfg#2 | remote memory write by ucp_put*(multi) from host memory to host    |
[1790055287.323058] [local:3419 :1]   +--------------------------------+-------------------+------------------------------------------------+
[1790055287.323059] [local:3419 :1]   |                         0..220 | short             | rc_mlx5/mlx5_0:1/path0                         |
[1790055287.323059] [local:3419 :1]   |                      221..1285 | copy-in           | rc_mlx5/mlx5_0:1/path0                         |
[1790055287.323060] [local:3419 :1]   |                      1286..inf | zero-copy         | rc_mlx5/mlx5_0:1 50% on path0 and 50% on path1 |
[1790055287.323060] [local:3419 :1]   +--------------------------------+-------------------+------------------------------------------------+
[1790055287.323371] [local:3419 :1]   +--------------------------------+--------------------------------------------------------------------+
[1790055287.323372] [local:3419 :1]   | ucp_context_0 intra-node cfg#2 | remote memory write by ucp_put* from host memory to cuda/dev[0]    |
[1790055287.323373] [local:3419 :1]   +--------------------------------+-------------------+------------------------------------------------+
[1790055287.323373] [local:3419 :1]   |                         0..220 | short             | rc_mlx5/mlx5_0:1/path0                         |
[1790055287.323374] [local:3419 :1]   |                      221..1193 | copy-in           | rc_mlx5/mlx5_0:1/path0                         |
[1790055287.323374] [local:3419 :1]   |                      1194..inf | zero-copy         | rc_mlx5/mlx5_0:1 50% on path0 and 50% on path1 |
[1790055287.323375] [local:3419 :1]   +--------------------------------+-------------------+------------------------------------------------+
[1790055287.323458] [local:3419 :1]   +--------------------------------+-------------------------------------------------------------------------------------+
[1790055287.323459] [local:3419 :1]   | ucp_context_0 intra-node cfg#2 | remote memory write by ucp_put*(fast-completion) from host memory to cuda/dev[0]    |
[1790055287.323463] [local:3419 :1]   +--------------------------------+------------------------------------+------------------------------------------------+
[1790055287.323464] [local:3419 :1]   |                         0..220 | short                              | rc_mlx5/mlx5_0:1/path0                         |
[1790055287.323464] [local:3419 :1]   |                      221..9292 | copy-in                            | rc_mlx5/mlx5_0:1/path0                         |
[1790055287.323465] [local:3419 :1]   |                      9293..inf | zero-copy                          | rc_mlx5/mlx5_0:1 50% on path0 and 50% on path1 |
[1790055287.323465] [local:3419 :1]   +--------------------------------+------------------------------------+------------------------------------------------+
[1790055287.323543] [local:3419 :1]   +--------------------------------+---------------------------------------------------------------------------+
[1790055287.323543] [local:3419 :1]   | ucp_context_0 intra-node cfg#2 | remote memory write by ucp_put*(multi) from host memory to cuda/dev[0]    |
[1790055287.323544] [local:3419 :1]   +--------------------------------+--------------------------+------------------------------------------------+
[1790055287.323544] [local:3419 :1]   |                         0..220 | short                    | rc_mlx5/mlx5_0:1/path0                         |
[1790055287.323545] [local:3419 :1]   |                      221..1285 | copy-in                  | rc_mlx5/mlx5_0:1/path0                         |
[1790055287.323545] [local:3419 :1]   |                      1286..inf | zero-copy                | rc_mlx5/mlx5_0:1 50% on path0 and 50% on path1 |
[1790055287.323546] [local:3419 :1]   +--------------------------------+--------------------------+------------------------------------------------+
[1790055287.323779] [local:3419 :1]   +--------------------------------+----------------------------------------------------+
[1790055287.323779] [local:3419 :1]   | ucp_context_0 intra-node cfg#2 | active message by ucp_am_send* from host memory    |
[1790055287.323780] [local:3419 :1]   +--------------------------------+---------------------------+------------------------+
[1790055287.323781] [local:3419 :1]   |                         0..226 | short                     | rc_mlx5/mlx5_0:1/path0 |
[1790055287.323781] [local:3419 :1]   |                       227..404 | copy-in                   | rc_mlx5/mlx5_0:1/path0 |
[1790055287.323782] [local:3419 :1]   |                      405..8246 | zero-copy                 | rc_mlx5/mlx5_0:1/path0 |
[1790055287.323782] [local:3419 :1]   |                      8247..inf | multi-frag zero-copy      | rc_mlx5/mlx5_0:1/path0 |
[1790055287.323783] [local:3419 :1]   +--------------------------------+---------------------------+------------------------+
[1790055287.323944] [local:3419 :1]   +--------------------------------+---------------------------------------------------------------------+
[1790055287.323945] [local:3419 :1]   | ucp_context_0 intra-node cfg#2 | active message by ucp_am_send*(fast-completion) from host memory    |
[1790055287.323946] [local:3419 :1]   +--------------------------------+--------------------------------------------+------------------------+
[1790055287.323946] [local:3419 :1]   |                         0..226 | short                                      | rc_mlx5/mlx5_0:1/path0 |
[1790055287.323947] [local:3419 :1]   |                      227..8246 | copy-in                                    | rc_mlx5/mlx5_0:1/path0 |
[1790055287.323947] [local:3419 :1]   |                     8247..9187 | multi-frag copy-in                         | rc_mlx5/mlx5_0:1/path0 |
[1790055287.323948] [local:3419 :1]   |                      9188..inf | multi-frag zero-copy                       | rc_mlx5/mlx5_0:1/path0 |
[1790055287.323948] [local:3419 :1]   +--------------------------------+--------------------------------------------+------------------------+
[1790055287.324547] [local:3419 :1]   +--------------------------------+-----------------------------------------------------------+
[1790055287.324551] [local:3419 :1]   | ucp_context_0 intra-node cfg#2 | active message by ucp_am_send*(multi) from host memory    |
[1790055287.324552] [local:3419 :1]   +--------------------------------+----------------------------------+------------------------+
[1790055287.324552] [local:3419 :1]   |                         0..226 | short                            | rc_mlx5/mlx5_0:1/path0 |
[1790055287.324553] [local:3419 :1]   |                       227..440 | copy-in                          | rc_mlx5/mlx5_0:1/path0 |
[1790055287.324553] [local:3419 :1]   |                      441..8246 | zero-copy                        | rc_mlx5/mlx5_0:1/path0 |
[1790055287.324554] [local:3419 :1]   |                      8247..inf | multi-frag zero-copy             | rc_mlx5/mlx5_0:1/path0 |
[1790055287.324554] [local:3419 :1]   +--------------------------------+----------------------------------+------------------------+
[1790055287.324720] [local:3419 :1]   +--------------------------------+--------------------------------------------------------------------+
[1790055287.324721] [local:3419 :1]   | ucp_context_0 intra-node cfg#2 | active message by ucp_am_send* with reply flag from host memory    |
[1790055287.324721] [local:3419 :1]   +--------------------------------+-------------------------------------------+------------------------+
[1790055287.324722] [local:3419 :1]   |                         0..218 | short                                     | rc_mlx5/mlx5_0:1/path0 |
[1790055287.324722] [local:3419 :1]   |                       219..404 | copy-in                                   | rc_mlx5/mlx5_0:1/path0 |
[1790055287.324723] [local:3419 :1]   |                      405..8238 | zero-copy                                 | rc_mlx5/mlx5_0:1/path0 |
[1790055287.324723] [local:3419 :1]   |                      8239..inf | multi-frag zero-copy                      | rc_mlx5/mlx5_0:1/path0 |
[1790055287.324724] [local:3419 :1]   +--------------------------------+-------------------------------------------+------------------------+
[1790055287.324882] [local:3419 :1]   +--------------------------------+-------------------------------------------------------------------------------------+
[1790055287.324882] [local:3419 :1]   | ucp_context_0 intra-node cfg#2 | active message by ucp_am_send* with reply flag(fast-completion) from host memory    |
[1790055287.324883] [local:3419 :1]   +--------------------------------+------------------------------------------------------------+------------------------+
[1790055287.324884] [local:3419 :1]   |                         0..218 | short                                                      | rc_mlx5/mlx5_0:1/path0 |
[1790055287.324884] [local:3419 :1]   |                      219..8238 | copy-in                                                    | rc_mlx5/mlx5_0:1/path0 |
[1790055287.324885] [local:3419 :1]   |                     8239..9187 | multi-frag copy-in                                         | rc_mlx5/mlx5_0:1/path0 |
[1790055287.324885] [local:3419 :1]   |                      9188..inf | multi-frag zero-copy                                       | rc_mlx5/mlx5_0:1/path0 |
[1790055287.324886] [local:3419 :1]   +--------------------------------+------------------------------------------------------------+------------------------+
[1790055287.325062] [local:3419 :1]   +--------------------------------+---------------------------------------------------------------------------+
[1790055287.325063] [local:3419 :1]   | ucp_context_0 intra-node cfg#2 | active message by ucp_am_send* with reply flag(multi) from host memory    |
[1790055287.325063] [local:3419 :1]   +--------------------------------+--------------------------------------------------+------------------------+
[1790055287.325064] [local:3419 :1]   |                         0..218 | short                                            | rc_mlx5/mlx5_0:1/path0 |
[1790055287.325064] [local:3419 :1]   |                       219..440 | copy-in                                          | rc_mlx5/mlx5_0:1/path0 |
[1790055287.325067] [local:3419 :1]   |                      441..8238 | zero-copy                                        | rc_mlx5/mlx5_0:1/path0 |
[1790055287.325068] [local:3419 :1]   |                      8239..inf | multi-frag zero-copy                             | rc_mlx5/mlx5_0:1/path0 |
[1790055287.325068] [local:3419 :1]   +--------------------------------+--------------------------------------------------+------------------------+
[1790055287.327619] [local:3419 :1]      ucp_worker.c:1984 UCX  INFO    ucp_context_0 intra-node cfg#2 rma(rc_mlx5/mlx5_0:1)  amo(rc_mlx5/mlx5_0:1)  device(cuda_ipc/cuda rc_gda/cuda0-mlx5_0:1 rc_gda/cuda0-mlx5_0:1)  am(rc_mlx5/mlx5_0:1 rc_mlx5/mlx5_0:1 cuda_ipc/cuda)  ka(ud_mlx5/mlx5_0:1)
[1790055287.327759] [local:3419 :1]   +--------------------------------+-------------------------------------------------------------+
[1790055287.327760] [local:3419 :1]   | ucp_context_0 intra-node cfg#2 | remote memory write by ucp_put* from host memory to host    |
[1790055287.327761] [local:3419 :1]   +--------------------------------+------------+------------------------------------------------+
[1790055287.327761] [local:3419 :1]   |                         0..220 | short      | rc_mlx5/mlx5_0:1/path0                         |
[1790055287.327762] [local:3419 :1]   |                      221..1193 | copy-in    | rc_mlx5/mlx5_0:1/path0                         |
[1790055287.327762] [local:3419 :1]   |                      1194..inf | zero-copy  | rc_mlx5/mlx5_0:1 50% on path0 and 50% on path1 |
[1790055287.327763] [local:3419 :1]   +--------------------------------+------------+------------------------------------------------+
[1790055287.327834] [local:3419 :1]   +--------------------------------+------------------------------------------------------------------------------+
[1790055287.327835] [local:3419 :1]   | ucp_context_0 intra-node cfg#2 | remote memory write by ucp_put*(fast-completion) from host memory to host    |
[1790055287.327836] [local:3419 :1]   +--------------------------------+-----------------------------+------------------------------------------------+
[1790055287.327836] [local:3419 :1]   |                         0..220 | short                       | rc_mlx5/mlx5_0:1/path0                         |
[1790055287.327837] [local:3419 :1]   |                      221..9292 | copy-in                     | rc_mlx5/mlx5_0:1/path0                         |
[1790055287.327837] [local:3419 :1]   |                      9293..inf | zero-copy                   | rc_mlx5/mlx5_0:1 50% on path0 and 50% on path1 |
[1790055287.327838] [local:3419 :1]   +--------------------------------+-----------------------------+------------------------------------------------+
[1790055287.327914] [local:3419 :1]   +--------------------------------+--------------------------------------------------------------------+
[1790055287.327915] [local:3419 :1]   | ucp_context_0 intra-node cfg#2 | remote memory write by ucp_put*(multi) from host memory to host    |
[1790055287.327915] [local:3419 :1]   +--------------------------------+-------------------+------------------------------------------------+
[1790055287.327916] [local:3419 :1]   |                         0..220 | short             | rc_mlx5/mlx5_0:1/path0                         |
[1790055287.327917] [local:3419 :1]   |                      221..1285 | copy-in           | rc_mlx5/mlx5_0:1/path0                         |
[1790055287.327917] [local:3419 :1]   |                      1286..inf | zero-copy         | rc_mlx5/mlx5_0:1 50% on path0 and 50% on path1 |
[1790055287.327918] [local:3419 :1]   +--------------------------------+-------------------+------------------------------------------------+
[1790055287.328225] [local:3419 :1]   +--------------------------------+--------------------------------------------------------------------+
[1790055287.328226] [local:3419 :1]   | ucp_context_0 intra-node cfg#2 | remote memory write by ucp_put* from host memory to cuda/dev[0]    |
[1790055287.328226] [local:3419 :1]   +--------------------------------+-------------------+------------------------------------------------+
[1790055287.328236] [local:3419 :1]   |                         0..220 | short             | rc_mlx5/mlx5_0:1/path0                         |
[1790055287.328237] [local:3419 :1]   |                      221..1193 | copy-in           | rc_mlx5/mlx5_0:1/path0                         |
[1790055287.328238] [local:3419 :1]   |                      1194..inf | zero-copy         | rc_mlx5/mlx5_0:1 50% on path0 and 50% on path1 |
[1790055287.328238] [local:3419 :1]   +--------------------------------+-------------------+------------------------------------------------+
[1790055287.328320] [local:3419 :1]   +--------------------------------+-------------------------------------------------------------------------------------+
[1790055287.328321] [local:3419 :1]   | ucp_context_0 intra-node cfg#2 | remote memory write by ucp_put*(fast-completion) from host memory to cuda/dev[0]    |
[1790055287.328321] [local:3419 :1]   +--------------------------------+------------------------------------+------------------------------------------------+
[1790055287.328322] [local:3419 :1]   |                         0..220 | short                              | rc_mlx5/mlx5_0:1/path0                         |
[1790055287.328323] [local:3419 :1]   |                      221..9292 | copy-in                            | rc_mlx5/mlx5_0:1/path0                         |
[1790055287.328323] [local:3419 :1]   |                      9293..inf | zero-copy                          | rc_mlx5/mlx5_0:1 50% on path0 and 50% on path1 |
[1790055287.328324] [local:3419 :1]   +--------------------------------+------------------------------------+------------------------------------------------+
[1790055287.328402] [local:3419 :1]   +--------------------------------+---------------------------------------------------------------------------+
[1790055287.328403] [local:3419 :1]   | ucp_context_0 intra-node cfg#2 | remote memory write by ucp_put*(multi) from host memory to cuda/dev[0]    |
[1790055287.328403] [local:3419 :1]   +--------------------------------+--------------------------+------------------------------------------------+
[1790055287.328404] [local:3419 :1]   |                         0..220 | short                    | rc_mlx5/mlx5_0:1/path0                         |
[1790055287.328405] [local:3419 :1]   |                      221..1285 | copy-in                  | rc_mlx5/mlx5_0:1/path0                         |
[1790055287.328405] [local:3419 :1]   |                      1286..inf | zero-copy                | rc_mlx5/mlx5_0:1 50% on path0 and 50% on path1 |
[1790055287.328406] [local:3419 :1]   +--------------------------------+--------------------------+------------------------------------------------+
[1790055287.328646] [local:3419 :1]   +--------------------------------+----------------------------------------------------+
[1790055287.328647] [local:3419 :1]   | ucp_context_0 intra-node cfg#2 | active message by ucp_am_send* from host memory    |
[1790055287.328648] [local:3419 :1]   +--------------------------------+---------------------------+------------------------+
[1790055287.328648] [local:3419 :1]   |                         0..226 | short                     | rc_mlx5/mlx5_0:1/path0 |
[1790055287.328649] [local:3419 :1]   |                       227..404 | copy-in                   | rc_mlx5/mlx5_0:1/path0 |
[1790055287.328649] [local:3419 :1]   |                      405..8246 | zero-copy                 | rc_mlx5/mlx5_0:1/path0 |
[1790055287.328650] [local:3419 :1]   |                      8247..inf | multi-frag zero-copy      | rc_mlx5/mlx5_0:1/path0 |
[1790055287.328650] [local:3419 :1]   +--------------------------------+---------------------------+------------------------+
[1790055287.328819] [local:3419 :1]   +--------------------------------+---------------------------------------------------------------------+
[1790055287.328819] [local:3419 :1]   | ucp_context_0 intra-node cfg#2 | active message by ucp_am_send*(fast-completion) from host memory    |
[1790055287.328824] [local:3419 :1]   +--------------------------------+--------------------------------------------+------------------------+
[1790055287.328825] [local:3419 :1]   |                         0..226 | short                                      | rc_mlx5/mlx5_0:1/path0 |
[1790055287.328825] [local:3419 :1]   |                      227..8246 | copy-in                                    | rc_mlx5/mlx5_0:1/path0 |
[1790055287.328826] [local:3419 :1]   |                     8247..9187 | multi-frag copy-in                         | rc_mlx5/mlx5_0:1/path0 |
[1790055287.328826] [local:3419 :1]   |                      9188..inf | multi-frag zero-copy                       | rc_mlx5/mlx5_0:1/path0 |
[1790055287.328827] [local:3419 :1]   +--------------------------------+--------------------------------------------+------------------------+
[1790055287.329410] [local:3419 :1]   +--------------------------------+-----------------------------------------------------------+
[1790055287.329411] [local:3419 :1]   | ucp_context_0 intra-node cfg#2 | active message by ucp_am_send*(multi) from host memory    |
[1790055287.329412] [local:3419 :1]   +--------------------------------+----------------------------------+------------------------+
[1790055287.329412] [local:3419 :1]   |                         0..226 | short                            | rc_mlx5/mlx5_0:1/path0 |
[1790055287.329413] [local:3419 :1]   |                       227..440 | copy-in                          | rc_mlx5/mlx5_0:1/path0 |
[1790055287.329413] [local:3419 :1]   |                      441..8246 | zero-copy                        | rc_mlx5/mlx5_0:1/path0 |
[1790055287.329414] [local:3419 :1]   |                      8247..inf | multi-frag zero-copy             | rc_mlx5/mlx5_0:1/path0 |
[1790055287.329414] [local:3419 :1]   +--------------------------------+----------------------------------+------------------------+
[1790055287.329581] [local:3419 :1]   +--------------------------------+--------------------------------------------------------------------+
[1790055287.329582] [local:3419 :1]   | ucp_context_0 intra-node cfg#2 | active message by ucp_am_send* with reply flag from host memory    |
[1790055287.329582] [local:3419 :1]   +--------------------------------+-------------------------------------------+------------------------+
[1790055287.329583] [local:3419 :1]   |                         0..218 | short                                     | rc_mlx5/mlx5_0:1/path0 |
[1790055287.329583] [local:3419 :1]   |                       219..404 | copy-in                                   | rc_mlx5/mlx5_0:1/path0 |
[1790055287.329584] [local:3419 :1]   |                      405..8238 | zero-copy                                 | rc_mlx5/mlx5_0:1/path0 |
[1790055287.329585] [local:3419 :1]   |                      8239..inf | multi-frag zero-copy                      | rc_mlx5/mlx5_0:1/path0 |
[1790055287.329585] [local:3419 :1]   +--------------------------------+-------------------------------------------+------------------------+
[1790055287.329752] [local:3419 :1]   +--------------------------------+-------------------------------------------------------------------------------------+
[1790055287.329753] [local:3419 :1]   | ucp_context_0 intra-node cfg#2 | active message by ucp_am_send* with reply flag(fast-completion) from host memory    |
[1790055287.329753] [local:3419 :1]   +--------------------------------+------------------------------------------------------------+------------------------+
[1790055287.329754] [local:3419 :1]   |                         0..218 | short                                                      | rc_mlx5/mlx5_0:1/path0 |
[1790055287.329754] [local:3419 :1]   |                      219..8238 | copy-in                                                    | rc_mlx5/mlx5_0:1/path0 |
[1790055287.329755] [local:3419 :1]   |                     8239..9187 | multi-frag copy-in                                         | rc_mlx5/mlx5_0:1/path0 |
[1790055287.329755] [local:3419 :1]   |                      9188..inf | multi-frag zero-copy                                       | rc_mlx5/mlx5_0:1/path0 |
[1790055287.329760] [local:3419 :1]   +--------------------------------+------------------------------------------------------------+------------------------+
[1790055287.329949] [local:3419 :1]   +--------------------------------+---------------------------------------------------------------------------+
[1790055287.329949] [local:3419 :1]   | ucp_context_0 intra-node cfg#2 | active message by ucp_am_send* with reply flag(multi) from host memory    |
[1790055287.329950] [local:3419 :1]   +--------------------------------+--------------------------------------------------+------------------------+
[1790055287.329950] [local:3419 :1]   |                         0..218 | short                                            | rc_mlx5/mlx5_0:1/path0 |
[1790055287.329951] [local:3419 :1]   |                       219..440 | copy-in                                          | rc_mlx5/mlx5_0:1/path0 |
[1790055287.329952] [local:3419 :1]   |                      441..8238 | zero-copy                                        | rc_mlx5/mlx5_0:1/path0 |
[1790055287.329952] [local:3419 :1]   |                      8239..inf | multi-frag zero-copy                             | rc_mlx5/mlx5_0:1/path0 |
[1790055287.329953] [local:3419 :1]   +--------------------------------+--------------------------------------------------+------------------------+
[1790055287.332542] [local:3419 :1]      ucp_worker.c:1984 UCX  INFO    ucp_context_0 intra-node cfg#2 rma(rc_mlx5/mlx5_0:1)  amo(rc_mlx5/mlx5_0:1)  device(cuda_ipc/cuda rc_gda/cuda0-mlx5_0:1 rc_gda/cuda0-mlx5_0:1)  am(rc_mlx5/mlx5_0:1 rc_mlx5/mlx5_0:1 cuda_ipc/cuda)  ka(ud_mlx5/mlx5_0:1)
[1790055287.332692] [local:3419 :1]   +--------------------------------+-------------------------------------------------------------+
[1790055287.332693] [local:3419 :1]   | ucp_context_0 intra-node cfg#2 | remote memory write by ucp_put* from host memory to host    |
[1790055287.332694] [local:3419 :1]   +--------------------------------+------------+------------------------------------------------+
[1790055287.332694] [local:3419 :1]   |                         0..220 | short      | rc_mlx5/mlx5_0:1/path0                         |
[1790055287.332695] [local:3419 :1]   |                      221..1193 | copy-in    | rc_mlx5/mlx5_0:1/path0                         |
[1790055287.332696] [local:3419 :1]   |                      1194..inf | zero-copy  | rc_mlx5/mlx5_0:1 50% on path0 and 50% on path1 |
[1790055287.332696] [local:3419 :1]   +--------------------------------+------------+------------------------------------------------+
[1790055287.332768] [local:3419 :1]   +--------------------------------+------------------------------------------------------------------------------+
[1790055287.332769] [local:3419 :1]   | ucp_context_0 intra-node cfg#2 | remote memory write by ucp_put*(fast-completion) from host memory to host    |
[1790055287.332769] [local:3419 :1]   +--------------------------------+-----------------------------+------------------------------------------------+
[1790055287.332770] [local:3419 :1]   |                         0..220 | short                       | rc_mlx5/mlx5_0:1/path0                         |
[1790055287.332771] [local:3419 :1]   |                      221..9292 | copy-in                     | rc_mlx5/mlx5_0:1/path0                         |
[1790055287.332771] [local:3419 :1]   |                      9293..inf | zero-copy                   | rc_mlx5/mlx5_0:1 50% on path0 and 50% on path1 |
[1790055287.332772] [local:3419 :1]   +--------------------------------+-----------------------------+------------------------------------------------+
[1790055287.332850] [local:3419 :1]   +--------------------------------+--------------------------------------------------------------------+
[1790055287.332851] [local:3419 :1]   | ucp_context_0 intra-node cfg#2 | remote memory write by ucp_put*(multi) from host memory to host    |
[1790055287.332851] [local:3419 :1]   +--------------------------------+-------------------+------------------------------------------------+
[1790055287.332861] [local:3419 :1]   |                         0..220 | short             | rc_mlx5/mlx5_0:1/path0                         |
[1790055287.332861] [local:3419 :1]   |                      221..1285 | copy-in           | rc_mlx5/mlx5_0:1/path0                         |
[1790055287.332862] [local:3419 :1]   |                      1286..inf | zero-copy         | rc_mlx5/mlx5_0:1 50% on path0 and 50% on path1 |
[1790055287.332863] [local:3419 :1]   +--------------------------------+-------------------+------------------------------------------------+
[1790055287.333143] [local:3419 :1]   +--------------------------------+--------------------------------------------------------------------+
[1790055287.333144] [local:3419 :1]   | ucp_context_0 intra-node cfg#2 | remote memory write by ucp_put* from host memory to cuda/dev[0]    |
[1790055287.333144] [local:3419 :1]   +--------------------------------+-------------------+------------------------------------------------+
[1790055287.333145] [local:3419 :1]   |                         0..220 | short             | rc_mlx5/mlx5_0:1/path0                         |
[1790055287.333145] [local:3419 :1]   |                      221..1193 | copy-in           | rc_mlx5/mlx5_0:1/path0                         |
[1790055287.333146] [local:3419 :1]   |                      1194..inf | zero-copy         | rc_mlx5/mlx5_0:1 50% on path0 and 50% on path1 |
[1790055287.333146] [local:3419 :1]   +--------------------------------+-------------------+------------------------------------------------+
[1790055287.333216] [local:3419 :1]   +--------------------------------+-------------------------------------------------------------------------------------+
[1790055287.333216] [local:3419 :1]   | ucp_context_0 intra-node cfg#2 | remote memory write by ucp_put*(fast-completion) from host memory to cuda/dev[0]    |
[1790055287.333217] [local:3419 :1]   +--------------------------------+------------------------------------+------------------------------------------------+
[1790055287.333218] [local:3419 :1]   |                         0..220 | short                              | rc_mlx5/mlx5_0:1/path0                         |
[1790055287.333218] [local:3419 :1]   |                      221..9292 | copy-in                            | rc_mlx5/mlx5_0:1/path0                         |
[1790055287.333219] [local:3419 :1]   |                      9293..inf | zero-copy                          | rc_mlx5/mlx5_0:1 50% on path0 and 50% on path1 |
[1790055287.333219] [local:3419 :1]   +--------------------------------+------------------------------------+------------------------------------------------+
[1790055287.333304] [local:3419 :1]   +--------------------------------+---------------------------------------------------------------------------+
[1790055287.333305] [local:3419 :1]   | ucp_context_0 intra-node cfg#2 | remote memory write by ucp_put*(multi) from host memory to cuda/dev[0]    |
[1790055287.333305] [local:3419 :1]   +--------------------------------+--------------------------+------------------------------------------------+
[1790055287.333306] [local:3419 :1]   |                         0..220 | short                    | rc_mlx5/mlx5_0:1/path0                         |
[1790055287.333306] [local:3419 :1]   |                      221..1285 | copy-in                  | rc_mlx5/mlx5_0:1/path0                         |
[1790055287.333307] [local:3419 :1]   |                      1286..inf | zero-copy                | rc_mlx5/mlx5_0:1 50% on path0 and 50% on path1 |
[1790055287.333307] [local:3419 :1]   +--------------------------------+--------------------------+------------------------------------------------+
[1790055287.333552] [local:3419 :1]   +--------------------------------+----------------------------------------------------+
[1790055287.333553] [local:3419 :1]   | ucp_context_0 intra-node cfg#2 | active message by ucp_am_send* from host memory    |
[1790055287.333553] [local:3419 :1]   +--------------------------------+---------------------------+------------------------+
[1790055287.333558] [local:3419 :1]   |                         0..226 | short                     | rc_mlx5/mlx5_0:1/path0 |
[1790055287.333559] [local:3419 :1]   |                       227..404 | copy-in                   | rc_mlx5/mlx5_0:1/path0 |
[1790055287.333559] [local:3419 :1]   |                      405..8246 | zero-copy                 | rc_mlx5/mlx5_0:1/path0 |
[1790055287.333560] [local:3419 :1]   |                      8247..inf | multi-frag zero-copy      | rc_mlx5/mlx5_0:1/path0 |
[1790055287.333560] [local:3419 :1]   +--------------------------------+---------------------------+------------------------+
[1790055287.333730] [local:3419 :1]   +--------------------------------+---------------------------------------------------------------------+
[1790055287.333731] [local:3419 :1]   | ucp_context_0 intra-node cfg#2 | active message by ucp_am_send*(fast-completion) from host memory    |
[1790055287.333732] [local:3419 :1]   +--------------------------------+--------------------------------------------+------------------------+
[1790055287.333732] [local:3419 :1]   |                         0..226 | short                                      | rc_mlx5/mlx5_0:1/path0 |
[1790055287.333733] [local:3419 :1]   |                      227..8246 | copy-in                                    | rc_mlx5/mlx5_0:1/path0 |
[1790055287.333733] [local:3419 :1]   |                     8247..9187 | multi-frag copy-in                         | rc_mlx5/mlx5_0:1/path0 |
[1790055287.333734] [local:3419 :1]   |                      9188..inf | multi-frag zero-copy                       | rc_mlx5/mlx5_0:1/path0 |
[1790055287.333734] [local:3419 :1]   +--------------------------------+--------------------------------------------+------------------------+
[1790055287.336391] [local:3419 :1]   +--------------------------------+-----------------------------------------------------------+
[1790055287.336392] [local:3419 :1]   | ucp_context_0 intra-node cfg#2 | active message by ucp_am_send*(multi) from host memory    |
[1790055287.336393] [local:3419 :1]   +--------------------------------+----------------------------------+------------------------+
[1790055287.336394] [local:3419 :1]   |                         0..226 | short                            | rc_mlx5/mlx5_0:1/path0 |
[1790055287.336394] [local:3419 :1]   |                       227..440 | copy-in                          | rc_mlx5/mlx5_0:1/path0 |
[1790055287.336395] [local:3419 :1]   |                      441..8246 | zero-copy                        | rc_mlx5/mlx5_0:1/path0 |
[1790055287.336395] [local:3419 :1]   |                      8247..inf | multi-frag zero-copy             | rc_mlx5/mlx5_0:1/path0 |
[1790055287.336396] [local:3419 :1]   +--------------------------------+----------------------------------+------------------------+
[1790055287.336562] [local:3419 :1]   +--------------------------------+--------------------------------------------------------------------+
[1790055287.336563] [local:3419 :1]   | ucp_context_0 intra-node cfg#2 | active message by ucp_am_send* with reply flag from host memory    |
[1790055287.336563] [local:3419 :1]   +--------------------------------+-------------------------------------------+------------------------+
[1790055287.336564] [local:3419 :1]   |                         0..218 | short                                     | rc_mlx5/mlx5_0:1/path0 |
[1790055287.336564] [local:3419 :1]   |                       219..404 | copy-in                                   | rc_mlx5/mlx5_0:1/path0 |
[1790055287.336565] [local:3419 :1]   |                      405..8238 | zero-copy                                 | rc_mlx5/mlx5_0:1/path0 |
[1790055287.336565] [local:3419 :1]   |                      8239..inf | multi-frag zero-copy                      | rc_mlx5/mlx5_0:1/path0 |
[1790055287.336566] [local:3419 :1]   +--------------------------------+-------------------------------------------+------------------------+
[1790055287.336733] [local:3419 :1]   +--------------------------------+-------------------------------------------------------------------------------------+
[1790055287.336738] [local:3419 :1]   | ucp_context_0 intra-node cfg#2 | active message by ucp_am_send* with reply flag(fast-completion) from host memory    |
[1790055287.336738] [local:3419 :1]   +--------------------------------+------------------------------------------------------------+------------------------+
[1790055287.336739] [local:3419 :1]   |                         0..218 | short                                                      | rc_mlx5/mlx5_0:1/path0 |
[1790055287.336740] [local:3419 :1]   |                      219..8238 | copy-in                                                    | rc_mlx5/mlx5_0:1/path0 |
[1790055287.336740] [local:3419 :1]   |                     8239..9187 | multi-frag copy-in                                         | rc_mlx5/mlx5_0:1/path0 |
[1790055287.336741] [local:3419 :1]   |                      9188..inf | multi-frag zero-copy                                       | rc_mlx5/mlx5_0:1/path0 |
[1790055287.336741] [local:3419 :1]   +--------------------------------+------------------------------------------------------------+------------------------+
[1790055287.336927] [local:3419 :1]   +--------------------------------+---------------------------------------------------------------------------+
[1790055287.336928] [local:3419 :1]   | ucp_context_0 intra-node cfg#2 | active message by ucp_am_send* with reply flag(multi) from host memory    |
[1790055287.336928] [local:3419 :1]   +--------------------------------+--------------------------------------------------+------------------------+
[1790055287.336929] [local:3419 :1]   |                         0..218 | short                                            | rc_mlx5/mlx5_0:1/path0 |
[1790055287.336930] [local:3419 :1]   |                       219..440 | copy-in                                          | rc_mlx5/mlx5_0:1/path0 |
[1790055287.336930] [local:3419 :1]   |                      441..8238 | zero-copy                                        | rc_mlx5/mlx5_0:1/path0 |
[1790055287.336931] [local:3419 :1]   |                      8239..inf | multi-frag zero-copy                             | rc_mlx5/mlx5_0:1/path0 |
[1790055287.336931] [local:3419 :1]   +--------------------------------+--------------------------------------------------+------------------------+
[1790055287.339520] [local:3419 :1]      ucp_worker.c:1984 UCX  INFO    ucp_context_0 intra-node cfg#2 rma(rc_mlx5/mlx5_0:1)  amo(rc_mlx5/mlx5_0:1)  device(cuda_ipc/cuda rc_gda/cuda0-mlx5_0:1 rc_gda/cuda0-mlx5_0:1)  am(rc_mlx5/mlx5_0:1 rc_mlx5/mlx5_0:1 cuda_ipc/cuda)  ka(ud_mlx5/mlx5_0:1)
[1790055287.339662] [local:3419 :1]   +--------------------------------+-------------------------------------------------------------+
[1790055287.339663] [local:3419 :1]   | ucp_context_0 intra-node cfg#2 | remote memory write by ucp_put* from host memory to host    |
[1790055287.339664] [local:3419 :1]   +--------------------------------+------------+------------------------------------------------+
[1790055287.339665] [local:3419 :1]   |                         0..220 | short      | rc_mlx5/mlx5_0:1/path0                         |
[1790055287.339665] [local:3419 :1]   |                      221..1193 | copy-in    | rc_mlx5/mlx5_0:1/path0                         |
[1790055287.339666] [local:3419 :1]   |                      1194..inf | zero-copy  | rc_mlx5/mlx5_0:1 50% on path0 and 50% on path1 |
[1790055287.339666] [local:3419 :1]   +--------------------------------+------------+------------------------------------------------+
[1790055287.339739] [local:3419 :1]   +--------------------------------+------------------------------------------------------------------------------+
[1790055287.339740] [local:3419 :1]   | ucp_context_0 intra-node cfg#2 | remote memory write by ucp_put*(fast-completion) from host memory to host    |
[1790055287.339740] [local:3419 :1]   +--------------------------------+-----------------------------+------------------------------------------------+
[1790055287.339749] [local:3419 :1]   |                         0..220 | short                       | rc_mlx5/mlx5_0:1/path0                         |
[1790055287.339750] [local:3419 :1]   |                      221..9292 | copy-in                     | rc_mlx5/mlx5_0:1/path0                         |
[1790055287.339751] [local:3419 :1]   |                      9293..inf | zero-copy                   | rc_mlx5/mlx5_0:1 50% on path0 and 50% on path1 |
[1790055287.339751] [local:3419 :1]   +--------------------------------+-----------------------------+------------------------------------------------+
[1790055287.339836] [local:3419 :1]   +--------------------------------+--------------------------------------------------------------------+
[1790055287.339836] [local:3419 :1]   | ucp_context_0 intra-node cfg#2 | remote memory write by ucp_put*(multi) from host memory to host    |
[1790055287.339837] [local:3419 :1]   +--------------------------------+-------------------+------------------------------------------------+
[1790055287.339838] [local:3419 :1]   |                         0..220 | short             | rc_mlx5/mlx5_0:1/path0                         |
[1790055287.339838] [local:3419 :1]   |                      221..1285 | copy-in           | rc_mlx5/mlx5_0:1/path0                         |
[1790055287.339839] [local:3419 :1]   |                      1286..inf | zero-copy         | rc_mlx5/mlx5_0:1 50% on path0 and 50% on path1 |
[1790055287.339839] [local:3419 :1]   +--------------------------------+-------------------+------------------------------------------------+
[1790055287.340120] [local:3419 :1]   +--------------------------------+--------------------------------------------------------------------+
[1790055287.340121] [local:3419 :1]   | ucp_context_0 intra-node cfg#2 | remote memory write by ucp_put* from host memory to cuda/dev[0]    |
[1790055287.340121] [local:3419 :1]   +--------------------------------+-------------------+------------------------------------------------+
[1790055287.340122] [local:3419 :1]   |                         0..220 | short             | rc_mlx5/mlx5_0:1/path0                         |
[1790055287.340122] [local:3419 :1]   |                      221..1193 | copy-in           | rc_mlx5/mlx5_0:1/path0                         |
[1790055287.340123] [local:3419 :1]   |                      1194..inf | zero-copy         | rc_mlx5/mlx5_0:1 50% on path0 and 50% on path1 |
[1790055287.340123] [local:3419 :1]   +--------------------------------+-------------------+------------------------------------------------+
[1790055287.340193] [local:3419 :1]   +--------------------------------+-------------------------------------------------------------------------------------+
[1790055287.340194] [local:3419 :1]   | ucp_context_0 intra-node cfg#2 | remote memory write by ucp_put*(fast-completion) from host memory to cuda/dev[0]    |
[1790055287.340195] [local:3419 :1]   +--------------------------------+------------------------------------+------------------------------------------------+
[1790055287.340195] [local:3419 :1]   |                         0..220 | short                              | rc_mlx5/mlx5_0:1/path0                         |
[1790055287.340196] [local:3419 :1]   |                      221..9292 | copy-in                            | rc_mlx5/mlx5_0:1/path0                         |
[1790055287.340196] [local:3419 :1]   |                      9293..inf | zero-copy                          | rc_mlx5/mlx5_0:1 50% on path0 and 50% on path1 |
[1790055287.340197] [local:3419 :1]   +--------------------------------+------------------------------------+------------------------------------------------+
[1790055287.340283] [local:3419 :1]   +--------------------------------+---------------------------------------------------------------------------+
[1790055287.340283] [local:3419 :1]   | ucp_context_0 intra-node cfg#2 | remote memory write by ucp_put*(multi) from host memory to cuda/dev[0]    |
[1790055287.340284] [local:3419 :1]   +--------------------------------+--------------------------+------------------------------------------------+
[1790055287.340289] [local:3419 :1]   |                         0..220 | short                    | rc_mlx5/mlx5_0:1/path0                         |
[1790055287.340290] [local:3419 :1]   |                      221..1285 | copy-in                  | rc_mlx5/mlx5_0:1/path0                         |
[1790055287.340290] [local:3419 :1]   |                      1286..inf | zero-copy                | rc_mlx5/mlx5_0:1 50% on path0 and 50% on path1 |
[1790055287.340291] [local:3419 :1]   +--------------------------------+--------------------------+------------------------------------------------+
[1790055287.340538] [local:3419 :1]   +--------------------------------+----------------------------------------------------+
[1790055287.340539] [local:3419 :1]   | ucp_context_0 intra-node cfg#2 | active message by ucp_am_send* from host memory    |
[1790055287.340540] [local:3419 :1]   +--------------------------------+---------------------------+------------------------+
[1790055287.340540] [local:3419 :1]   |                         0..226 | short                     | rc_mlx5/mlx5_0:1/path0 |
[1790055287.340541] [local:3419 :1]   |                       227..404 | copy-in                   | rc_mlx5/mlx5_0:1/path0 |
[1790055287.340541] [local:3419 :1]   |                      405..8246 | zero-copy                 | rc_mlx5/mlx5_0:1/path0 |
[1790055287.340542] [local:3419 :1]   |                      8247..inf | multi-frag zero-copy      | rc_mlx5/mlx5_0:1/path0 |
[1790055287.340542] [local:3419 :1]   +--------------------------------+---------------------------+------------------------+
[1790055287.340711] [local:3419 :1]   +--------------------------------+---------------------------------------------------------------------+
[1790055287.340712] [local:3419 :1]   | ucp_context_0 intra-node cfg#2 | active message by ucp_am_send*(fast-completion) from host memory    |
[1790055287.340712] [local:3419 :1]   +--------------------------------+--------------------------------------------+------------------------+
[1790055287.340713] [local:3419 :1]   |                         0..226 | short                                      | rc_mlx5/mlx5_0:1/path0 |
[1790055287.340714] [local:3419 :1]   |                      227..8246 | copy-in                                    | rc_mlx5/mlx5_0:1/path0 |
[1790055287.340714] [local:3419 :1]   |                     8247..9187 | multi-frag copy-in                         | rc_mlx5/mlx5_0:1/path0 |
[1790055287.340715] [local:3419 :1]   |                      9188..inf | multi-frag zero-copy                       | rc_mlx5/mlx5_0:1/path0 |
[1790055287.340715] [local:3419 :1]   +--------------------------------+--------------------------------------------+------------------------+
[1790055287.341252] [local:3419 :1]   +--------------------------------+-----------------------------------------------------------+
[1790055287.341253] [local:3419 :1]   | ucp_context_0 intra-node cfg#2 | active message by ucp_am_send*(multi) from host memory    |
[1790055287.341254] [local:3419 :1]   +--------------------------------+----------------------------------+------------------------+
[1790055287.341254] [local:3419 :1]   |                         0..226 | short                            | rc_mlx5/mlx5_0:1/path0 |
[1790055287.341255] [local:3419 :1]   |                       227..440 | copy-in                          | rc_mlx5/mlx5_0:1/path0 |
[1790055287.341255] [local:3419 :1]   |                      441..8246 | zero-copy                        | rc_mlx5/mlx5_0:1/path0 |
[1790055287.341256] [local:3419 :1]   |                      8247..inf | multi-frag zero-copy             | rc_mlx5/mlx5_0:1/path0 |
[1790055287.341256] [local:3419 :1]   +--------------------------------+----------------------------------+------------------------+
[1790055287.341436] [local:3419 :1]   +--------------------------------+--------------------------------------------------------------------+
[1790055287.341437] [local:3419 :1]   | ucp_context_0 intra-node cfg#2 | active message by ucp_am_send* with reply flag from host memory    |
[1790055287.341441] [local:3419 :1]   +--------------------------------+-------------------------------------------+------------------------+
[1790055287.341442] [local:3419 :1]   |                         0..218 | short                                     | rc_mlx5/mlx5_0:1/path0 |
[1790055287.341442] [local:3419 :1]   |                       219..404 | copy-in                                   | rc_mlx5/mlx5_0:1/path0 |
[1790055287.341443] [local:3419 :1]   |                      405..8238 | zero-copy                                 | rc_mlx5/mlx5_0:1/path0 |
[1790055287.341443] [local:3419 :1]   |                      8239..inf | multi-frag zero-copy                      | rc_mlx5/mlx5_0:1/path0 |
[1790055287.341444] [local:3419 :1]   +--------------------------------+-------------------------------------------+------------------------+
[1790055287.341608] [local:3419 :1]   +--------------------------------+-------------------------------------------------------------------------------------+
[1790055287.341609] [local:3419 :1]   | ucp_context_0 intra-node cfg#2 | active message by ucp_am_send* with reply flag(fast-completion) from host memory    |
[1790055287.341610] [local:3419 :1]   +--------------------------------+------------------------------------------------------------+------------------------+
[1790055287.341610] [local:3419 :1]   |                         0..218 | short                                                      | rc_mlx5/mlx5_0:1/path0 |
[1790055287.341611] [local:3419 :1]   |                      219..8238 | copy-in                                                    | rc_mlx5/mlx5_0:1/path0 |
[1790055287.341611] [local:3419 :1]   |                     8239..9187 | multi-frag copy-in                                         | rc_mlx5/mlx5_0:1/path0 |
[1790055287.341612] [local:3419 :1]   |                      9188..inf | multi-frag zero-copy                                       | rc_mlx5/mlx5_0:1/path0 |
[1790055287.341613] [local:3419 :1]   +--------------------------------+------------------------------------------------------------+------------------------+
[1790055287.341794] [local:3419 :1]   +--------------------------------+---------------------------------------------------------------------------+
[1790055287.341795] [local:3419 :1]   | ucp_context_0 intra-node cfg#2 | active message by ucp_am_send* with reply flag(multi) from host memory    |
[1790055287.341795] [local:3419 :1]   +--------------------------------+--------------------------------------------------+------------------------+
[1790055287.341796] [local:3419 :1]   |                         0..218 | short                                            | rc_mlx5/mlx5_0:1/path0 |
[1790055287.341796] [local:3419 :1]   |                       219..440 | copy-in                                          | rc_mlx5/mlx5_0:1/path0 |
[1790055287.341797] [local:3419 :1]   |                      441..8238 | zero-copy                                        | rc_mlx5/mlx5_0:1/path0 |
[1790055287.341797] [local:3419 :1]   |                      8239..inf | multi-frag zero-copy                             | rc_mlx5/mlx5_0:1/path0 |
[1790055287.341798] [local:3419 :1]   +--------------------------------+--------------------------------------------------+------------------------+
[1790055287.555229] [local:3419 :2]   +--------------------------------+--------------------------------------------------------------------------+
[1790055287.555234] [local:3419 :2]   | ucp_context_0 intra-node cfg#2 | remote memory read by ucp_get*(multi) into cuda/GPU0 from cuda/dev[0]    |
[1790055287.555235] [local:3419 :2]   +--------------------------------+-------------------------------------------------+------------------------+
[1790055287.555236] [local:3419 :2]   |                              0 | copy-out                                        | rc_mlx5/mlx5_0:1/path0 |
[1790055287.555236] [local:3419 :2]   |                         1..inf | zero-copy                                       | cuda_ipc/cuda          |
[1790055287.555263] [local:3419 :2]   +--------------------------------+-------------------------------------------------+------------------------+
[1790055287.555689] [local:3419 :3]   +--------------------------------+--------------------------------------------------------------------------+
[1790055287.555694] [local:3419 :3]   | ucp_context_0 intra-node cfg#2 | remote memory read by ucp_get*(multi) into cuda/GPU0 from cuda/dev[0]    |
[1790055287.555695] [local:3419 :3]   +--------------------------------+-------------------------------------------------+------------------------+
[1790055287.555695] [local:3419 :3]   |                              0 | copy-out                                        | rc_mlx5/mlx5_0:1/path0 |
[1790055287.555696] [local:3419 :3]   |                         1..inf | zero-copy                                       | cuda_ipc/cuda          |
[1790055287.555696] [local:3419 :3]   +--------------------------------+-------------------------------------------------+------------------------+
[1790055287.555697] [local:3419 :4]   +--------------------------------+--------------------------------------------------------------------------+
[1790055287.555704] [local:3419 :4]   | ucp_context_0 intra-node cfg#2 | remote memory read by ucp_get*(multi) into cuda/GPU0 from cuda/dev[0]    |
[1790055287.555705] [local:3419 :4]   +--------------------------------+-------------------------------------------------+------------------------+
[1790055287.555706] [local:3419 :4]   |                              0 | copy-out                                        | rc_mlx5/mlx5_0:1/path0 |
[1790055287.555706] [local:3419 :4]   |                         1..inf | zero-copy                                       | cuda_ipc/cuda          |
[1790055287.555707] [local:3419 :4]   +--------------------------------+-------------------------------------------------+------------------------+
[1790055287.555698] [local:3419 :5]   +--------------------------------+--------------------------------------------------------------------------+
[1790055287.555713] [local:3419 :5]   | ucp_context_0 intra-node cfg#2 | remote memory read by ucp_get*(multi) into cuda/GPU0 from cuda/dev[0]    |
[1790055287.555714] [local:3419 :5]   +--------------------------------+-------------------------------------------------+------------------------+
[1790055287.555715] [local:3419 :5]   |                              0 | copy-out                                        | rc_mlx5/mlx5_0:1/path0 |
[1790055287.555716] [local:3419 :5]   |                         1..inf | zero-copy                                       | cuda_ipc/cuda          |
[1790055287.555716] [local:3419 :5]   +--------------------------------+-------------------------------------------------+------------------------+
[1790055287.608263] [local:3419 :6]      ucp_worker.c:1984 UCX  INFO    ucp_context_0 intra-node cfg#3 rma(rc_mlx5/mlx5_0:1)  amo(rc_mlx5/mlx5_0:1)  device(cuda_ipc/cuda rc_gda/cuda0-mlx5_0:1 rc_gda/cuda0-mlx5_0:1)  am(rc_mlx5/mlx5_0:1 rc_mlx5/mlx5_0:1 cuda_ipc/cuda)  ka(ud_mlx5/mlx5_0:1)
[1790055287.608468] [local:3419 :6]   +--------------------------------+-------------------------------------------------------------+
[1790055287.608470] [local:3419 :6]   | ucp_context_0 intra-node cfg#3 | remote memory write by ucp_put* from host memory to host    |
[1790055287.608470] [local:3419 :6]   +--------------------------------+------------+------------------------------------------------+
[1790055287.608471] [local:3419 :6]   |                         0..220 | short      | rc_mlx5/mlx5_0:1/path0                         |
[1790055287.608471] [local:3419 :6]   |                      221..1193 | copy-in    | rc_mlx5/mlx5_0:1/path0                         |
[1790055287.608472] [local:3419 :6]   |                      1194..inf | zero-copy  | rc_mlx5/mlx5_0:1 50% on path0 and 50% on path1 |
[1790055287.608473] [local:3419 :6]   +--------------------------------+------------+------------------------------------------------+
[1790055287.608565] [local:3419 :6]   +--------------------------------+------------------------------------------------------------------------------+
[1790055287.608566] [local:3419 :6]   | ucp_context_0 intra-node cfg#3 | remote memory write by ucp_put*(fast-completion) from host memory to host    |
[1790055287.608566] [local:3419 :6]   +--------------------------------+-----------------------------+------------------------------------------------+
[1790055287.608567] [local:3419 :6]   |                         0..220 | short                       | rc_mlx5/mlx5_0:1/path0                         |
[1790055287.608568] [local:3419 :6]   |                      221..9292 | copy-in                     | rc_mlx5/mlx5_0:1/path0                         |
[1790055287.608568] [local:3419 :6]   |                      9293..inf | zero-copy                   | rc_mlx5/mlx5_0:1 50% on path0 and 50% on path1 |
[1790055287.608569] [local:3419 :6]   +--------------------------------+-----------------------------+------------------------------------------------+
[1790055287.608646] [local:3419 :6]   +--------------------------------+--------------------------------------------------------------------+
[1790055287.608647] [local:3419 :6]   | ucp_context_0 intra-node cfg#3 | remote memory write by ucp_put*(multi) from host memory to host    |
[1790055287.608647] [local:3419 :6]   +--------------------------------+-------------------+------------------------------------------------+
[1790055287.608648] [local:3419 :6]   |                         0..220 | short             | rc_mlx5/mlx5_0:1/path0                         |
[1790055287.608648] [local:3419 :6]   |                      221..1285 | copy-in           | rc_mlx5/mlx5_0:1/path0                         |
[1790055287.608649] [local:3419 :6]   |                      1286..inf | zero-copy         | rc_mlx5/mlx5_0:1 50% on path0 and 50% on path1 |
[1790055287.608650] [local:3419 :6]   +--------------------------------+-------------------+------------------------------------------------+
[1790055287.608947] [local:3419 :6]   +--------------------------------+--------------------------------------------------------------------+
[1790055287.608947] [local:3419 :6]   | ucp_context_0 intra-node cfg#3 | remote memory write by ucp_put* from host memory to cuda/dev[0]    |
[1790055287.608948] [local:3419 :6]   +--------------------------------+-------------------+------------------------------------------------+
[1790055287.608949] [local:3419 :6]   |                         0..220 | short             | rc_mlx5/mlx5_0:1/path0                         |
[1790055287.608949] [local:3419 :6]   |                      221..1193 | copy-in           | rc_mlx5/mlx5_0:1/path0                         |
[1790055287.608950] [local:3419 :6]   |                      1194..inf | zero-copy         | rc_mlx5/mlx5_0:1 50% on path0 and 50% on path1 |
[1790055287.608950] [local:3419 :6]   +--------------------------------+-------------------+------------------------------------------------+
[1790055287.609023] [local:3419 :6]   +--------------------------------+-------------------------------------------------------------------------------------+
[1790055287.609024] [local:3419 :6]   | ucp_context_0 intra-node cfg#3 | remote memory write by ucp_put*(fast-completion) from host memory to cuda/dev[0]    |
[1790055287.609024] [local:3419 :6]   +--------------------------------+------------------------------------+------------------------------------------------+
[1790055287.609025] [local:3419 :6]   |                         0..220 | short                              | rc_mlx5/mlx5_0:1/path0                         |
[1790055287.609025] [local:3419 :6]   |                      221..9292 | copy-in                            | rc_mlx5/mlx5_0:1/path0                         |
[1790055287.609026] [local:3419 :6]   |                      9293..inf | zero-copy                          | rc_mlx5/mlx5_0:1 50% on path0 and 50% on path1 |
[1790055287.609026] [local:3419 :6]   +--------------------------------+------------------------------------+------------------------------------------------+
[1790055287.609107] [local:3419 :6]   +--------------------------------+---------------------------------------------------------------------------+
[1790055287.609108] [local:3419 :6]   | ucp_context_0 intra-node cfg#3 | remote memory write by ucp_put*(multi) from host memory to cuda/dev[0]    |
[1790055287.609108] [local:3419 :6]   +--------------------------------+--------------------------+------------------------------------------------+
[1790055287.609109] [local:3419 :6]   |                         0..220 | short                    | rc_mlx5/mlx5_0:1/path0                         |
[1790055287.609109] [local:3419 :6]   |                      221..1285 | copy-in                  | rc_mlx5/mlx5_0:1/path0                         |
[1790055287.609110] [local:3419 :6]   |                      1286..inf | zero-copy                | rc_mlx5/mlx5_0:1 50% on path0 and 50% on path1 |
[1790055287.609111] [local:3419 :6]   +--------------------------------+--------------------------+------------------------------------------------+
[1790055287.609358] [local:3419 :6]   +--------------------------------+----------------------------------------------------+
[1790055287.609359] [local:3419 :6]   | ucp_context_0 intra-node cfg#3 | active message by ucp_am_send* from host memory    |
[1790055287.609359] [local:3419 :6]   +--------------------------------+---------------------------+------------------------+
[1790055287.609360] [local:3419 :6]   |                         0..226 | short                     | rc_mlx5/mlx5_0:1/path0 |
[1790055287.609360] [local:3419 :6]   |                       227..404 | copy-in                   | rc_mlx5/mlx5_0:1/path0 |
[1790055287.609361] [local:3419 :6]   |                      405..8246 | zero-copy                 | rc_mlx5/mlx5_0:1/path0 |
[1790055287.609361] [local:3419 :6]   |                      8247..inf | multi-frag zero-copy      | rc_mlx5/mlx5_0:1/path0 |
[1790055287.609362] [local:3419 :6]   +--------------------------------+---------------------------+------------------------+
[1790055287.609528] [local:3419 :6]   +--------------------------------+---------------------------------------------------------------------+
[1790055287.609529] [local:3419 :6]   | ucp_context_0 intra-node cfg#3 | active message by ucp_am_send*(fast-completion) from host memory    |
[1790055287.609529] [local:3419 :6]   +--------------------------------+--------------------------------------------+------------------------+
[1790055287.609530] [local:3419 :6]   |                         0..226 | short                                      | rc_mlx5/mlx5_0:1/path0 |
[1790055287.609530] [local:3419 :6]   |                      227..8246 | copy-in                                    | rc_mlx5/mlx5_0:1/path0 |
[1790055287.609531] [local:3419 :6]   |                     8247..9187 | multi-frag copy-in                         | rc_mlx5/mlx5_0:1/path0 |
[1790055287.609532] [local:3419 :6]   |                      9188..inf | multi-frag zero-copy                       | rc_mlx5/mlx5_0:1/path0 |
[1790055287.609532] [local:3419 :6]   +--------------------------------+--------------------------------------------+------------------------+
[1790055287.610067] [local:3419 :6]   +--------------------------------+-----------------------------------------------------------+
[1790055287.610068] [local:3419 :6]   | ucp_context_0 intra-node cfg#3 | active message by ucp_am_send*(multi) from host memory    |
[1790055287.610068] [local:3419 :6]   +--------------------------------+----------------------------------+------------------------+
[1790055287.610069] [local:3419 :6]   |                         0..226 | short                            | rc_mlx5/mlx5_0:1/path0 |
[1790055287.610069] [local:3419 :6]   |                       227..440 | copy-in                          | rc_mlx5/mlx5_0:1/path0 |
[1790055287.610070] [local:3419 :6]   |                      441..8246 | zero-copy                        | rc_mlx5/mlx5_0:1/path0 |
[1790055287.610070] [local:3419 :6]   |                      8247..inf | multi-frag zero-copy             | rc_mlx5/mlx5_0:1/path0 |
[1790055287.610075] [local:3419 :6]   +--------------------------------+----------------------------------+------------------------+
[1790055287.610235] [local:3419 :6]   +--------------------------------+--------------------------------------------------------------------+
[1790055287.610236] [local:3419 :6]   | ucp_context_0 intra-node cfg#3 | active message by ucp_am_send* with reply flag from host memory    |
[1790055287.610236] [local:3419 :6]   +--------------------------------+-------------------------------------------+------------------------+
[1790055287.610237] [local:3419 :6]   |                         0..218 | short                                     | rc_mlx5/mlx5_0:1/path0 |
[1790055287.610237] [local:3419 :6]   |                       219..404 | copy-in                                   | rc_mlx5/mlx5_0:1/path0 |
[1790055287.610238] [local:3419 :6]   |                      405..8238 | zero-copy                                 | rc_mlx5/mlx5_0:1/path0 |
[1790055287.610238] [local:3419 :6]   |                      8239..inf | multi-frag zero-copy                      | rc_mlx5/mlx5_0:1/path0 |
[1790055287.610239] [local:3419 :6]   +--------------------------------+-------------------------------------------+------------------------+
[1790055287.610413] [local:3419 :6]   +--------------------------------+-------------------------------------------------------------------------------------+
[1790055287.610414] [local:3419 :6]   | ucp_context_0 intra-node cfg#3 | active message by ucp_am_send* with reply flag(fast-completion) from host memory    |
[1790055287.610414] [local:3419 :6]   +--------------------------------+------------------------------------------------------------+------------------------+
[1790055287.610415] [local:3419 :6]   |                         0..218 | short                                                      | rc_mlx5/mlx5_0:1/path0 |
[1790055287.610415] [local:3419 :6]   |                      219..8238 | copy-in                                                    | rc_mlx5/mlx5_0:1/path0 |
[1790055287.610416] [local:3419 :6]   |                     8239..9187 | multi-frag copy-in                                         | rc_mlx5/mlx5_0:1/path0 |
[1790055287.610416] [local:3419 :6]   |                      9188..inf | multi-frag zero-copy                                       | rc_mlx5/mlx5_0:1/path0 |
[1790055287.610417] [local:3419 :6]   +--------------------------------+------------------------------------------------------------+------------------------+
[1790055287.610598] [local:3419 :6]   +--------------------------------+---------------------------------------------------------------------------+
[1790055287.610598] [local:3419 :6]   | ucp_context_0 intra-node cfg#3 | active message by ucp_am_send* with reply flag(multi) from host memory    |
[1790055287.610599] [local:3419 :6]   +--------------------------------+--------------------------------------------------+------------------------+
[1790055287.610600] [local:3419 :6]   |                         0..218 | short                                            | rc_mlx5/mlx5_0:1/path0 |
[1790055287.610600] [local:3419 :6]   |                       219..440 | copy-in                                          | rc_mlx5/mlx5_0:1/path0 |
[1790055287.610601] [local:3419 :6]   |                      441..8238 | zero-copy                                        | rc_mlx5/mlx5_0:1/path0 |
[1790055287.610601] [local:3419 :6]   |                      8239..inf | multi-frag zero-copy                             | rc_mlx5/mlx5_0:1/path0 |
[1790055287.610602] [local:3419 :6]   +--------------------------------+--------------------------------------------------+------------------------+
[1790055287.633522] [local:3419 :0]   +--------------------------------+---------------------------------------------------------+
[1790055287.633526] [local:3419 :0]   | ucp_context_0 intra-node cfg#2 | active message by ucp_am_send*(egr) from host memory   